Nr.;Jahr;Woche;Woche im Jahr;Tag;Reihe;Gebiet;Teilgebiet;Titel;Einstieg (Hook);Kernfrage;Normen;Leitentscheidung;Examen;Format;Relevanz (1–5);Breite (1–5);Klassiker;Punkte;Voraussetzung;Fundstelle im Repetitorium;Rechtsstand/Länder
1;1;1;1;Mo;Der Fall;Strafrecht;StGB AT;Raser-Fälle: Mord mit dem Auto?;Zwei Fahrer liefern sich nachts ein Rennen über einen Innenstadtboulevard und rammen bei Rot einen unbeteiligten Wagen – der Fahrer stirbt.;Kann trotz eigener Lebensgefahr bedingter Tötungsvorsatz vorliegen und ist das Auto ein gemeingefährliches Mittel?;§§ 211, 212, 315d V StGB;BGH, Urt. v. 18.6.2020 – 4 StR 482/19 (Berliner Ku’damm-Raser);1+2;Klassiker-Fall;5;5;ja;21.5;Absicht, Wissen, Eventualvorsatz: Die drei Vorsatzformen;Teil C › 61. Der Raser an der Kreuzung;"Rechtsprechungslinie einzelfallabhängig; neuere BGH-Entscheidungen zu Raser-Vorsatz vor Veröffentlichung prüfen."
2;1;1;1;Mi;Examenswissen;Zivilrecht;Grundlagen & Methodik;Trennungs- und Abstraktionsprinzip: Warum ein Kauf drei Verträge braucht;Du kaufst beim Bäcker ein Brötchen – und schließt dabei juristisch gleich drei Verträge.;Warum sind Verpflichtungs- und Verfügungsgeschäft zu trennen und weshalb lässt die Unwirksamkeit des Kaufvertrags die Übereignung grundsätzlich unberührt?;§§ 433, 929 S. 1, 812 I 1 BGB;;1+2;Schema;5;3;;17.5;Willenserklärung, Rechtsgeschäft, Realakt: Die Bausteine des BGB;19. Sachenrecht - Grundprinzipien;
3;1;1;1;Fr;Methodik;Methodik;Gutachtenstil;Gutachtenstil in 6 Minuten: Obersatz, Definition, Subsumtion;Deine erste Klausur: Hat A gegen B einen Anspruch – und wie schreibst du das auf?;Vier Schritte des Gutachtens und ihr Zusammenspiel;;;1+2;Methodik;5;3;;14.5;;1.1 Subsumtion und Gutachtenstil;
4;1;2;2;Mo;Der Fall;Öffentliches Recht;Staatsorganisationsrecht;Darf eine Ministerin gegen eine Partei posten? Die Neutralitätspflicht;Eine Bundesministerin postet vom Dienstaccount: 'Rote Karte für Partei X!';"Chancengleichheit der Parteien (Art. 21 I GG) vs. Äußerungsbefugnis der Regierung; Abgrenzung Regierungsamt / Parteipolitikerin; Sachlichkeitsgebot.";Art. 20 II, 21 I, 65 GG;"BVerfGE 148, 11 (Wanka); BVerfGE 154, 320 (Seehofer); BVerfGE 162, 207 (Merkel/Thüringen)";1;Klassiker-Fall;5;5;ja;21.0;Organstreit: Wenn Verfassungsorgane sich verklagen;Band 12 › 3. › Parteien (Neutralität staatlicher Organe);
5;1;2;2;Mi;Examenswissen;Zivilrecht;BGB AT;Angebot und Annahme: Wann ist ein Vertrag wirklich geschlossen?;Du sagst am Telefon „Deal!“ – ist das Auto jetzt verkauft?;Welche Anforderungen stellen §§ 145 ff. BGB an Angebot (essentialia negotii, Rechtsbindungswille) und Annahme und wann erlischt ein Angebot?;§§ 145–150 BGB;;1+2;Schema;5;4;;19.0;Willenserklärung, Rechtsgeschäft, Realakt: Die Bausteine des BGB;2.2 Angebot und Annahme;
6;1;2;2;Fr;Methodik;Methodik;Klausuraufbau;Wer will was von wem woraus? Der Aufbau jeder Zivilrechtsklausur;Mieter, Vermieter und Versicherung streiten – wo fängst du an?;Anspruchsaufbau und Reihenfolge der Anspruchsgrundlagen;;;1+2;Methodik;5;2;;13.0;;32. Zivilrechtliche Gesamtpruefungsreihenfolge;
7;1;3;3;Mo;Der Fall;Strafrecht;StGB AT;Der Haustyrann: Darf man den Peiniger im Schlaf töten?;Eine Frau, die jahrelang von ihrem Mann misshandelt und bedroht wurde, erschießt ihn, während er schläft.;Scheitern §§ 32, 34 StGB? War die Gefahr nach § 35 StGB „nicht anders abwendbar“ – und liegt Heimtücke vor?;§§ 32, 34, 35, 211 StGB;BGHSt 48, 255;1;Klassiker-Fall;5;5;ja;21.5;Notwehr § 32: Das Prüfungsschema + Rechtfertigender Notstand § 34: Einbruch in die Berghütte;"7. Schuld; Band 13 › 5. › § 35";
8;1;3;3;Mi;Examenswissen;Öffentliches Recht;Grundrechte;Grundrechtsprüfung: Schutzbereich, Eingriff, Rechtfertigung;Die Stadt verbietet Skateboarden in der Fußgängerzone – so prüfst du, ob das dein Grundrecht verletzt.;"Dreischritt der Freiheitsrechte, Schranke, Schranken-Schranken; typische Aufbaufehler.";Art. 1 III, 2 I, 19 I, II GG;;1;Schema;5;3;;17.5;;"Band 2 › 20. Grundrechte - allgemeine Lehren; 32.2 Freiheitsgrundrecht - Standardschema";
9;1;3;3;Fr;Methodik;Methodik;Klausuraufbau;Strafrechtsklausur aufbauen: Tatkomplexe, Beteiligte, Reihenfolge;Vier Beteiligte, drei Tatorte – wen prüfst du zuerst?;Aufbauregeln im Strafrechtsgutachten;;;1+2;Methodik;5;2;;13.0;;1. Grundlagen und Aufbau der Straftat;
10;1;4;4;Mo;Der Fall;Zivilrecht;Schuldrecht AT;Culpa in contrahendo: Haftung, bevor der Vertrag überhaupt steht;Du rutschst im Möbelhaus auf einem Putzwassersee aus – gekauft hast du noch nichts.;Wann entsteht ein vorvertragliches Schuldverhältnis nach § 311 II BGB und welche Fallgruppen der c.i.c. gibt es?;§§ 280 I, 311 II, 241 II BGB;RGZ 78, 239 (Linoleumrolle);1+2;Klassiker-Fall;5;5;ja;21.0;Leistungspflicht vs. Schutzpflicht: § 241 I und II BGB erklärt;34.7 Culpa in contrahendo;
11;1;4;4;Mi;Examenswissen;Strafrecht;StGB AT;Straftat prüfen in 3 Schritten: Tatbestand, Rechtswidrigkeit, Schuld;Eine Joggerin stößt im Park einen Radfahrer vom Weg, der sie gerade anfahren will – wir zerlegen den Fall Schritt für Schritt.;Wie ist das vorsätzliche vollendete Begehungsdelikt aufgebaut und warum trennt man Tatbestand, Rechtswidrigkeit und Schuld?;§§ 15, 16, 32, 20 StGB;;1+2;Schema;5;3;;18.0;;"28.2 Aufbau des vorsätzlichen vollendeten Begehungsdelikts; Band 13 › 1. Deliktsaufbau › Aufbau";
12;1;4;4;Fr;2. Examen;2. Examen;ZPO;Relationstechnik: Mit 3 Stationen durch jede Zivilakte;Vor dir liegen 40 Seiten Schriftsätze zu einem Werklohnstreit, und du weißt nicht, wo du anfangen sollst.;Wie trennen Kläger-, Beklagten- und Beweisstation Rechts- und Tatsachenfragen, und warum erscheint die Relation im Urteil nicht als Überschrift?;§§ 138, 286 ZPO;—;2;Schema;5;2;ja;18.0;Anspruchsaufbau aus dem 1. Examen;"Band 4 – 2. Relationstechnik; Band 14 – 1. Aktenbearbeitung, Aufgabenanalyse und Relationstechnik";stabil
13;1;5;5;Mo;Der Fall;Öffentliches Recht;Grundrechte;Menschenwürde: Darf der Staat ein entführtes Flugzeug abschießen?;Terroristen steuern ein Passagierflugzeug auf ein volles Stadion zu – die Ministerin erwägt den Abschuss.;"Objektformel, Unabwägbarkeit der Würde, Schutzpflicht vs. Abwehrrecht; Nichtigkeit von § 14 III LuftSiG.";"Art. 1 I, 2 II 1, 87a GG; § 14 III LuftSiG";BVerfGE 115, 118 (Luftsicherheitsgesetz);1;Klassiker-Fall;5;5;ja;21.0;Grundrechtsprüfung: Schutzbereich, Eingriff, Rechtfertigung;"Band 2 › 21.1 Menschenwuerde; 32.3 Menschenwuerde, Art. 1 I GG";
14;1;5;5;Mi;Examenswissen;Zivilrecht;BGB AT;Zugang unter Abwesenden: Wann ist der Brief „angekommen“?;Die Kündigung liegt an Silvester um 23 Uhr im Briefkasten – ist sie noch rechtzeitig zugegangen?;Wann geht eine Willenserklärung unter Abwesenden nach § 130 I BGB zu (Machtbereich und Möglichkeit der Kenntnisnahme)?;§ 130 I BGB;;1+2;Schema;5;5;;20.5;Angebot und Annahme: Wann ist ein Vertrag wirklich geschlossen?;2.4 Wirksamwerden und Zugang;
15;1;5;5;Fr;Klausurpraxis;Strafrecht;StGB AT;Absicht, Wissen, Eventualvorsatz: Die drei Vorsatzformen;Ein Betrüger sprengt sein versichertes Schiff, um die Versicherungssumme zu kassieren, und weiß sicher, dass die Besatzung dabei stirbt.;Wie unterscheiden sich dolus directus 1. und 2. Grades und Eventualvorsatz – und warum reicht sicheres Wissen trotz fehlenden Wunsches?;§§ 15, 16 StGB;Thomas-Fall (Bremerhaven 1875);1+2;Schema;5;3;ja;20.0;Straftat prüfen in 3 Schritten: Tatbestand, Rechtswidrigkeit, Schuld;"28.5 Vorsatz; Band 13 › 3. › Vorsatzformen";
16;1;6;6;Mo;Der Fall;Öffentliches Recht;Grundrechte;Volkszählungsurteil: Die Geburtsstunde des Datenschutzes;Der Staat will per Fragebogen wissen, wo du arbeitest, wie du wohnst und mit wem.;"Recht auf informationelle Selbstbestimmung; Zweckbindung, Normenklarheit, Verfahrenssicherungen.";Art. 2 I i.V.m. 1 I GG;BVerfGE 65, 1 (Volkszählung);1;Klassiker-Fall;5;5;ja;21.0;Persönlichkeitsrecht: Die Sphärentheorie einfach erklärt;"Band 2 › 32.4; Band 12 › 9. › Allgemeines Persönlichkeitsrecht";
17;1;6;6;Mi;Examenswissen;Zivilrecht;BGB AT;Minderjährige im Vertragsrecht: Das Grundschema §§ 104 ff. BGB;Ein 15-Jähriger kauft ohne Wissen seiner Eltern ein Handy für 600 Euro.;Welche Geschäfte können beschränkt Geschäftsfähige allein schließen und was bedeutet schwebende Unwirksamkeit nach § 108 BGB?;§§ 104–108, 131 BGB;;1;Schema;5;5;;20.5;Angebot und Annahme: Wann ist ein Vertrag wirklich geschlossen?;3.1 Geschaeftsunfaehigkeit und beschraenkte Geschaeftsfaehigkeit;
18;1;6;6;Fr;2. Examen;2. Examen;ZV;Titel, Klausel, Zustellung: Das Grundschema der Zwangsvollstreckung;Die Gläubigerin hält ein rechtskräftiges Urteil in der Hand und wundert sich, warum der Gerichtsvollzieher noch nicht loslegt.;Welche allgemeinen und besonderen Vollstreckungsvoraussetzungen müssen vorliegen, und welches Organ ist für welche Vollstreckungsart zuständig?;§§ 704, 724, 750, 753, 764, 794 ZPO;—;2;Schema;5;4;;19.0;;"Band 4 – 24. Zwangsvollstreckung - allgemeine Voraussetzungen; 45.1 Allgemeine Vollstreckungsvoraussetzungen";stabil
19;1;7;7;Mo;Der Fall;Strafrecht;StGB BT;Sitzblockaden und Klimakleber: Nötigung durch die zweite Reihe;"Aktivisten kleben sich an einer Kreuzung auf die Fahrbahn; der erste Autofahrer hält an, dahinter stauen sich Hunderte.";Ist psychisch vermittelte Blockade Gewalt (Zweite-Reihe-Rechtsprechung) und wann ist sie verwerflich trotz Art. 8 GG?;"§ 240 StGB; Art. 8 GG";"BVerfGE 92, 1; BGHSt 41, 182; BVerfGE 104, 92";1+2;Klassiker-Fall;5;5;ja;21.5;Nötigung § 240: Das Prüfungsschema mit Verwerflichkeit;Teil C › 62. Die Sitzblockade - Nötigung und Verwerflichkeit;"Instanzrechtsprechung zu Klimaprotesten (2022–2024) uneinheitlich; aktuelle OLG-/BGH-Linie prüfen."
20;1;7;7;Mi;Examenswissen;Öffentliches Recht;Grundrechte;Verhältnismäßigkeit: Der wichtigste Prüfungspunkt im Öffentlichen Recht;Um Graffiti zu stoppen, verbietet eine Stadt den Verkauf aller Spraydosen.;Legitimer Zweck, Geeignetheit, Erforderlichkeit, Angemessenheit – mit typischen Argumentationsmustern.;Art. 20 III GG;;1+2;Schema;5;4;;19.0;Grundrechtsprüfung: Schutzbereich, Eingriff, Rechtfertigung;"Band 12 › 18. › Verhältnismäßigkeit; 8. › Schranken und Schranken-Schranken";
21;1;7;7;Fr;Klausurpraxis;Zivilrecht;Schuldrecht AT;Leistungspflicht vs. Schutzpflicht: § 241 I und II BGB erklärt;Der Maler streicht die Wand perfekt – und zertritt dabei deine Designervase.;Wie unterscheiden sich Leistungs- und Rücksichtnahmepflichten und welche Anspruchsgrundlagen folgen aus ihrer Verletzung?;§§ 241 I, II, 280 I, 282, 324 BGB;;1;Abgrenzung;4;3;;12.5;Wer will was von wem woraus? Die Zivilrechtsklausur in 6 Minuten;7.1 Schuldverhaeltnis, Pflichten und Schutzbereich;
22;1;8;8;Mo;Der Fall;Strafrecht;StGB BT;Tanken ohne zu zahlen: Diebstahl oder Betrug?;Ein Autofahrer tankt an einer bedienten Selbstbedienungstankstelle voll und fährt ohne zu zahlen davon.;Wann geht das Eigentum am Benzin über, wann liegt (versuchter) Betrug gegenüber dem Kassierer vor und wann nur § 246?;§§ 242, 246, 263, 22 StGB;BGH NJW 2012, 1092;1+2;Klassiker-Fall;5;5;ja;21.5;Diebstahl § 242: Das Prüfungsschema + Betrug § 263: Das Prüfungsschema;"16.1 Diebstahl § 242 StGB (Tanken ohne Zahlen); Band 13 › 15. › Besondere Fallgruppen";
23;1;8;8;Mi;Examenswissen;Zivilrecht;BGB AT;Anfechtung in fünf Schritten: Das Prüfungsschema §§ 119 ff. BGB;Du hast dich vertippt und 100 statt 10 Stück bestellt – kommst du da wieder raus?;Wie wird eine Anfechtung geprüft (Erklärung, Grund, Gegner, Frist, Ausschluss) und was bewirkt § 142 I BGB?;§§ 119–124, 142–144 BGB;;1+2;Schema;5;4;;19.0;Angebot und Annahme: Wann ist ein Vertrag wirklich geschlossen?;33.6 Anfechtung, §§ 119 ff., 142 BGB;
24;1;8;8;Fr;2. Examen;2. Examen;ZPO;Schlüssigkeit prüfen: Der Test, den jede Klage bestehen muss;Die Klägerin verlangt Schadensersatz, schreibt aber nur, der Beklagte habe „grob pflichtwidrig“ gehandelt.;Trägt der Tatsachenvortrag des Klägers – als wahr unterstellt – die begehrte Rechtsfolge, und was gilt für bloße Rechtsbehauptungen und gerichtliche Hinweise nach § 139 ZPO?;§§ 253 II Nr. 2, 139 ZPO;BGH st. Rspr. (Schlüssigkeitsformel: Tatsachen, die das Recht als entstanden erscheinen lassen);2;Schema;5;2;;16.0;Relationstechnik: Mit 3 Stationen durch jede Zivilakte;"Band 4 – 2.2 Klaegerstation - Schluessigkeit; 29.2 Relationstechnik";stabil
25;1;9;9;Mo;Der Fall;Öffentliches Recht;Grundrechte;Meinung oder Tatsache? Warum die Auschwitzlüge nicht geschützt ist;Ein Redner behauptet auf einer Veranstaltung, ein historisch belegtes Verbrechen habe nie stattgefunden.;Schutzbereich des Art. 5 I GG: Werturteil vs. Tatsachenbehauptung, erwiesen unwahre Tatsachen, Mischäußerungen.;"Art. 5 I, II GG; § 130 III StGB";BVerfGE 90, 241 (Auschwitzlüge);1;Klassiker-Fall;5;5;ja;21.0;Grundrechtsprüfung: Schutzbereich, Eingriff, Rechtfertigung;"Band 2 › 21.5; 32.8 Meinungs-, Informations-, Presse-, Rundfunk- und Filmfreiheit";
26;1;9;9;Mi;Examenswissen;Strafrecht;StGB AT;Notwehr § 32: Das Prüfungsschema;"Im Club packt ein Fremder eine Frau am Hals; sie wehrt sich mit einem Glas, das zerbricht und ihn verletzt.";Notwehrlage, Erforderlichkeit, Gebotenheit, Verteidigungswille – wie prüft man § 32 StGB sauber?;§ 32 StGB;;1+2;Schema;5;5;;21.0;Straftat prüfen in 3 Schritten: Tatbestand, Rechtswidrigkeit, Schuld;"5.1 Notwehr § 32 StGB; Band 13 › 4. › Notwehr § 32";
27;1;9;9;Fr;Klausurpraxis;Zivilrecht;Sachenrecht;Besitz ist nicht Eigentum: Der Unterschied, den fast alle verwechseln;Dein Mitbewohner hat dein Fahrrad im Keller – er besitzt es, aber es gehört dir.;Welche Besitzformen gibt es (unmittelbar, mittelbar, Besitzdiener, Eigen- und Fremdbesitz) und warum ist die Unterscheidung klausurentscheidend?;§§ 854–872 BGB;;1+2;Abgrenzung;5;4;;16.0;Die fünf Grundprinzipien des Sachenrechts;Band 11 – 27. Besitz und Besitzschutz §§ 854 ff. BGB – Besitzformen;
28;1;10;10;Mo;Der Fall;Öffentliches Recht;Grundrechte;Brokdorf: Warum eine Demo fast nie verboten werden darf;Gegen ein neues Kohlekraftwerk wollen 50.000 Menschen demonstrieren, im Netz kursieren Gewaltaufrufe.;Versammlungsfreundliche Verfahrensgestaltung, Kooperation, Verbot als ultima ratio, Unfriedlichkeit Einzelner, Gefahrenprognose.;"Art. 8 GG; § 15 VersG bzw. Landesversammlungsgesetze";BVerfGE 69, 315 (Brokdorf);1;Klassiker-Fall;5;5;ja;21.0;Ist die Love Parade eine Demo? Der Versammlungsbegriff;Teil B › 32. Die Großdemonstration - Versammlungsfreiheit (Brokdorf-Muster);Länder: eigene Versammlungsgesetze (u. a. BY, NI, SN, ST, SH, BE, NRW, HE) bzw. fortgeltendes VersG – Zuschnitt: Art. 8 GG + Normtabelle
29;1;10;10;Mi;Examenswissen;Strafrecht;StGB BT;Körperverletzung § 223: Ohrfeige, Haare ab, Spucke;Eine Frau schneidet ihrer schlafenden Mitbewohnerin heimlich die langen Haare ab.;Was sind körperliche Misshandlung und Gesundheitsschädigung – und wann reichen psychische Folgen?;§ 223 StGB;;1+2;Schema;5;5;;21.0;Straftat prüfen in 3 Schritten: Tatbestand, Rechtswidrigkeit, Schuld;"35.1 Koerperverletzung, § 223 StGB; Band 13 › 11. › § 223";
30;1;10;10;Fr;2. Examen;2. Examen;StPO-Praxis;Anklageklausur: Das Gesamtschema vom Gutachten bis zur Verfügung;Die Ermittlungsakte gegen drei Beschuldigte wegen einer Einbruchsserie liegt vor dir, verlangt ist die Abschlussverfügung.;Wie gliedert man materielles Gutachten, prozessuales Gutachten und praktischen Teil, und welche Abschlussentscheidung trifft man für jede prozessuale Tat?;§§ 170, 200, 264 StPO;—;2;Schema;5;2;;16.0;;"Band 6 – 62. Anklageklausur - kompaktes Gesamtschema; 1.1 Staatsanwaltschaftsklausur; Band 14 – 11.";stabil
31;1;11;11;Mo;Der Fall;Zivilrecht;Schuldrecht AT;Vertrag mit Schutzwirkung für Dritte: Das Kind und das Gemüseblatt;Ein Kind begleitet seine Mutter in den Supermarkt und rutscht auf einem Gemüseblatt aus.;Unter welchen Voraussetzungen (Leistungsnähe, Einbeziehungsinteresse, Erkennbarkeit, Schutzbedürftigkeit) hat ein Dritter eigene vertragliche Ansprüche?;§§ 280 I, 311 II, III, 241 II, 328 analog BGB;BGHZ 66, 51 (Gemüseblatt);1+2;Klassiker-Fall;5;5;ja;21.0;Culpa in contrahendo: Haftung, bevor der Vertrag überhaupt steht;3.13 Vertrag mit Schutzwirkung für Dritte und Drittschadensliquidation;
32;1;11;11;Mi;Examenswissen;Öffentliches Recht;Verfassungsprozessrecht;Verfassungsbeschwerde: Das Prüfungsschema in sechs Minuten;Ein neues Gesetz verbietet dein Hobby – wie kommst du nach Karlsruhe?;Zulässigkeit (Beschwerdefähigkeit, -gegenstand, -befugnis, Rechtswegerschöpfung/Subsidiarität, Form, Frist) und Begründetheit.;"Art. 94 I Nr. 4a GG (laut Quelle; vormals Art. 93 I Nr. 4a); §§ 13 Nr. 8a, 90 ff. BVerfGG";;1+2;Schema;5;3;;17.5;Grundrechtsprüfung: Schutzbereich, Eingriff, Rechtfertigung;"Band 2 › 19.4 Verfassungsbeschwerde; 33. Verfassungsbeschwerde - Komplettschema; Einzelprobleme 10.13";Mittel: BVerfG-Zuständigkeiten nach GG-Änderung (in Kraft 28.12.2024) laut Quelle in Art. 94 GG – Zitierweise vor Produktion am amtlichen GG-Text verifizieren
33;1;11;11;Fr;Klausurpraxis;Strafrecht;StGB BT;Diebstahl § 242: Das Prüfungsschema;Ein Student nimmt in der Bibliothek ein fremdes Ladekabel vom Nachbartisch mit nach Hause.;Fremde bewegliche Sache, Wegnahme, Vorsatz, Zueignungsabsicht – wie prüft man § 242 StGB?;§ 242 StGB;;1+2;Schema;5;5;;21.0;Straftat prüfen in 3 Schritten: Tatbestand, Rechtswidrigkeit, Schuld;"16.1 Diebstahl § 242 StGB; 33.2; Band 13 › 13. › § 242";
34;1;12;12;Mo;Der Fall;Zivilrecht;Bereicherungsrecht;Schwarzarbeit: Kein Werklohn, keine Gewährleistung, nichts zurück;Der Handwerker saniert die Terrasse „ohne Rechnung“ – danach zahlt der Kunde einfach nicht.;Welche Ansprüche bestehen bei beiderseits bewusster Schwarzarbeit (Werklohn, Wertersatz, Mängelrechte, Rückzahlung)?;"§§ 134, 812, 817 S. 2 BGB; § 1 II Nr. 2 SchwarzArbG";"BGHZ 198, 141; BGHZ 201, 1; BGHZ 206, 69";1+2;Klassiker-Fall;5;5;ja;21.0;Doktorarbeit gekauft, nichts geliefert: Kein Geld zurück? (§ 817 S. 2);Teil A – 13. Die Schwarzarbeit - Werklohn und Bereicherung;
35;1;12;12;Mi;Examenswissen;Strafrecht;StGB AT;Einwilligung: Wann ist eine Körperverletzung erlaubt?;Ein Tätowierer sticht einer 17-Jährigen ein großes Motiv auf den Unterarm – mit ihrer Zustimmung, aber ohne die der Eltern.;Welche Voraussetzungen hat die rechtfertigende Einwilligung, insbesondere Einwilligungsfähigkeit und Willensmängel?;§§ 223, 228 StGB;;1+2;Schema;5;5;;21.0;Straftat prüfen in 3 Schritten: Tatbestand, Rechtswidrigkeit, Schuld;"5.3 Einwilligung und mutmassliche Einwilligung; Band 13 › 4. › Einwilligung";
36;1;12;12;Fr;Klausurpraxis;Öffentliches Recht;Verwaltungsrecht AT;Was ist ein Verwaltungsakt? § 35 VwVfG in sechs Minuten;Ein Brief vom Amt, eine Durchsage der Polizei, ein Verkehrsschild – was davon ist ein Verwaltungsakt?;Die Merkmale des § 35 S. 1 VwVfG und warum die Einordnung Klageart, Frist und Vollstreckung bestimmt.;§ 35 VwVfG;;1;Schema;5;3;;17.5;;"Band 2 › 10.1 Tatbestandsmerkmale; 26.1 Tatbestandsmerkmale des § 35 VwVfG";
37;1;13;13;Mo;Der Fall;Zivilrecht;Arbeitsrecht;Firmenwagen geschrottet: Muss der Arbeitnehmer zahlen?;Du fährst mit dem Firmenwagen auf dem Weg zum Kunden auf einen Lkw auf.;Wie haftet der Arbeitnehmer nach den Grundsätzen des innerbetrieblichen Schadensausgleichs je nach Verschuldensgrad und was gilt bei Personenschäden von Kollegen (§ 105 SGB VII)?;§§ 280 I, 619a, 254 BGB analog;BAG GS, Beschl. v. 27.9.1994 – GS 1/89 (A);1+2;Klassiker-Fall;5;5;ja;21.0;Vorsatz, Fahrlässigkeit, Garantie: Was muss der Schuldner vertreten?;7.2 Innerbetrieblicher Schadensausgleich;
38;1;13;13;Mi;Examenswissen;Strafrecht;StGB BT;Betrug § 263: Das Prüfungsschema;Ein Mann verkauft online ein angeblich neues Smartphone und verschickt ein Gerät mit gesprungenem Display.;Täuschung, Irrtum, Vermögensverfügung, Schaden, Bereicherungsabsicht – wie prüft man § 263 StGB?;§ 263 StGB;;1+2;Schema;5;5;;21.0;Straftat prüfen in 3 Schritten: Tatbestand, Rechtswidrigkeit, Schuld;"17.1 Betrug § 263 StGB; 33.7; Band 13 › 15.";
39;1;13;13;Fr;2. Examen;2. Examen;ZPO;Versäumnisurteil: Wann der Richter trotzdem prüfen muss;Der Beklagte erscheint nicht zum Termin, doch die Klage stützt sich auf einen nur mündlich geschlossenen Grundstückskauf.;Welche Voraussetzungen hat das VU gegen den Beklagten, was bedeutet die Geständnisfiktion, wann ergeht ein unechtes VU, und was gilt bei Säumnis des Klägers?;§§ 330, 331, 335 ZPO;—;2;Schema;5;4;ja;21.0;Schlüssigkeit prüfen: Der Test, den jede Klage bestehen muss;"Band 4 – 34.1 VU gegen den Beklagten, § 331 ZPO; 34.2 VU gegen den Klaeger, § 330 ZPO";stabil
40;1;14;14;Mo;Der Fall;Zivilrecht;Erbrecht;Berliner Testament: Die Falle nach dem ersten Todesfall;Nach dem Tod ihres Mannes will die Witwe den Sohn statt der Tochter als Schlusserben einsetzen.;Wann sind Verfügungen im gemeinschaftlichen Testament wechselbezüglich (§ 2270 BGB) und welche Bindung entsteht nach dem ersten Erbfall (§ 2271 BGB)?;§§ 2265, 2269–2271 BGB;;1+2;Klassiker-Fall;5;5;ja;21.0;Am Computer getippt, unterschrieben: Ist das Testament gültig?;7.8 Gemeinschaftliches Testament und Berliner Testament;
41;1;14;14;Mi;Examenswissen;Öffentliches Recht;Verwaltungsprozessrecht;Welche Klage passt? Die Klagearten der VwGO im Überblick;Bescheid aufheben, Genehmigung erzwingen, Äußerung stoppen, Rechtslage klären – vier Ziele, vier Klagen.;Auslegung des Begehrens (§ 88 VwGO): Anfechtung, Verpflichtung, allgemeine Leistung, Feststellung, Fortsetzungsfeststellung, Normenkontrolle.;§§ 42, 43, 47, 88, 113 VwGO;;1+2;Schema;5;3;;17.5;Was ist ein Verwaltungsakt? § 35 VwVfG in sechs Minuten;Band 2 › 25.2 Statthafte Klageart;
42;1;14;14;Fr;Klausurpraxis;Strafrecht;StGB AT;Tatbestandsirrtum § 16: Der Jäger und der Pilzsammler;Ein Jäger schießt in der Dämmerung auf ein vermeintliches Wildschwein – im Unterholz stand ein Pilzsammler.;Wann schließt ein Irrtum über Tatumstände den Vorsatz aus und was bleibt an Fahrlässigkeitsstrafbarkeit?;§§ 16 I, 222, 229 StGB;;1+2;Schema;5;4;;19.5;Absicht, Wissen, Eventualvorsatz: Die drei Vorsatzformen;"28.6 Tatbestandsirrtum und Irrtum ueber den Kausalverlauf; Band 13 › 3. › Tatbestandsirrtum";
43;1;15;15;Mo;Der Fall;Zivilrecht;BGB AT;Trierer Weinversteigerung: Wer winkt, der kauft?;Du winkst bei einer Auktion einem Freund zu – und hast plötzlich ein teures Fass Wein ersteigert.;Liegt ohne aktuelles Erklärungsbewusstsein eine Willenserklärung vor (potentielles Erklärungsbewusstsein) und wie helfen § 119 I analog und § 122 BGB?;§§ 119 I analog, 121, 122, 133, 157 BGB;BGHZ 91, 324 (Erklärungsbewusstsein);1;Klassiker-Fall;5;4;ja;19.5;Willenserklärung, Rechtsgeschäft, Realakt: Die Bausteine des BGB;2.4 Erklärungsbewusstsein und Trierer Weinversteigerung;
44;1;15;15;Mi;Examenswissen;Öffentliches Recht;Verwaltungsprozessrecht;Anfechtungsklage: Das komplette Prüfungsschema;Die Stadt untersagt dir per Bescheid den Betrieb deines Foodtrucks.;Zulässigkeit (Rechtsweg bis Rechtsschutzbedürfnis) und Begründetheit nach § 113 I 1 VwGO.;§§ 40, 42, 68, 74, 78, 113 I VwGO;;1+2;Schema;5;3;;17.5;Welche Klage passt? Die Klagearten der VwGO im Überblick;"Band 2 › 3. Anfechtungsklage; 25.3 Anfechtungsklage, § 42 I Alt. 1 VwGO";Länder: Vorverfahren und § 78 I Nr. 2 VwGO je Land – Musterfall mit Länderhinweis
45;1;15;15;Fr;Methodik;Methodik;Klausurtechnik;Lösungsskizze und Zeitplan für die 5-Stunden-Klausur;Nach drei Stunden bist du erst bei der Hälfte – wie verhinderst du das?;Skizze, Zeitbudget, Schwerpunkte;;;1+2;Methodik;5;2;;13.0;;36.4 Lernplan und Klausurbearbeitung;
46;1;16;16;Mo;Der Fall;Zivilrecht;BGB AT;Schwarzgeld beim Hauskauf: Welcher Preis gilt beim Scheingeschäft?;Im Notarvertrag stehen 300.000 Euro, vereinbart sind 350.000 – 50.000 fließen bar unter der Hand.;Ist der beurkundete Vertrag als Scheingeschäft nichtig, das verdeckte Geschäft formnichtig – und wann heilt die Eintragung?;§§ 117, 125, 311b I BGB;;1;Klassiker-Fall;5;4;ja;19.5;Notar, Unterschrift oder Textform? Die Formvorschriften des BGB;3.2 Scheingeschaeft, Scherzgeschaeft und Mentalreservation;
47;1;16;16;Mi;Examenswissen;Strafrecht;StGB AT;Unechtes Unterlassen § 13: Strafbar durch Nichtstun;Ein Vater sieht vom Liegestuhl aus, wie sein Kleinkind in den Gartenteich fällt, und bleibt sitzen.;Wie prüft man das unechte Unterlassungsdelikt: Handlungsmöglichkeit, Quasi-Kausalität, Garantenstellung, Entsprechung?;§§ 13, 212, 222 StGB;;1+2;Schema;5;5;;21.0;Straftat prüfen in 3 Schritten: Tatbestand, Rechtswidrigkeit, Schuld;"29.1 Unechtes Unterlassungsdelikt, § 13 StGB; Band 13 › 7.";
48;1;16;16;Fr;2. Examen;2. Examen;ZV;766, 767, 771, 805: Welcher Rechtsbehelf in der Vollstreckung?;Beim Schuldner wird ein Fernseher gepfändet, der der Schwester gehört – und die titulierte Schuld hat er längst bezahlt.;Nach welcher Leitfrage – Art und Weise, titulierter Anspruch oder Recht am Gegenstand – bestimmt man den statthaften Rechtsbehelf?;§§ 766, 767, 768, 771, 793, 805 ZPO;—;2;Schema;5;4;ja;21.0;Titel, Klausel, Zustellung: Das Grundschema der Zwangsvollstreckung;"Band 14 – 6. Zwangsvollstreckungsklausur – Vollstreckungsorgan, Rechtsbehelf und Tenor; Band 4 – 48. Assessorklausur-Endkontrolle";stabil
49;1;17;17;Mo;Der Fall;Öffentliches Recht;Verwaltungsprozessrecht;Eilrechtsschutz nach § 80 V VwGO: Das Grundschema;Das Gesundheitsamt verbietet deinem Imbiss wegen Hygienemängeln 'sofort vollziehbar' den Betrieb.;Aufschiebende Wirkung (§ 80 I), Entfall (§ 80 II), Antrag nach § 80 V, Interessenabwägung anhand der Erfolgsaussichten.;§ 80 I, II, V VwGO;;1+2;Klassiker-Fall;5;4;ja;19.5;Anfechtungsklage: Das komplette Prüfungsschema;"Teil B › 38. Das versiegelte Lokal - § 80 V VwGO; Band 2 › 8.1 § 80 V VwGO; 25.9";
50;1;17;17;Mi;Examenswissen;Zivilrecht;BGB AT;Stellvertretung in drei Schritten: Wann bindet der Vertreter den Chef?;Die Praktikantin bestellt im Namen der Firma 50 Bürostühle.;Unter welchen Voraussetzungen (eigene Willenserklärung, Offenkundigkeit, Vertretungsmacht) wirkt eine Erklärung nach § 164 I BGB für den Vertretenen?;§§ 164–166 BGB;;1+2;Schema;5;4;;19.0;Angebot und Annahme: Wann ist ein Vertrag wirklich geschlossen?;6.1 Grundschema des § 164 I BGB;
51;1;17;17;Fr;Klausurpraxis;Strafrecht;StGB BT;Mord oder Totschlag? Die Mordmerkmale im Überblick;Zwei Menschen sterben durch den gleichen Stich – einmal aus spontaner Wut, einmal wegen einer Erbschaft.;Wie ist § 211 StGB aufgebaut (drei Gruppen, tat- und täterbezogene Merkmale) und wie prüft man ihn in der Klausur?;§§ 211, 212 StGB;;1+2;Schema;5;5;;21.0;Absicht, Wissen, Eventualvorsatz: Die drei Vorsatzformen;"14.1 Totschlag und Mord; Band 13 › 10. › §§ 212, 211";
52;1;18;18;Mo;Der Fall;Öffentliches Recht;Verwaltungsrecht AT;Fördergeld zurück? Die Rücknahme nach § 48 VwVfG;Eine Café-Betreiberin erhält 20.000 Euro Förderung – zwei Jahre später fordert das Land alles zurück, weil falsch berechnet wurde.;Rücknahme begünstigender Geldleistungs-VA: Vertrauensschutz (Verbrauch, Vermögensdisposition, Ausschlussgründe), Ermessen, Erstattung nach § 49a.;§§ 48, 49a VwVfG;;1;Klassiker-Fall;5;5;ja;21.0;Rechtswidrig, aber wirksam: Warum auch falsche Bescheide gelten;"Teil B › 40. Die fehlerhafte Rücknahme einer Subvention; Band 2 › 13.; 26.7";Mittel: reale Corona-Hilfe-Rückforderungen oft über Schlussbescheide gelöst – Fall klar als § 48-Konstellation zuschneiden
53;1;18;18;Mi;Examenswissen;Zivilrecht;Arbeitsrecht;Kündigung per WhatsApp: Ist das wirksam?;Der Chef schickt dir ein Foto des unterschriebenen Kündigungsschreibens per WhatsApp.;Welche Form verlangt § 623 BGB, wann geht die Kündigung zu und wann kann sie nach § 174 BGB zurückgewiesen werden?;§§ 126, 130, 174, 623 BGB;;1+2;Klausurfehler;4;5;;15.5;Zugang unter Abwesenden: Wann ist der Brief „angekommen“?;Band 11 – 40. Arbeitsrecht – Kündigung;
54;1;18;18;Fr;2. Examen;2. Examen;VwGO-Praxis;Nachbar gegen Baugenehmigung: Eilrechtsschutz nach §§ 80a, 80 V;Nebenan wächst der Rohbau eines vierstöckigen Hauses, das der Nachbarin fast das gesamte Tageslicht nimmt.;Warum hat der Nachbarwiderspruch keine aufschiebende Wirkung, wie ist die dreipolige Abwägung aufgebaut, und warum ist der Bauherr beizuladen?;"§§ 65 II, 80 V, 80a III VwGO; § 212a I BauGB";—;2;Schema;5;4;ja;21.0;Eilrechtsschutz nach § 80 V VwGO: Das Grundschema;"Band 5 – 12.7 § 80a VwGO; 28. Baurecht im Assessorexamen; Band 14 – 8. (§ 80a)";stabil
55;1;19;19;Mo;Der Fall;Strafrecht;StGB BT;Ladendiebstahl: Wann ist die Ware „weg“?;Eine Kundin steckt im Supermarkt einen Lippenstift in ihre Jackentasche – ein Detektiv beobachtet alles.;Warum ist der Diebstahl mit dem Einstecken (Gewahrsamsenklave) vollendet, obwohl die Kundin beobachtet wird?;§ 242 StGB;BGHSt 16, 271;1+2;Alltagsfall;5;5;ja;21.0;Diebstahl § 242: Das Prüfungsschema;16.1 Diebstahl § 242 StGB (Gewahrsamsenklaven);
56;1;19;19;Mi;Examenswissen;Zivilrecht;Schuldrecht AT;Das System der §§ 280 ff. BGB: Welcher Schadensersatz wann?;Die Waschmaschine kommt zu spät, ist kaputt und flutet dann noch das Bad.;Wie ordnet man Schadensersatz neben der Leistung, Verzögerungsschaden und Schadensersatz statt der Leistung den richtigen Anspruchsgrundlagen zu?;§§ 280–283, 286, 311a II BGB;;1+2;Schema;5;3;;17.5;Leistungspflicht vs. Schutzpflicht: § 241 I und II BGB erklärt;9.1 Grundsystem des § 280 BGB;
57;1;19;19;Fr;Klausurpraxis;Öffentliches Recht;Verwaltungsrecht AT;Ermessen und Ermessensfehler: Was darf das Gericht kontrollieren?;Die Behörde lehnt deinen Antrag ab mit der Begründung: 'Das machen wir grundsätzlich nie.';"Entschließungs- und Auswahlermessen, § 40 VwVfG; Ermessensnichtgebrauch, -fehlgebrauch, -überschreitung; Nachschieben nach § 114 S. 2 VwGO.";"§ 40 VwVfG; § 114 VwGO";;1;Schema;5;3;;17.5;Anfechtungsklage: Das komplette Prüfungsschema;"Band 2 › 26.4 Ermessen und unbestimmter Rechtsbegriff; Band 12 › 18. › Ermessen";
58;1;20;20;Mo;Der Fall;Strafrecht;StGB AT;Der Heroinspritzen-Fall: Eigenverantwortliche Selbstgefährdung;Ein Freund besorgt einem erfahrenen Konsumenten Heroin, der sich selbst die tödliche Dosis setzt.;Warum entfällt die Zurechnung bei freiverantwortlicher Selbstgefährdung und wann kippt sie durch überlegenes Wissen?;"§§ 222, 212 StGB; § 30 I Nr. 3 BtMG";BGHSt 32, 262;1;Klassiker-Fall;5;4;ja;20.0;Objektive Zurechnung: Der Neffe, das Gewitter und der Blitz;"12.5 Eigenverantwortliche Selbstgefährdung; Teil C › 52. Die freiwillige Mutprobe";
59;1;20;20;Mi;Examenswissen;Zivilrecht;Kaufrecht;Der Kaufvertrag: Was Käufer und Verkäufer einander schulden;Du kaufst ein gebrauchtes Fahrrad – was genau darfst du vom Verkäufer verlangen?;Welche Haupt- und Nebenpflichten begründet § 433 BGB und ab wann greift das Gewährleistungsrecht?;§ 433 BGB;;1+2;Schema;4;4;;14.0;Trennungs- und Abstraktionsprinzip: Warum ein Kauf drei Verträge braucht;14.1 Primaerpflichten und Mangelbegriff;
60;1;20;20;Fr;2. Examen;2. Examen;StPO-Praxis;Hinreichender Tatverdacht: Wann die Staatsanwaltschaft anklagen darf;Nur eine einzige Zeugin belastet den Beschuldigten, und er bestreitet alles.;Was bedeutet Verurteilungswahrscheinlichkeit, wie baut man eine Beweistabelle, und wie wirken Verwertungsverbote auf die Prognose?;§§ 170 I, 203 StPO;—;2;Schema;5;4;ja;21.0;Anklageklausur: Das Gesamtschema vom Gutachten bis zur Verfügung;"Band 6 – 3.3 Beweismaß im Zwischenverfahren; 2.2 Beweistabelle; 18.1 Hinreichender Tatverdacht";stabil
61;1;21;21;Mo;Der Fall;Öffentliches Recht;Polizei- und Ordnungsrecht;Anscheinsgefahr: Der Hilfeschrei aus dem Fernseher;Nachbarn hören Hilfeschreie, die Polizei tritt die Tür ein – es lief nur ein Krimi in voller Lautstärke.;"Anscheinsgefahr (vertretbare ex-ante-Sicht, Maßnahme rechtmäßig), Scheingefahr, Putativgefahr; Folgen für Kosten und Entschädigung.";Landes-PolG;;1;Klassiker-Fall;5;5;ja;21.0;Konkrete Gefahr: Wie wahrscheinlich muss der Schaden sein?;"Einzelprobleme 9.1 Gefahrbegriffe; Band 2 › 15.1; 27.1";Länder: Befugnisnormen je PolG/SOG/OBG (z. B. § 8 PolG NRW, Art. 11 PAG, § 11 HSOG) – Zuschnitt: bundeseinheitliche Dogmatik, Landesnormen als Overlay-Tabelle
62;1;21;21;Mi;Examenswissen;Strafrecht;StGB BT;Nötigung § 240: Das Prüfungsschema mit Verwerflichkeit;Ein Vermieter droht der Mieterin, ihre Kaution einzubehalten, wenn sie ihre Beschwerde beim Bauamt nicht zurückzieht.;Gewalt oder Drohung, Nötigungserfolg und die Zweck-Mittel-Relation des § 240 II StGB.;§ 240 StGB;;1+2;Schema;5;4;;19.5;Straftat prüfen in 3 Schritten: Tatbestand, Rechtswidrigkeit, Schuld;"Band 13 › 12. › Nötigung § 240; 35.7 Freiheitsdelikte";
63;1;21;21;Fr;Klausurpraxis;Zivilrecht;Werkvertragsrecht;Werkvertrag oder Dienstvertrag? Erfolg vs. Tätigkeit;Der Nachhilfelehrer garantiert keine Note – der Maler aber eine gestrichene Wand.;Wie grenzt man Werk-, Dienst- und Werklieferungsvertrag (§ 650 BGB) ab?;§§ 611, 631, 650 BGB;;1+2;Abgrenzung;4;4;;14.0;Der Kaufvertrag: Was Käufer und Verkäufer einander schulden;Band 11 – 21. Dienstvertrag und Arbeitsvertrag – Abgrenzung;
64;1;22;22;Mo;Der Fall;Öffentliches Recht;Polizei- und Ordnungsrecht;Polizeilicher Notstand: Muss ein Vermieter Obdachlose aufnehmen?;Im Winter droht einer Familie die Obdachlosigkeit – die Stadt weist sie gegen den Willen des Vermieters in ihre bisherige Wohnung ein.;Inanspruchnahme Nichtverantwortlicher: Voraussetzungen, Befristung, Entschädigung, Folgenbeseitigung nach Fristablauf.;Landes-PolG (Notstandsverantwortlichkeit, Entschädigung);;1;Klassiker-Fall;5;5;ja;21.0;Störerauswahl: Wen darf die Behörde in Anspruch nehmen?;"Band 2 › 15.2; Band 12 › 27. › Verantwortlichkeit";Länder: Befugnisnormen je PolG/SOG/OBG (z. B. § 8 PolG NRW, Art. 11 PAG, § 11 HSOG) – Zuschnitt: bundeseinheitliche Dogmatik, Landesnormen als Overlay-Tabelle
65;1;22;22;Mi;Examenswissen;Strafrecht;StGB BT;Raub § 249: Gewalt, Wegnahme, Finalität;Ein Mann stößt eine Frau zu Boden und nimmt ihr die Handtasche weg.;Wie prüft man den Raub – und warum muss die Gewalt gerade zur Wegnahme eingesetzt werden?;§ 249 StGB;;1+2;Schema;5;5;;21.0;Diebstahl § 242: Das Prüfungsschema + Nötigung § 240: Das Prüfungsschema mit Verwerflichkeit;"34.1 Raub, § 249 StGB; Band 13 › 14. › § 249";
66;1;22;22;Fr;2. Examen;2. Examen;StPO-Praxis;Revision in 6 Minuten: Sachrüge vs. Verfahrensrüge;Der verurteilte Mandant sagt: „Der Richter hat meinen Zeugen nicht gehört – und das Urteil ist sowieso falsch.“;Woran erkennt man, ob ein Fehler mit der Sach- oder der Verfahrensrüge geltend zu machen ist, und warum prüft das Revisionsgericht keine Tatsachen neu?;§§ 337, 344 II StPO;—;2;Schema;5;3;ja;19.5;;"Band 6 – 59. Unterschied zwischen Sach- und Verfahrensrüge - Schnelltest; 25. Revisionsklausur - Funktion der Revision";stabil
67;1;23;23;Mo;Der Fall;Zivilrecht;Kaufrecht;Wann ist eine Sache mangelhaft? Der neue § 434 BGB;Der Laptop funktioniert – nur nicht mit der Software, die ihr ausdrücklich vereinbart hattet.;Wie wirken subjektive Anforderungen, objektive Anforderungen und Montageanforderungen im Mangelbegriff des § 434 BGB zusammen?;§§ 434, 435 BGB;;1+2;Schema;5;5;;20.5;Der Kaufvertrag: Was Käufer und Verkäufer einander schulden;35.2 Sach- und Rechtsmangel;"Kaufrechtsreform: § 434 BGB n.F. seit 1.1.2022; Reparierbarkeit nach Übergangsrecht Art. 229 § 72 EGBGB (2026)"
68;1;23;23;Mi;Examenswissen;Strafrecht;StGB AT;Versuch: Das Prüfungsschema mit Vorprüfung;Ein Mann schießt auf seinen Nachbarn und verfehlt ihn um Zentimeter.;Vorprüfung, Tatentschluss, unmittelbares Ansetzen – wie baut man die Versuchsprüfung auf?;§§ 22, 23 StGB;;1+2;Schema;5;3;;18.0;Straftat prüfen in 3 Schritten: Tatbestand, Rechtswidrigkeit, Schuld;"12. Versuch und Ruecktritt; Band 13 › 8.";
69;1;23;23;Fr;Klausurpraxis;Öffentliches Recht;Polizei- und Ordnungsrecht;Polizeirecht-Schema: Standardmaßnahme vor Generalklausel;Die Polizei fordert dich auf, den Park zu verlassen – auf welcher Grundlage eigentlich?;"Aufbau: Spezialgesetz, Standardmaßnahme, Generalklausel; formelle und materielle Rechtmäßigkeit; Polizei vs. Ordnungsbehörde.";Landes-PolG/SOG/OBG;;1+2;Schema;5;4;;19.0;;"Band 2 › 15. Polizei- und Ordnungsrecht; 27.; Band 12 › 27. Polizei- und Ordnungsrecht";Länder: Befugnisnormen je PolG/SOG/OBG (z. B. § 8 PolG NRW, Art. 11 PAG, § 11 HSOG) – Zuschnitt: bundeseinheitliche Dogmatik, Landesnormen als Overlay-Tabelle
70;1;24;24;Mo;Der Fall;Zivilrecht;Kaufrecht;Die Käuferrechte des § 437 BGB auf einen Blick;Der neue Kühlschrank kühlt nicht – was kannst du jetzt verlangen, und in welcher Reihenfolge?;Wie verhalten sich Nacherfüllung, Rücktritt, Minderung und Schadensersatz nach § 437 BGB zueinander (Vorrang der Nacherfüllung)?;§§ 437–441 BGB;;1+2;Schema;5;5;;20.5;Wann ist eine Sache mangelhaft? Der neue § 434 BGB;14.2 Rechte des Kaeufers nach § 437 BGB;
71;1;24;24;Mi;Examenswissen;Strafrecht;StGB AT;Rücktritt vom Versuch: Das Schema des § 24;Ein Einbrecher setzt schon den Hebel am Fenster an, bekommt Gewissensbisse und geht nach Hause.;Fehlschlag, beendeter/unbeendeter Versuch, Rücktrittshandlung, Freiwilligkeit – wie prüft man § 24 I StGB?;§ 24 I StGB;;1+2;Schema;5;4;;19.5;Versuch: Das Prüfungsschema mit Vorprüfung;"31.3 Ruecktritt des Einzeltäters, § 24 I StGB; Band 13 › 8. › Rücktritt Einzeltäter";
72;1;24;24;Fr;2. Examen;2. Examen;StPO-Praxis;Verfahrensrüge: Warum so viele an § 344 II 2 StPO scheitern;Die Revisionsbegründung rügt die Ablehnung eines Beweisantrags, gibt aber den Ablehnungsbeschluss nicht wieder.;Welche Tatsachen muss eine Verfahrensrüge vollständig vortragen, und wie baut man jede Rüge als selbständigen Angriff auf?;§ 344 II 2 StPO;—;2;Klausurfehler;5;1;ja;13.5;Revision in 6 Minuten: Sachrüge vs. Verfahrensrüge;"Band 6 – 35. Darlegungsanforderung des § 344 II 2 StPO; 34. Verfahrensrüge - methodischer Aufbau; 18.5";stabil
73;1;25;25;Mo;Der Fall;Zivilrecht;Deliktsrecht;§ 823 I BGB: Das Prüfungsschema der unerlaubten Handlung;Ein Radfahrer rammt dich auf dem Gehweg – was musst du beweisen, um Schadensersatz zu bekommen?;Welche Merkmale hat § 823 I BGB (Rechtsgutsverletzung, Handlung, Kausalität, Rechtswidrigkeit, Verschulden, Schaden) und in welcher Reihenfolge?;§§ 823 I, 827, 828, 249 BGB;;1+2;Schema;5;5;;20.5;Wer will was von wem woraus? Die Zivilrechtsklausur in 6 Minuten;38.1 § 823 I BGB;
74;1;25;25;Mi;Examenswissen;Öffentliches Recht;Verwaltungsprozessrecht;Verpflichtungsklage: Spruchreife und Bescheidungsurteil;Die Stadt lehnt deinen Antrag auf Außengastronomie vor deinem Café ab.;Versagungsgegen- vs. Untätigkeitsklage, Klagebefugnis aus möglichem Anspruch, § 113 V 1 vs. 2 VwGO, maßgeblicher Zeitpunkt.;§§ 42 I Alt. 2, 113 V VwGO;;1+2;Schema;5;3;;17.5;Anfechtungsklage: Das komplette Prüfungsschema;"Band 2 › 4. Verpflichtungsklage; 25.4; Band 12 › 23. › Verpflichtungsklage";
75;1;25;25;Fr;Klausurpraxis;Strafrecht;StGB AT;Mittäterschaft § 25 II: Gemeinsam geplant, gemeinsam verantwortlich;Drei Freunde überfallen einen Kiosk: einer steht Schmiere, einer bedroht den Verkäufer, der dritte greift in die Kasse – ein vierter hat nur alles geplant.;Gemeinsamer Tatplan, arbeitsteilige Ausführung, wechselseitige Zurechnung – und genügt ein Beitrag im Vorbereitungsstadium?;§ 25 II StGB;;1+2;Schema;5;4;;19.5;Täterschaft/Teilnahme;"11.1 Mittaeterschaft § 25 II StGB; 30.3";
76;1;26;26;Mo;Der Fall;Zivilrecht;Deliktsrecht;Explodierende Flasche: Die Produzentenhaftung nach § 823 I BGB;Eine Mineralwasserflasche explodiert beim Öffnen und verletzt dein Auge.;Welche Herstellerpflichten gibt es (Konstruktion, Fabrikation, Instruktion, Produktbeobachtung) und wie wird die Beweislast verteilt?;§ 823 I BGB;"BGHZ 51, 91 (Hühnerpest); BGHZ 104, 323 (Mineralwasserflasche)";1+2;Klassiker-Fall;5;5;ja;21.0;§ 823 I BGB: Das Prüfungsschema der unerlaubten Handlung;5.2 Produzentenhaftung;
77;1;26;26;Mi;Examenswissen;Öffentliches Recht;Staatsorganisationsrecht;Wie ein Bundesgesetz entsteht: Formelle Verfassungsmäßigkeit prüfen;Ein Gesetz wird nachts ohne ordnungsgemäße Beteiligung des Bundesrats beschlossen – ist es wirksam?;"Kompetenz, Initiative, Bundestagsbeschluss, Bundesrat, Vermittlungsausschuss, Gegenzeichnung, Ausfertigung, Verkündung; relevante vs. irrelevante Verfahrensfehler.";Art. 70 ff., 76–78, 82 GG;;1;Schema;5;2;;16.0;;"Band 2 › 18.3 Gesetzgebung; 30.5; Band 12 › 5. › Verfahren";Gering: elektronische Verkündung im BGBl. seit 2023 berücksichtigen
78;1;26;26;Fr;2. Examen;2. Examen;ZV;Vollstreckungsabwehrklage: Bezahlt und trotzdem vollstreckt?;Der Schuldner hat die titulierte Forderung nach dem Urteil vollständig überwiesen, doch der Gläubiger schickt trotzdem den Gerichtsvollzieher.;Wie prüft man Zulässigkeit und Begründetheit der Klage nach § 767 ZPO, und wie stoppt man die Vollstreckung einstweilen?;§§ 767, 769, 770, 775, 802 ZPO;—;2;Schema;5;4;;19.0;766, 767, 771, 805: Welcher Rechtsbehelf in der Vollstreckung?;"Band 4 – 46.2 Vollstreckungsabwehrklage, § 767 ZPO; 26.2; Band 14 – 6. (§ 767 Vollstreckungsabwehrklage)";stabil
79;1;27;27;Mo;Der Fall;Strafrecht;StGB AT;Der Lederspray-Fall: Wenn die Geschäftsführung nicht zurückruft;Die Geschäftsführung eines Herstellers erfährt, dass ihr Schuhpflegespray Atemnot auslöst, und beschließt einstimmig, es im Handel zu lassen.;Garantenstellung aus Produktverantwortung und Kausalität bei Kollegialentscheidungen: Haftet jedes Vorstandsmitglied?;§§ 13, 223, 224, 229 StGB;BGHSt 37, 106;1;Klassiker-Fall;5;4;ja;20.0;Garantenstellung: Wann muss ich einen Erfolg verhindern? + Mittäterschaft § 25 II: Gemeinsam geplant, gemeinsam verantwortlich;Teil C › 50. Das Lederspray - Kollegialentscheidung und Unterlassen;
80;1;27;27;Mi;Examenswissen;Zivilrecht;Bereicherungsrecht;Bereicherungsrecht im Überblick: Welche Kondiktion wann?;Du überweist versehentlich 500 Euro an eine völlig fremde Person.;Wie ist das Bereicherungsrecht aufgebaut (Leistungs- und Nichtleistungskondiktion, §§ 816, 822, Rechtsfolgen §§ 818 ff. BGB)?;§§ 812–822 BGB;;1+2;Schema;5;5;;20.5;Trennungs- und Abstraktionsprinzip: Warum ein Kauf drei Verträge braucht;Band 11 – 26. Bereicherungsrecht – vollständige Kondiktionen- und Rechtsfolgenlehre;
81;1;27;27;Fr;Methodik;Methodik;Klausuraufbau;Öffentliches Recht: Zulässigkeit und Begründetheit sauber trennen;Die Klage ist zulässig, aber hat sie Erfolg? Der Grundaufbau im Öffentlichen Recht.;Grundaufbau öffentlich-rechtlicher Klausuren;;;1+2;Methodik;5;2;;13.0;;1. Grundmethodik des Oeffentlichen Rechts;
82;1;28;28;Mo;Der Fall;Öffentliches Recht;Polizei- und Ordnungsrecht;Abgeschleppt: Musst du die Kosten zahlen?;Du parkst 'nur fünf Minuten' auf dem Behindertenparkplatz – als du zurückkommst, hängt dein Auto am Haken.;Drei Ebenen (Primärmaßnahme, Vollstreckung, Kosten), Verkehrszeichen als Grund-VA, Verhältnismäßigkeit trotz baldiger Rückkehr.;"§ 12 StVO; § 80 II 1 Nr. 2 VwGO analog; Landes-VwVG/PolG";;1+2;Klassiker-Fall;5;5;ja;21.0;Ist ein Verkehrsschild ein Verwaltungsakt? + Verwaltungsvollstreckung: Das gestreckte Verfahren;"Teil B › 37. Das abgeschleppte Auto - Kostenbescheid; Einzelprobleme 9.5 Abschleppfälle; Band 18 › Abschleppfälle";Länder: Ersatzvornahme vs. unmittelbare Ausführung – Zuschnitt: Drei-Ebenen-Schema bundesweit
83;1;28;28;Mi;Examenswissen;Zivilrecht;Sachenrecht;Eigentum übertragen: Einigung und Übergabe nach § 929 S. 1 BGB;Du verkaufst dein Fahrrad, der Käufer holt es erst morgen ab – wem gehört es heute Nacht?;Welche Voraussetzungen hat die Übereignung nach § 929 S. 1 BGB (Einigung, Übergabe, Einigsein, Berechtigung)?;§ 929 S. 1 BGB;;1+2;Schema;5;4;;19.0;Besitz ist nicht Eigentum: Der Unterschied, den fast alle verwechseln;20.1 § 929 S. 1 BGB;
84;1;28;28;Fr;Klausurpraxis;Strafrecht;StGB BT;Fremde Karte am Geldautomaten: Computerbetrug § 263a;Ein Mann nimmt heimlich die Bankkarte seines Mitbewohners, dessen PIN er kennt, und hebt am Automaten 500 Euro ab.;Was heißt „unbefugte Verwendung von Daten“ (betrugsspezifische Auslegung) – und ist das ausgezahlte Geld gestohlen?;§§ 263a, 242 StGB;BGHSt 38, 120;1+2;Schema;5;5;ja;23.0;Betrug § 263: Das Prüfungsschema;"Teil C › 57. Der manipulierte Geldautomat; 17.2 Computerbetrug § 263a StGB";
85;1;29;29;Mo;Der Fall;Öffentliches Recht;Baurecht;Außenbereich: Warum dein Ferienhaus im Wald nicht erlaubt ist;Du kaufst ein Waldgrundstück und willst dort ein kleines Wochenendhaus bauen.;§ 35 I privilegierte vs. § 35 II sonstige Vorhaben, öffentliche Belange (§ 35 III: Splittersiedlung, Landschaftsbild), begünstigte Vorhaben (§ 35 IV).;§ 35 BauGB;;1;Klassiker-Fall;5;5;ja;21.0;Bauplanungs- und Bauordnungsrecht: Zwei Ebenen, ein Bauantrag;"Einzelprobleme 9.9 Außenbereich, § 35 BauGB; Band 12 › 30. › § 35 Außenbereich (Fallanker 'Wochenendhäuser')";
86;1;29;29;Mi;Examenswissen;Zivilrecht;Sachenrecht;Gutgläubiger Erwerb: Eigentum vom Nichteigentümer?;Dein Freund verkauft dein geliehenes Rad an jemanden, der fest glaubt, es gehöre ihm.;Welche Voraussetzungen hat der gutgläubige Erwerb nach §§ 932 ff. BGB (Verkehrsgeschäft, Rechtsschein, guter Glaube)?;§§ 932–936 BGB;;1+2;Schema;5;5;;20.5;Eigentum übertragen: Einigung und Übergabe nach § 929 S. 1 BGB;20.2 Gutglaeubiger Erwerb §§ 932 ff. BGB;
87;1;29;29;Fr;Klausurpraxis;Strafrecht;StGB AT;Täter oder Gehilfe? Tatherrschaft gegen subjektive Theorie;Eine Frau tötet auf Bitten ihrer Schwester deren Neugeborenes – das Reichsgericht sah in ihr nur eine Gehilfin.;Wie grenzen Rechtsprechung (Gesamtbetrachtung) und Lehre (Tatherrschaft) Täter und Teilnehmer ab?;§§ 25, 26, 27 StGB;"RGSt 74, 84 (Badewannen-Fall); BGHSt 18, 87 (Staschynskij)";1;Streitstand;5;3;ja;17.0;Straftat prüfen in 3 Schritten: Tatbestand, Rechtswidrigkeit, Schuld;"30.1 Abgrenzung Taeter - Teilnehmer; Band 19 › Abgrenzung Mittäterschaft / Beihilfe";
88;1;30;30;Mo;Der Fall;Öffentliches Recht;Baurecht;Rücksichtnahmegebot: Der Riesenbau neben deinem Einfamilienhaus;An deiner Grundstücksgrenze entsteht ein achtstöckiger Wohnblock – dein Garten liegt fortan im Schatten.;"Rücksichtnahme in § 15 BauNVO, § 34 ('Einfügen') und § 35 III BauGB; erdrückende und abriegelnde Wirkung; Abstandsflächen als Indiz.";"§ 15 I 2 BauNVO; §§ 31 II, 34, 35 III BauGB";BVerwGE 52, 122 (Rücksichtnahmegebot);1;Klassiker-Fall;5;5;ja;21.0;Nachbarklage: Welche Bauvorschriften schützen dich?;"Band 2 › 16.4 Nachbarschutz; 28.4 Baugenehmigung";
89;1;30;30;Mi;Examenswissen;Zivilrecht;Schuldrecht AT;AGB-Kontrolle in sieben Schritten: So prüfst du das Kleingedruckte;Im Kleingedruckten des Fitnessstudios steht eine Mindestlaufzeit von drei Jahren.;Wie prüft man AGB (Begriff, Einbeziehung, Vorrang, Überraschung, Auslegung, Inhaltskontrolle, Rechtsfolge)?;§§ 305–310 BGB;;1+2;Schema;5;5;;20.5;Angebot und Annahme: Wann ist ein Vertrag wirklich geschlossen?;34.8 AGB-Kontrolle, §§ 305 ff. BGB;
90;1;30;30;Fr;2. Examen;2. Examen;ZV;Drittwiderspruchsklage: Wenn fremde Sachen gepfändet werden;Beim Studenten wird ein Gemälde gepfändet, das seine Großmutter ihm nur zur Aufbewahrung überlassen hat.;Wann ist die Klage nach § 771 ZPO statthaft, welche Rechte hindern die Veräußerung, und welche Einwendungen hat der Gläubiger?;"§§ 769, 770, 771 ZPO; § 985 BGB";—;2;Schema;5;4;;19.0;766, 767, 771, 805: Welcher Rechtsbehelf in der Vollstreckung?;"Band 4 – 46.3 Drittwiderspruchsklage, § 771 ZPO; 26.3; Band 20 – Drittwiderspruchsklage";stabil
91;1;31;31;Mo;Der Fall;Strafrecht;StGB AT;Der Katzenkönig-Fall: Täter hinter dem Täter;Zwei Manipulatoren überzeugen eine leichtgläubige Frau, ein Dämon werde Millionen töten, wenn sie nicht einen Menschen opfere.;Kann mittelbare Täterschaft bestehen, obwohl der Vordermann voll verantwortlich (nur vermeidbar im Verbotsirrtum) handelt?;§§ 17, 25 I Alt. 2, 212 StGB;BGHSt 35, 347;1;Klassiker-Fall;5;4;ja;20.0;Mittelbare Täterschaft: Mit fremden Händen;"Teil C › 46. Der Katzenkönig; 12.19 Täter hinter dem Täter";
92;1;31;31;Mi;Examenswissen;Zivilrecht;Schuldrecht AT;Abtretung: Wie eine Forderung den Gläubiger wechselt;Dein Handwerker verkauft seine offene Rechnung an ein Inkassobüro.;Welche Voraussetzungen hat die Abtretung (§ 398 BGB) und wie wird der Schuldner geschützt, etwa bei Zahlung an den Altgläubiger (§§ 404, 406, 407, 816 II BGB)?;§§ 398–413 BGB;;1+2;Schema;4;4;;14.0;Trennungs- und Abstraktionsprinzip: Warum ein Kauf drei Verträge braucht;Band 11 – 14. Abtretung, Schuldübernahme, Vertragsübernahme und Forderungsmehrheit – Abtretung;
93;1;31;31;Fr;Klausurpraxis;Öffentliches Recht;Europarecht;EU-Institutionen: Wer macht in Brüssel eigentlich was?;Rat, Europäischer Rat, Europarat – drei fast gleiche Namen, drei völlig verschiedene Dinge.;Organe (Art. 13 EUV), ordentliches Gesetzgebungsverfahren, Abgrenzung zu Europarat und EGMR.;"Art. 13–19 EUV; Art. 289, 294 AEUV";;1;Abgrenzung;3;4;;12.0;;"Band 2 › 22.1; 34.1 Institutionen und Kompetenzordnung; Band 12 › 34. › Institutionen und Kompetenzen";
94;1;32;32;Mo;Der Fall;Strafrecht;StGB AT;Der Sirius-Fall: Überredet zur Selbsttötung;Ein selbsternannter Guru überzeugt eine Anhängerin, sie könne durch einen tödlichen Sprung in einen „höheren Körper“ wechseln.;Straflose Beteiligung an Selbsttötung oder Tötung in mittelbarer Täterschaft kraft Wissensherrschaft?;§§ 25 I Alt. 2, 212, 211 StGB;BGHSt 32, 38;1;Klassiker-Fall;5;4;ja;20.0;Mittelbare Täterschaft: Mit fremden Händen + Der Heroinspritzen-Fall: Eigenverantwortliche Selbstgefährdung;Teil C › 47. Der Sirius-Fall;
95;1;32;32;Mi;Examenswissen;Zivilrecht;Sachenrecht;„Gib mir meine Sache zurück!“ Der Herausgabeanspruch aus § 985 BGB;Dein Ex hat nach der Trennung deinen Plattenspieler behalten.;Welche Voraussetzungen hat der Vindikationsanspruch (Eigentum, Besitz, kein Recht zum Besitz) und wie wird das Eigentum historisch hergeleitet?;§§ 985, 986 BGB;;1+2;Schema;5;5;;20.5;Eigentum übertragen: Einigung und Übergabe nach § 929 S. 1 BGB;21.1 Herausgabeanspruch § 985 BGB;
96;1;32;32;Fr;2. Examen;2. Examen;VwGO-Praxis;Anfechtungsurteil: „in Gestalt des Widerspruchsbescheids“;Ein Gebührenbescheid über 2.400 Euro ist nur in Höhe von 900 Euro rechtswidrig.;Wie tenoriert man die ganze oder teilweise Aufhebung, und wann wird der Widerspruchsbescheid mit einbezogen?;§§ 79, 113 I 1 VwGO;—;2;Formulierung;5;2;;13.0;;"Band 5 – 3.1 Anfechtungsklage; 38.1 Anfechtungsurteil";stabil
97;1;33;33;Mo;Der Fall;Strafrecht;StGB AT;Verabredete Schlägerei: Kann man in Prügel einwilligen?;Zwei Hooligan-Gruppen verabreden sich zum „Match“ auf einer abgelegenen Wiese – ohne Waffen, mit Schiedsrichtern.;Wann ist eine Einwilligung nach § 228 StGB sittenwidrig und damit unwirksam?;§§ 223, 224, 228, 231 StGB;BGHSt 58, 140;1;Klassiker-Fall;4;5;ja;19.5;Einwilligung: Wann ist eine Körperverletzung erlaubt?;28.10 Einwilligung und mutmassliche Einwilligung;
98;1;33;33;Mi;Examenswissen;Öffentliches Recht;Verwaltungsprozessrecht;Klagebefugnis: Möglichkeitstheorie und Adressatentheorie;Du bekommst einen Gebührenbescheid – dein Freund will aus Solidarität mitklagen.;"§ 42 II VwGO: eigene Rechte, Möglichkeit der Verletzung, Adressatentheorie; Ausschluss der Popularklage.";"§ 42 II VwGO; Art. 2 I GG";;1;Schema;5;2;;16.0;Anfechtungsklage: Das komplette Prüfungsschema;"Band 2 › 3.; Band 12 › 23. › Anfechtungsklage";
99;1;33;33;Fr;Klausurpraxis;Zivilrecht;Schuldrecht AT;Schuldübernahme, Schuldbeitritt oder Bürgschaft?;Die Freundin „übernimmt“ schriftlich die Autoschulden ihres Partners – was hat sie da eigentlich unterschrieben?;Wie grenzt man Schuldübernahme (§§ 414, 415), Schuldbeitritt und Bürgschaft nach Eigeninteresse und Sicherungszweck ab?;§§ 414, 415, 421, 765, 766 BGB;;1;Abgrenzung;4;4;;14.0;Abtretung: Wie eine Forderung den Gläubiger wechselt;Band 11 – 14. Abtretung, Schuldübernahme, Vertragsübernahme und Forderungsmehrheit – Schuldübernahme;
100;1;34;34;Mo;Der Fall;Strafrecht;StGB AT;Betrunken Auto fahren: Warum die a.l.i.c. hier nicht hilft;Ein Mann fährt nach dem Kneipenabend heim, obwohl er schon beim ersten Bier wusste, dass er fahren wird – bei Fahrtantritt ist er schuldunfähig.;Warum lehnt der BGH die a.l.i.c. bei §§ 315c, 316 StGB ab und was bleibt übrig?;§§ 20, 315c, 316, 323a StGB;BGHSt 42, 235;1+2;Klassiker-Fall;4;5;ja;19.5;Actio libera in causa: Sich Mut antrinken und dann zuschlagen;"Band 13 › 5. › Actio libera in causa; 28.14";
101;1;34;34;Mi;Examenswissen;Öffentliches Recht;Verwaltungsprozessrecht;Schutznormtheorie: Klagen gegen die Genehmigung eines anderen;Neben deinem Haus soll eine Shisha-Bar mit Außenbereich öffnen – du willst die Erlaubnis angreifen.;"Drittschutz: Norm dient zumindest auch Individualinteressen eines abgrenzbaren Personenkreises; typische drittschützende Normen.";§ 42 II VwGO;;1+2;Schema;5;4;;19.0;Klagebefugnis: Möglichkeitstheorie und Adressatentheorie;"Band 2 › 3. Anfechtungsklage (Schutznormtheorie); 24. Gesamtpruefung (Drittklagen)";
102;1;34;34;Fr;2. Examen;2. Examen;VwGO-Praxis;Verpflichtungs- oder Bescheidungsurteil? Spruchreife erklärt;Ein Wirt klagt auf eine Sondernutzungserlaubnis für seine Terrasse, über die die Stadt nach Ermessen entscheidet.;Wann ist die Sache spruchreif, wann ergeht ein Bescheidungsurteil, und welche Kostenfolge hat ein zu weiter Antrag?;§§ 88, 113 V, 155 I VwGO;—;2;Schema;5;2;ja;18.0;Anfechtungsurteil: „in Gestalt des Widerspruchsbescheids“;"Band 5 – 3.2 Verpflichtungsklage; 38.2 Verpflichtungsurteil";stabil
103;1;35;35;Mo;Der Fall;Zivilrecht;Werkvertragsrecht;Die Abnahme: Der Moment, der im Werkvertrag alles ändert;Der Fliesenleger ist fertig und will sein Geld – du hast Zweifel an den Fugen.;Welche Wirkungen hat die Abnahme (Fälligkeit, Gefahr, Beweislast, Verjährung) und wann wird sie fingiert (§ 640 II BGB)?;§§ 640, 641, 644, 634a BGB;;1+2;Schema;5;4;;19.0;Werkvertrag oder Dienstvertrag? Erfolg vs. Tätigkeit;3.19 Werkrecht: Abnahme als Zäsur;Abnahmefiktion § 640 II BGB in der Fassung seit 1.1.2018
104;1;35;35;Mi;Examenswissen;Strafrecht;StGB BT;Räuberischer Diebstahl § 252: Gewalt auf der Flucht;"Ein Dieb steckt im Elektromarkt Kopfhörer ein; draußen stellt ihn ein Mitarbeiter, er stößt ihn weg und rennt davon.";Vollendeter Diebstahl, auf frischer Tat betroffen, Besitzerhaltungsabsicht – wann wird der Dieb zum „Räuber“?;§ 252 StGB;BGHSt 26, 95;1+2;Schema;5;5;ja;23.0;Diebstahl § 242: Das Prüfungsschema + Raub § 249: Gewalt, Wegnahme, Finalität;"Teil C › 59. Die Flucht mit der Beute; 13.13; 34.4";
105;1;35;35;Fr;Klausurpraxis;Öffentliches Recht;Baurecht;Nachbarklage: Welche Bauvorschriften schützen dich?;Dein Nachbar bekommt eine Genehmigung für einen großen Anbau – du hältst ihn für baurechtswidrig.;"Drittschutz im Baurecht: Abstandsflächen, Gebietserhaltung, Rücksichtnahme; objektive Rechtswidrigkeit ist nicht gleich Rechtsverletzung.";"§§ 42 II, 113 I 1 VwGO; §§ 30, 31, 34, 35 BauGB; LBO (Abstandsflächen)";;1+2;Schema;5;5;ja;22.5;Schutznormtheorie: Klagen gegen die Genehmigung eines anderen;"Teil B › 39. Der Bauvorbescheid des Nachbarn - Drittschutz; Band 2 › 16.4 Nachbarschutz";Länder: Abstandsflächenrecht je LBO
106;1;36;36;Mo;Der Fall;Zivilrecht;Schuldrecht AT;Verbraucher oder Unternehmer? Die Weichenstellung der §§ 13, 14 BGB;Die Anwältin kauft einen Laptop – für die Kanzlei und abends für Netflix.;Wie bestimmt man die Verbraucher- und Unternehmereigenschaft, insbesondere bei gemischter Nutzung (dual use)?;§§ 13, 14 BGB;;1+2;Abgrenzung;4;4;;14.0;AGB-Kontrolle in sieben Schritten: So prüfst du das Kleingedruckte;Band 11 – 7. Form, Verbotsgesetz, Sittenwidrigkeit, AGB und Verbraucherschutz – Verbrauchervertrag und Widerruf;
107;1;36;36;Mi;Examenswissen;Strafrecht;StGB AT;Garantenstellung: Wann muss ich einen Erfolg verhindern?;Nach einer Kneipentour lässt ein Mann seinen volltrunkenen Freund bei Frost auf einer Parkbank zurück.;Welche Beschützer- und Überwachergarantenstellungen gibt es – Familie, Gefahrengemeinschaft, Übernahme, Gefahrenquelle?;§ 13 StGB;;1;Schema;5;5;;21.0;Unechtes Unterlassen § 13: Strafbar durch Nichtstun;"8. Unterlassungsdelikte; 29.1";
108;1;36;36;Fr;2. Examen;2. Examen;StPO-Praxis;Strafrichter, Schöffengericht oder Landgericht? Die Straferwartung;Einem vorbestraften Beschuldigten werden zwölf Betrugstaten mit 40.000 Euro Gesamtschaden vorgeworfen.;Wie bestimmt die Staatsanwaltschaft das sachlich und örtlich zuständige Gericht, und wie bildet sie eine realistische Straferwartung?;"§§ 24, 25, 28, 74, 120 GVG; §§ 7 ff. StPO";—;2;Schema;5;2;ja;18.0;Anklageklausur: Das Gesamtschema vom Gutachten bis zur Verfügung;"Band 6 – 6. Sachliche Zuständigkeit im Strafverfahren (6.1–6.4); 7. Örtliche Zuständigkeit";stabil
109;1;37;37;Mo;Der Fall;Zivilrecht;BGB AT;Verjährung in fünf Minuten: Drei Jahre und der Silvester-Trick;Du schuldest einem Freund seit 2022 Geld – ab wann darfst du dich auf Verjährung berufen?;Wie berechnet man die Regelverjährung nach §§ 195, 199 BGB (Ultimo-Verjährung, Kenntnis, Höchstfristen)?;§§ 194, 195, 199, 214 BGB;;1+2;Schema;5;5;;20.5;Einwendung oder Einrede? Warum Verjährung den Anspruch nicht tötet;33.8 Verjaehrung, §§ 194 ff. BGB;
110;1;37;37;Mi;Examenswissen;Öffentliches Recht;Europarecht;Verordnung, Richtlinie, Beschluss: EU-Rechtsakte erklärt;Die DSGVO galt sofort überall, die Pauschalreiserichtlinie brauchte erst ein deutsches Gesetz – warum?;"Art. 288 AEUV: unmittelbare Geltung vs. Umsetzungsbedürftigkeit; Primär- und Sekundärrecht.";Art. 288 AEUV;;1;Schema;4;3;;12.5;EU-Institutionen: Wer macht in Brüssel eigentlich was?;"Band 2 › 34.2 Rechtsakte und Wirkung; Band 12 › 34. › Rechtsquellen";
111;1;37;37;Fr;Klausurpraxis;Strafrecht;StGB BT;Tötung auf Verlangen oder Suizidhilfe? Der Gisela-Fall;Ein Mann verabreicht seiner schwerkranken Frau auf ihr Drängen ein tödliches Mittel per Spritze – hätte er ihr den Becher nur reichen dürfen?;Wer beherrscht den letzten, unwiderruflichen Akt – und warum hängt daran Strafbarkeit oder Straflosigkeit?;§§ 212, 216 StGB;BGHSt 19, 135 (Gisela-Fall);1;Abgrenzung;5;5;ja;20.0;Täter oder Gehilfe? Tatherrschaft gegen subjektive Theorie;"35.6 Toetung auf Verlangen, § 216 StGB; 14.2";
112;1;38;38;Mo;Der Fall;Zivilrecht;Schuldrecht AT;Schuldnerverzug: Wann du Zinsen und Mahnkosten verlangen kannst;Der Kunde zahlt die Rechnung nicht – ab wann schuldet er Verzugszinsen und Anwaltskosten?;Welche Voraussetzungen hat der Schuldnerverzug nach § 286 BGB und welche Rechtsfolgen hat er (§§ 280 II, 287, 288 BGB)?;§§ 280 I, II, 286–288 BGB;;1+2;Schema;5;5;;20.5;Das System der §§ 280 ff. BGB: Welcher Schadensersatz wann?;9.3 Schuldnerverzug;
113;1;38;38;Mi;Examenswissen;Öffentliches Recht;Kommunalrecht;Stadthalle für eine umstrittene Partei: Darf die Stadt Nein sagen?;Eine vom Verfassungsschutz beobachtete Partei will ihren Landesparteitag in der Stadthalle abhalten.;Parteiengleichheit (Art. 21, 3 I GG, § 5 PartG), Parteienprivileg, Widmungsänderung aus konkretem Anlass, Durchsetzung gerichtlicher Entscheidungen.;"Art. 3 I, 21 GG; § 5 PartG; Gemeindeordnungen";BVerfG (K), Beschl. v. 24.03.2018 – 1 BvQ 18/18 (Stadthalle Wetzlar);1;Klassiker-Fall;5;5;ja;21.0;Stadthalle für alle? Der Anspruch auf Zulassung;"Band 12 › 32. › Öffentliche Einrichtungen; Band 2 › 23.";Länder: Gemeindeordnungen unterschiedlich (z. B. Art. 21 BayGO, § 8 GO NRW, § 10 GemO BW) – Zuschnitt: Art. 28 II GG + Normtabelle als Overlay
114;1;38;38;Fr;2. Examen;2. Examen;StPO-Praxis;Absolute Revisionsgründe: Der § 338-Katalog und die Nr. 8;Während der Aussage des Opfers war der Sitzungssaal ohne jeden Beschluss für Zuschauer abgeschlossen.;Welche absoluten Revisionsgründe sind examensrelevant – Besetzung, Abwesenheit, Öffentlichkeit, Verteidigung – und warum ist § 338 Nr. 8 nur eingeschränkt absolut?;"§ 338 StPO; §§ 222a, 222b, 226, 230, 140 StPO; §§ 169 ff. GVG";—;2;Schema;5;2;ja;18.0;Verfahrensrüge: Warum so viele an § 344 II 2 StPO scheitern;"Band 6 – 37. Absolute Revisionsgründe, § 338 StPO; 38. Besetzungsrüge; 39. Öffentlichkeit der Hauptverhandlung; 40. Anwesenheit und notwendige Verteidigung; 18.7";Mittel: Besetzungsrüge seit Dezember 2019 durch Vorabentscheidungsverfahren (§ 222b III StPO) geprägt – ältere Darstellungen überholt
115;1;39;39;Mo;Der Fall;Strafrecht;StGB AT;Ingerenz: Wer die Gefahr schafft, muss sie beseitigen;Ein Autofahrer verletzt fahrlässig einen Fußgänger und fährt weiter, obwohl der Verletzte ohne Hilfe zu verbluten droht.;Wann begründet pflichtwidriges Vorverhalten eine Garantenstellung – und kommt sogar Mord durch Unterlassen in Betracht?;§§ 13, 211, 212, 142 StGB;;1+2;Schema;5;4;ja;21.5;Garantenstellung: Wann muss ich einen Erfolg verhindern?;8. Unterlassungsdelikte;
116;1;39;39;Mi;Examenswissen;Zivilrecht;Schuldrecht AT;Rücktritt nach § 323 BGB: Das Prüfungsschema;Der Online-Shop liefert die bezahlte Spielkonsole einfach nicht.;Welche Voraussetzungen hat der Rücktritt nach § 323 BGB (Fälligkeit, Fristsetzung, Entbehrlichkeit, Ausschluss, Erklärung)?;§§ 323, 326 V, 349 BGB;;1+2;Schema;5;5;;20.5;Das System der §§ 280 ff. BGB: Welcher Schadensersatz wann?;34.9 Ruecktritt und Rueckabwicklung;
117;1;39;39;Fr;Methodik;Methodik;Klausurtechnik;Die 10 häufigsten Fehler in Jura-Klausuren;Die meisten Punkte gehen nicht durch Nichtwissen verloren.;Typische Aufbau-, Stil- und Schwerpunktfehler;;;1+2;Methodik;5;3;;14.5;;37. Typische Fehlerquellen;
118;1;40;40;Mo;Der Fall;Öffentliches Recht;Verwaltungsrecht AT;Ist ein Verkehrsschild ein Verwaltungsakt?;Über Nacht steht vor deiner Haustür ein Halteverbotsschild – du willst dagegen vorgehen.;Verkehrszeichen als Allgemeinverfügung (§ 35 S. 2 VwVfG), Bekanntgabe durch Aufstellen, Sichtbarkeitsgrundsatz, Anfechtungsklage.;"§§ 35 S. 2, 41 III, IV, 43 VwVfG; § 45 StVO";BVerwG, Urt. v. 06.04.2016 – 3 C 10.15 (Sichtbarkeitsgrundsatz);1;Alltagsfall;5;5;ja;20.5;Was ist ein Verwaltungsakt? § 35 VwVfG in sechs Minuten;"Einzelprobleme 8.11 Verkehrszeichen; Band 18 › Verkehrszeichen als Verwaltungsakt";
119;1;40;40;Mi;Examenswissen;Strafrecht;StGB BT;Trickdiebstahl oder Sachbetrug? Die versteckte Ware an der Kasse;Ein Kunde versteckt teure Kopfhörer in einer Waschmittelpackung und bezahlt an der Kasse nur das Waschmittel.;Braucht die Vermögensverfügung ein konkretes Verfügungsbewusstsein über die Sache?;§§ 242, 263 StGB;;1+2;Abgrenzung;5;5;ja;20.0;Diebstahl § 242: Das Prüfungsschema + Betrug § 263: Das Prüfungsschema;"Teil C › 55. Die Kiste an der Kasse; 13.3 Trickdiebstahl oder Sachbetrug; Band 19 › Abgrenzung Trickdiebstahl / Sachbetrug";
120;1;40;40;Fr;Klausurpraxis;Zivilrecht;Schuldrecht AT;Gesamtschuld: Einer zahlt für alle – und dann?;Drei Mitbewohner haften für die Stromrechnung – der Versorger holt sich alles von einem.;Wie funktionieren Außen- und Innenverhältnis der Gesamtschuld (§§ 421, 426 I, II BGB)?;§§ 421–426 BGB;;1+2;Schema;5;5;;20.5;Abtretung: Wie eine Forderung den Gläubiger wechselt;34.11 Forderungsuebergang, Schulduebernahme und Gesamtschuld;
121;1;41;41;Mo;Der Fall;Öffentliches Recht;Europarecht;Costa/ENEL: Warum EU-Recht deutsches Recht verdrängt;Ein deutsches Gesetz verbietet, was eine EU-Verordnung ausdrücklich erlaubt – woran hält sich das Amt?;Anwendungsvorrang (nicht Geltungsvorrang), Nichtanwendungspflicht von Behörden und Gerichten.;"Art. 4 III EUV; Erklärung Nr. 17 zur Schlussakte von Lissabon";"EuGH, Urt. v. 15.07.1964 – Rs. 6/64 (Costa/ENEL); EuGH, Urt. v. 09.03.1978 – Rs. 106/77 (Simmenthal II)";1;Klassiker-Fall;5;3;ja;18.0;van Gend & Loos: Wie EU-Recht direkt für Bürger gilt;"Band 2 › 22.1 Institutionen, Rechtsakte und Anwendungsvorrang; Band 12 › 34. › Vorrang und unmittelbare Wirkung";
122;1;41;41;Mi;Examenswissen;Zivilrecht;Schuldrecht AT;Widerruf im Onlinehandel: 14 Tage und die Ausnahmen;Du bestellst Sneaker online, trägst sie einmal draußen und schickst sie zurück.;Wann besteht ein Widerrufsrecht bei Fernabsatzverträgen, wann beginnt die Frist und welche Ausnahmen gelten?;§§ 312c, 312g, 355, 356 BGB;;1+2;Schema;5;5;;20.5;Verbraucher oder Unternehmer? Die Weichenstellung der §§ 13, 14 BGB;11. Ruecktritt, Widerruf und Kuendigung;
123;1;41;41;Fr;Methodik;Methodik;Lernen;Prüfungsschemata lernen – aber richtig;Du kannst 80 Schemata auswendig und scheiterst trotzdem am Fall.;Verständnis statt Auswendiglernen, Transfer auf Fälle;;;1+2;Methodik;5;3;;14.5;;36.8 Lernseiten, Fallseiten und Wissensübertragung;
124;1;42;42;Mo;Der Fall;Strafrecht;StGB BT;Trunkenheit im Verkehr: 0,3 – 0,5 – 1,1 – 1,6 Promille;Ein Autofahrer wird mit 0,8 Promille kontrolliert, fährt aber schnurgerade – ein anderer hat 1,2 Promille.;Wie unterscheiden sich absolute und relative Fahruntüchtigkeit, Straftat und Ordnungswidrigkeit?;"§§ 316, 315c StGB; § 24a StVG";BGHSt 37, 89;1+2;Schema;5;5;;21.0;;"14.11 Straßenverkehr: absolute und relative Fahruntüchtigkeit; Band 13 › 21. › BAK und § 316";
125;1;42;42;Mi;Examenswissen;Zivilrecht;Kaufrecht;Verbrauchsgüterkauf: Warum der Kauf beim Händler anders ist;Du kaufst beim Händler einen gebrauchten Fernseher – was gilt anders als beim Kauf von privat?;Welche zwingenden Sonderregeln gelten nach §§ 474 ff. BGB (Abweichungsverbot, negative Beschaffenheitsvereinbarung, Gefahrübergang)?;§§ 474–479 BGB;;1+2;Schema;5;5;;20.5;Die Käuferrechte des § 437 BGB auf einen Blick;3.15 Verbrauchsgüterkauf und Beweislast;§ 476 I 2 BGB n.F. (2022): Abweichung von objektiven Anforderungen nur mit gesonderter ausdrücklicher Vereinbarung
126;1;42;42;Fr;2. Examen;2. Examen;StPO-Praxis;Fehlende Belehrung: Verwertungsverbot nur mit Widerspruch;Die Polizei befragte den späteren Beschuldigten am Tatort „informatorisch“, obwohl sie ihn schon für den Täter hielt.;Wann folgt aus unterlassener Beschuldigtenbelehrung ein Verwertungsverbot, und warum verlangt die Widerspruchslösung einen rechtzeitigen Widerspruch?;§§ 136 I 2, 136a, 163a IV, 257 StPO;BGHSt 38, 214 (Verwertungsverbot und Widerspruchslösung);2;Sonderlage;5;4;ja;18.0;Verfahrensrüge: Warum so viele an § 344 II 2 StPO scheitern;"Band 6 – 44. Aussageverwertung und Schweigerecht; 18.8 Widerspruch und Präklusion";stabil
127;1;43;43;Mo;Der Fall;Öffentliches Recht;Grundrechte;Fraport: Gilt das Grundgesetz auch für eine Flughafen-AG?;Aktivistinnen verteilen im Terminal Flugblätter gegen Abschiebungen – die mehrheitlich staatliche Flughafen-AG erteilt Hausverbot.;"Unmittelbare Grundrechtsbindung staatlich beherrschter Unternehmen; Flughafen als öffentliches Forum; Art. 8 und 5 I GG.";Art. 1 III, 5 I, 8 I GG;BVerfGE 128, 226 (Fraport);1;Klassiker-Fall;5;4;ja;19.5;Grundrechtsprüfung: Schutzbereich, Eingriff, Rechtfertigung + Ist die Love Parade eine Demo? Der Versammlungsbegriff;Teil B › 33. Der private Flughafen - Grundrechtsbindung gemischt beherrschter Unternehmen;
128;1;43;43;Mi;Examenswissen;Strafrecht;StPO;Belehrung vergessen: Ist das Geständnis verwertbar?;"Ein Polizist vernimmt einen Verdächtigen ohne Hinweis auf sein Schweigerecht; er gesteht – der Verteidiger widerspricht erst in der Revision.";Führt der Belehrungsverstoß zum Verwertungsverbot und was verlangt die Widerspruchslösung?;§§ 136 I, 163a IV, 257 StPO;BGHSt 38, 214;1+2;Streitstand;5;5;ja;20.0;Beschuldigtenstellung;"15.3 Beweisverwertungsverbot nach § 136 StPO; Band 19 › Beweisverwertungsverbot bei § 136 I StPO; 40.4 Widerspruchsloesung";
129;1;43;43;Fr;Klausurpraxis;Zivilrecht;Werkvertragsrecht;Pfusch am Bau: Die Mängelrechte des Bestellers;Das neue Dach ist undicht – und der Dachdecker reagiert nicht auf Anrufe.;Welche Rechte hat der Besteller nach § 634 BGB und worin liegen die Unterschiede zum Kaufrecht?;§§ 633–639 BGB;;1+2;Schema;5;5;;20.5;Die Abnahme: Der Moment, der im Werkvertrag alles ändert;16. Werkvertragsrecht;
130;1;44;44;Mo;Der Fall;Strafrecht;StGB BT;Beleidigung, üble Nachrede, Verleumdung: Der Unterschied;In einer Nachbarschafts-Chatgruppe nennt jemand einen Mann „Idiot“, ein anderer behauptet, er schlage seine Kinder.;Wie grenzt man Werturteil und Tatsachenbehauptung ab und was unterscheidet §§ 185, 186, 187 StGB?;§§ 185–187, 193 StGB;;1+2;Schema;5;5;;21.0;;"35.8 Beleidigungsdelikte; Band 13 › 12. › Beleidigung §§ 185 ff.";
131;1;44;44;Mi;Examenswissen;Öffentliches Recht;Europarecht;Nicht umgesetzte Richtlinie: Kann ich mich trotzdem darauf berufen?;Deutschland setzt eine Richtlinie zu Ruhezeiten nicht rechtzeitig um – ein Feuerwehrmann der Stadt verlangt die EU-Regel.;Vertikale unmittelbare Wirkung (Fristablauf, unbedingt, hinreichend genau), funktionaler Staatsbegriff.;"Art. 288 III AEUV; Art. 4 III EUV";"EuGH, Urt. v. 05.04.1979 – Rs. 148/78 (Ratti); EuGH, Urt. v. 12.07.1990 – C-188/89 (Foster)";1;Schema;5;3;ja;19.5;Verordnung, Richtlinie, Beschluss: EU-Rechtsakte erklärt;"Einzelprobleme 11.2 Richtlinien vor und nach Ablauf der Umsetzungsfrist; 11.3 Staat als Richtlinienadressat; Band 18 › Unmittelbare Wirkung von Richtlinien vor Umsetzung";
132;1;44;44;Fr;2. Examen;2. Examen;ZPO;Non liquet: Wer verliert, wenn niemand etwas beweisen kann?;Zwei Zeugen widersprechen sich exakt, und niemand weiß mehr, ob das Darlehen je ausgezahlt wurde.;Wie verteilt die Normentheorie die objektive Beweislast, und wann darf das Gericht erst nach Beweislast entscheiden?;"§ 286 ZPO; Rosenberg’sche Normentheorie";—;2;Schema;5;3;;17.5;Relationstechnik: Mit 3 Stationen durch jede Zivilakte;"Band 4 – 29.5 Beweislast und Beweisführung; Band 14 – 5. Beweiswürdigung und Beweisstation im Assessorexamen (Beweislastentscheidung)";stabil
133;1;45;45;Mo;Der Fall;Zivilrecht;Weitere Vertragstypen;Bürgschaft: Warum du nicht leichtfertig für Freunde bürgen solltest;Du bürgst für den Kredit deiner Schwester – plötzlich zahlt sie nicht mehr.;"Welche Voraussetzungen hat die Bürgschaft (§§ 765, 766 BGB; Ausnahme § 350 HGB), welche Einreden hat der Bürge und was passiert nach seiner Zahlung (§ 774 BGB)?";§§ 765–774 BGB;;1+2;Schema;5;5;;20.5;Schuldübernahme, Schuldbeitritt oder Bürgschaft?;36.5 Buergschaft;
134;1;45;45;Mi;Examenswissen;Strafrecht;StGB BT;Was ist eine Urkunde? Die gefälschte Entschuldigung;Eine Schülerin fälscht die Unterschrift ihrer Mutter unter einer Entschuldigung für die Schule.;Perpetuierungs-, Beweis- und Garantiefunktion – und wann ist eine Urkunde unecht?;§ 267 StGB;;1+2;Schema;5;5;;21.0;;"20. Urkundendelikte; 36.4; Band 13 › 19. › Urkundenbegriff";
135;1;45;45;Fr;Klausurpraxis;Öffentliches Recht;Grundrechte;Lüth-Urteil: Warum Grundrechte auch zwischen Bürgern wirken;Ein Blogger ruft zum Boykott eines Kinofilms auf – der Produzent verklagt ihn auf Unterlassung.;Objektive Wertordnung, mittelbare Drittwirkung über Generalklauseln, Wechselwirkungslehre, Urteilsverfassungsbeschwerde.;"Art. 1 III, 5 I, II GG; §§ 826, 1004 BGB";BVerfGE 7, 198 (Lüth);1;Klassiker-Fall;5;4;ja;19.5;Grundrechtsprüfung: Schutzbereich, Eingriff, Rechtfertigung;"Teil B › 29. Die kritische Filmrezension (Lüth-Muster); Einzelprobleme 10.5 Drittwirkung der Grundrechte";
136;1;46;46;Mo;Der Fall;Zivilrecht;GoA;Geschäftsführung ohne Auftrag: Wann bekommt der Helfer seine Kosten?;Du löschst den brennenden Mülleimer deines Nachbarn – und ruinierst dabei deine teure Jacke.;Welche Voraussetzungen hat die berechtigte GoA und was kann der Geschäftsführer nach §§ 683 S. 1, 670 BGB verlangen?;§§ 677, 683, 670 BGB;;1+2;Schema;5;5;;20.5;Wer will was von wem woraus? Die Zivilrechtsklausur in 6 Minuten;18. Geschaeftsfuehrung ohne Auftrag;
137;1;46;46;Mi;Examenswissen;Strafrecht;StGB BT;Gefährdung des Straßenverkehrs § 315c: Die sieben Todsünden;Ein Fahrer überholt vor einer Kuppe und zwingt einen Entgegenkommenden zur Vollbremsung.;Grob verkehrswidrig und rücksichtslos, konkrete Gefahr, Vorsatz-Fahrlässigkeits-Kombinationen – wie prüft man § 315c?;§ 315c StGB;;1+2;Schema;5;5;;21.0;Trunkenheit im Verkehr: 0,3 – 0,5 – 1,1 – 1,6 Promille;"36.10 Gefaehrdung des Strassenverkehrs, § 315c StGB; Band 13 › 21. › § 315c";
138;1;46;46;Fr;Klausurpraxis;Öffentliches Recht;Grundrechte;Elfes: Warum 'einfach tun, was man will' ein Grundrecht ist;Dir wird der Reisepass verweigert, weil du im Ausland angeblich 'Deutschlands Ansehen schaden' könntest.;"Allgemeine Handlungsfreiheit als Auffanggrundrecht; verfassungsmäßige Ordnung als Schranke; Ausreise nicht von Art. 11 GG erfasst.";"Art. 2 I, 11 GG; § 7 PassG";BVerfGE 6, 32 (Elfes);1;Klassiker-Fall;5;4;ja;19.5;Grundrechtsprüfung: Schutzbereich, Eingriff, Rechtfertigung;"Teil B › 30. Die Ausreisebeschränkung (Elfes-Muster); Band 18 › Art. 11 GG – Einreise/Einwanderung und Ausreise/Auswanderung";
139;1;47;47;Mo;Der Fall;Zivilrecht;Sachenrecht;Eigentumsvorbehalt: Das Sofa ist da, gehört aber noch dem Möbelhaus;Das auf Raten gekaufte Sofa steht in deinem Wohnzimmer – der Kaufvertrag sagt: Eigentum bleibt beim Händler.;Wie wird der Eigentumsvorbehalt konstruiert (§§ 449, 929, 158 I BGB) und wann darf der Verkäufer die Sache zurückholen?;§§ 158 I, 449, 929 BGB;;1+2;Schema;5;5;;20.5;Eigentum übertragen: Einigung und Übergabe nach § 929 S. 1 BGB;20.3 Eigentumsvorbehalt und Anwartschaftsrecht;
140;1;47;47;Mi;Examenswissen;Strafrecht;StGB BT;Unfallflucht § 142: Wie lange muss ich warten?;Eine Autofahrerin schrammt nachts beim Ausparken ein anderes Auto, klemmt einen Zettel unter den Scheibenwischer und fährt weiter.;Wer ist Unfallbeteiligter, wie lange muss man warten, warum reicht der Zettel nicht und was gilt bei tätiger Reue?;§ 142 StGB;;1+2;Schema;5;5;;21.0;;"36.8 Unerlaubtes Entfernen vom Unfallort; 14.13; Band 13 › 21. › § 142";Reformüberlegungen zur Entkriminalisierung bei reinen Sachschäden (Meldestelle) – aktuellen Gesetzesstand prüfen.
141;1;47;47;Fr;2. Examen;2. Examen;ZPO;Anscheinsbeweis, Vermutung, Beweislastumkehr: Nie mehr verwechseln;Der Hintermann fährt auf und behauptet, die Vorderfrau habe ohne jeden Grund eine Vollbremsung gemacht.;Wie unterscheiden sich Anscheinsbeweis, gesetzliche Vermutung und Beweislastumkehr, und wie erschüttert man den Anschein?;"§ 292 ZPO; §§ 280 I 2, 477 BGB";BGH st. Rspr. zum Auffahrunfall (Anscheinsbeweis gegen den Auffahrenden);2;Sonderlage;4;5;ja;17.5;Non liquet: Wer verliert, wenn niemand etwas beweisen kann?;"Band 4 – 16.11 Anscheinsbeweis; 29.5 Beweislast und Beweisführung";Mittel: § 477 BGB seit 1.1.2022 mit Jahresfrist – aktuelle Fassung verwenden
142;1;48;48;Mo;Der Fall;Zivilrecht;Sachenrecht;Äste auf dem Garagendach: Der Beseitigungsanspruch aus § 1004 BGB;Die Äste vom Baum des Nachbarn hängen auf dein Garagendach und verstopfen die Rinne.;Welche Voraussetzungen haben Beseitigungs- und Unterlassungsanspruch nach § 1004 BGB und wann besteht eine Duldungspflicht?;§§ 903, 910, 1004 BGB;;1+2;Schema;5;5;;20.5;„Gib mir meine Sache zurück!“ Der Herausgabeanspruch aus § 985 BGB;21.3 § 1004 BGB;
143;1;48;48;Mi;Examenswissen;Öffentliches Recht;Grundrechte;Wunsiedel: Darf ein Gesetz eine bestimmte Meinung verbieten?;Eine Stadt verbietet einen jährlichen Gedenkmarsch zu Ehren einer NS-Größe.;'Allgemeines Gesetz' (Sonderrechtslehre und Abwägungslehre), Wechselwirkungslehre, Ausnahme für NS-Verherrlichung.;"Art. 5 I, II GG; § 130 IV StGB";BVerfGE 124, 300 (Wunsiedel);1;Klassiker-Fall;5;4;ja;19.5;Lüth-Urteil: Warum Grundrechte auch zwischen Bürgern wirken;"Band 2 › 21.5 Kommunikationsgrundrechte Art. 5 GG; 32.8";
144;1;48;48;Fr;Klausurpraxis;Strafrecht;StGB BT;Kopie, Scan, PDF: Ist das eine Urkunde?;Ein Bewerber schickt eine am Rechner manipulierte Kopie seines Abiturzeugnisses als PDF.;Warum ist die einfache Kopie keine Urkunde, wann doch – und wann greift § 269 StGB?;§§ 267, 269 StGB;BGHSt 24, 140;1+2;Streitstand;5;5;ja;20.0;Was ist eine Urkunde? Die gefälschte Entschuldigung;"14.6 Urkunde und Fotokopie; Band 19 › Fotokopie als Urkunde";
145;1;49;49;Mo;Der Fall;Zivilrecht;Sachenrecht;Hauskauf in drei Schritten: Kaufvertrag, Auflassung, Grundbuch;Ihr unterschreibt beim Notar – ab wann gehört euch das Haus eigentlich?;Wie wird Grundeigentum erworben (§§ 311b, 873, 925 BGB) und warum ist die Auflassung bedingungsfeindlich?;§§ 311b I, 873, 925 BGB;;1+2;Schema;5;5;;20.5;Die fünf Grundprinzipien des Sachenrechts;22.1 Erwerb von Grundeigentum;
146;1;49;49;Mi;Examenswissen;Öffentliches Recht;Grundrechte;Mephisto und Esra: Wie viel Wahrheit darf ein Roman enthalten?;Eine Autorin verarbeitet ihre Ex-Beziehung in einem Roman – der Ex erkennt sich in intimen Szenen wieder.;Kunstbegriffe, Werk- und Wirkbereich, Persönlichkeitsrecht als Schranke, Je-desto-Formel der Fiktionalisierung.;Art. 5 III 1, 1 I, 2 I GG;"BVerfGE 30, 173 (Mephisto); BVerfGE 119, 1 (Esra)";1;Klassiker-Fall;5;4;ja;19.5;Vorbehaltlose Grundrechte: Wo endet die Kunst- und Glaubensfreiheit?;"Teil B › 31. Das verbotene Theaterstück; Einzelprobleme 10.12 Kunstbegriff, Art. 5 III GG";
147;1;49;49;Fr;2. Examen;2. Examen;ZV;Vollstreckungserinnerung § 766 ZPO: Das Prüfschema;Der Gerichtsvollzieher hat gepfändet, ohne dass der Titel vorher zugestellt worden war.;Wann ist die Erinnerung statthaft, wer ist befugt, wann ist sie begründet – und wann ist stattdessen die sofortige Beschwerde nach § 793 ZPO einschlägig?;"§§ 750, 764, 766, 793 ZPO; § 11 RPflG";—;2;Schema;5;3;;17.5;Titel, Klausel, Zustellung: Das Grundschema der Zwangsvollstreckung;"Band 4 – 46.1 Erinnerung, § 766 ZPO; 46.5 Sofortige Beschwerde, § 793 ZPO; 26.1 Erinnerung § 766 ZPO";stabil
148;1;50;50;Mo;Der Fall;Strafrecht;StPO;Durchsuchung: Wann darf die Polizei in meine Wohnung?;Nachts klingelt die Polizei ohne Beschluss und will wegen „Gefahr im Verzug“ die Wohnung durchsuchen.;Voraussetzungen der §§ 102, 103 StPO, Richtervorbehalt und die enge Auslegung von Gefahr im Verzug.;"§§ 102, 103, 105 StPO; Art. 13 GG";BVerfGE 103, 142;1+2;Schema;5;5;;21.0;;"39.3 Durchsuchung und Beschlagnahme; Band 13 › 28. › Durchsuchung §§ 102 ff.";
149;1;50;50;Mi;Examenswissen;Zivilrecht;Deliktsrecht;Parkplatzrempler: Halterhaftung nach § 7 StVG;Beim Ausparken touchieren sich zwei Autos – keiner will schuld sein.;Wie funktionieren Halterhaftung (§ 7 StVG), Fahrerhaftung (§ 18 StVG) und die Haftungsverteilung nach § 17 StVG?;"§§ 7, 17, 18 StVG; § 254 BGB";;1+2;Schema;5;5;;20.5;§ 823 I BGB: Das Prüfungsschema der unerlaubten Handlung;Band 11 – 36. StVG, Produzentenhaftung und Produkthaftungsgesetz – StVG;
150;1;50;50;Fr;Klausurpraxis;Öffentliches Recht;Grundrechte;Drei-Stufen-Theorie: Das Apotheken-Urteil;Du willst eine Apotheke eröffnen, doch die Behörde sagt: In deinem Stadtteil gibt es schon genug.;"Einheitliches Grundrecht der Berufsfreiheit; Berufsausübung, subjektive und objektive Zulassungsschranken; Stufenlehre als Verhältnismäßigkeitsmodell.";Art. 12 I GG;BVerfGE 7, 377 (Apotheken-Urteil);1;Klassiker-Fall;5;4;ja;19.5;Verhältnismäßigkeit: Der wichtigste Prüfungspunkt im Öffentlichen Recht;"Teil B › 34. Das Apothekenmonopol - Berufsfreiheit; Einzelprobleme 10.8 Art. 12 I GG - Drei-Stufen-Lehre";
151;1;51;51;Mo;Der Fall;Strafrecht;StGB AT;Fahrlässigkeitsdelikt: Das Prüfungsschema;Ein Vermieter lässt eine morsche Balkonbrüstung wochenlang unrepariert, bis ein Gast hinabstürzt.;Wie prüft man §§ 222, 229 StGB mit Sorgfaltspflichtverletzung, Vorhersehbarkeit und Zurechnungszusammenhang?;§§ 15, 222, 229 StGB;;1+2;Schema;5;3;;18.0;Straftat prüfen in 3 Schritten: Tatbestand, Rechtswidrigkeit, Schuld;"29.3 Fahrlaessiges Begehungsdelikt; Band 13 › 6. › Fahrlässigkeit";
152;1;51;51;Mi;Examenswissen;Zivilrecht;Arbeitsrecht;Ohne Grund gekündigt? So schützt das Kündigungsschutzgesetz;Nach acht Jahren im Betrieb bekommst du ohne jede Begründung die Kündigung.;Wann gilt das KSchG, welche Kündigungsgründe gibt es und warum ist die Drei-Wochen-Frist des § 4 KSchG so gefährlich?;§§ 1, 4, 7, 23 KSchG;;1+2;Schema;5;5;;20.5;Kündigung per WhatsApp: Ist das wirksam?;28. Arbeitsrecht;
153;1;51;51;Fr;2. Examen;2. Examen;StPO-Praxis;Revisionsfristen: Eine Woche, ein Monat – und die Wiedereinsetzung;Das Urteil wurde an einem Montag verkündet, zugestellt wird es erst sieben Wochen später.;Wie berechnet man Einlegungs- und Begründungsfrist, welche Form gilt, und wann hilft Wiedereinsetzung – auch bei Verteidigerverschulden?;§§ 32d, 44, 45, 333, 335, 341, 344, 345 StPO;—;2;Schema;5;3;;17.5;Revision in 6 Minuten: Sachrüge vs. Verfahrensrüge;"Band 6 – 26.–31. (Zulässigkeit, Einlegung, Begründung, Wiedereinsetzung); 63. A. Zulässigkeit; Band 20 – Revision – Zulässigkeit";Mittel: § 32d S. 2 StPO – Revision und Begründung durch Verteidiger seit 1.1.2026 zwingend elektronisch
154;1;52;52;Mo;Der Fall;Öffentliches Recht;Staatshaftungsrecht;Folgenbeseitigungsanspruch: Die Stadt muss es wieder gutmachen;Beim Ausbau des Gehwegs hat die Gemeinde versehentlich einen Streifen deines Vorgartens mitgepflastert.;Voraussetzungen des Folgenbeseitigungsanspruchs, Wiederherstellung statt Schadensersatz, Mitverschulden analog § 254 BGB, Zumutbarkeit.;"Art. 20 III GG; Grundrechte; § 113 I 2 VwGO";;1;Klassiker-Fall;5;4;ja;19.5;Wenn der Staat Mist baut: Das System der Staatshaftung;"Band 2 › 17.1 Folgenbeseitigungs- und Unterlassungsanspruch; 29.1 Folgenbeseitigungsanspruch";
155;1;52;52;Mi;Examenswissen;Strafrecht;StGB AT;Rechtfertigender Notstand § 34: Einbruch in die Berghütte;Ein Wanderer bricht bei einem Wettersturz die Tür einer verschlossenen Berghütte auf, um nicht zu erfrieren.;Wie prüft man § 34 StGB mit gegenwärtiger Gefahr und wesentlich überwiegendem Interesse – und wie verhält er sich zu § 904 BGB?;"§ 34 StGB; §§ 228, 904 BGB";;1+2;Schema;5;4;;19.5;Straftat prüfen in 3 Schritten: Tatbestand, Rechtswidrigkeit, Schuld;"5.2 Rechtfertigender Notstand § 34 StGB; 28.9";
156;1;52;52;Fr;Klausurpraxis;Zivilrecht;Erbrecht;Kein Testament: Wer erbt nach der gesetzlichen Erbfolge?;Der Vater stirbt ohne Testament – zurück bleiben Ehefrau, eine Tochter und ein Enkel vom verstorbenen Sohn.;Wie funktioniert die gesetzliche Erbfolge nach Ordnungen, Stämmen, Repräsentations- und Eintrittsprinzip?;§§ 1922, 1924–1930 BGB;;1+2;Schema;5;5;;20.5;;7.6 Gesetzliche Erbfolge;
157;2;53;1;Mo;Der Fall;Strafrecht;StGB BT;Sterbehilfe: aktiv, passiv, indirekt – und der Behandlungsabbruch;Eine Tochter durchtrennt auf Rat ihres Anwalts den Schlauch der Magensonde ihrer im Wachkoma liegenden Mutter, die das so verfügt hatte.;Wann ist ein Behandlungsabbruch nach dem Patientenwillen gerechtfertigt, auch wenn er durch aktives Tun erfolgt?;"§§ 212, 216, 13 StGB; §§ 1827 ff. BGB";BGHSt 55, 191 (Putz);1;Klassiker-Fall;4;5;ja;19.5;Einwilligung: Wann ist eine Körperverletzung erlaubt? + Unechtes Unterlassen § 13: Strafbar durch Nichtstun;"14.5 Sterbehilfe; Band 19 › Sterbehilfe";
158;2;53;1;Mi;Examenswissen;Zivilrecht;Sachenrecht;Gestohlen oder verliehen? Warum § 935 BGB den Unterschied macht;Die verliehene Kamera kann wirksam weiterverkauft werden – die gestohlene nicht.;Wann ist eine Sache abhandengekommen, wie wirken Besitzdiener und freiwillige Besitzaufgabe, und warum trägt der Verleiher das Risiko?;§§ 855, 935 BGB;;1+2;Abgrenzung;5;5;ja;19.5;Gutgläubiger Erwerb: Eigentum vom Nichteigentümer?;Teil A – 17. Die versteckte Kamera - gutgläubiger Erwerb und § 935 BGB;
159;2;53;1;Fr;Methodik;Methodik;Auslegung;Die vier Auslegungsmethoden an einem Fall erklärt;Ist ein E-Scooter ein ‚Fahrzeug‘? Vier Wege, ein Gesetz zu lesen.;Wortlaut, Systematik, Historie, Telos;;;1+2;Methodik;5;3;;14.5;;1.2 Auslegung, Analogie und teleologische Reduktion;
160;2;54;2;Mo;Der Fall;Öffentliches Recht;Europarecht;Cassis de Dijon: Warum fremdes Bier trotz Reinheitsgebot rein darf;Ein Händler will ein in Belgien mit Reis und Mais gebrautes Bier verkaufen – nach deutschen Regeln ist das kein 'Bier'.;Unterschiedslos anwendbare Maßnahmen, zwingende Erfordernisse, gegenseitige Anerkennung, Etikettierung als milderes Mittel.;Art. 34, 36 AEUV;"EuGH, Urt. v. 20.02.1979 – Rs. 120/78 (Cassis de Dijon); EuGH, Urt. v. 12.03.1987 – Rs. 178/84 (Reinheitsgebot)";1;Klassiker-Fall;5;4;ja;19.5;Warenverkehrsfreiheit: Das Prüfungsschema mit Dassonville;Teil B › 44. Der Bierimport - Warenverkehrsfreiheit;
161;2;54;2;Mi;Examenswissen;Zivilrecht;Schuldrecht AT;Unmöglichkeit: Wenn die Leistung einfach nicht mehr geht (§ 275 BGB);Der verkaufte Oldtimer brennt eine Nacht vor der Übergabe aus.;Wann ist die Leistung nach § 275 I BGB ausgeschlossen und welche Folgen hat das für Schadensersatz und Gegenleistung?;§§ 275, 283, 326 BGB;;1+2;Schema;5;4;;19.0;Das System der §§ 280 ff. BGB: Welcher Schadensersatz wann?;9.2 Unmoeglichkeit nach § 275 BGB;
162;2;54;2;Fr;Methodik;Methodik;Auslegung;Analogie: Wenn das Gesetz eine Lücke hat;Das Gesetz regelt den Fall nicht – darf der Richter trotzdem entscheiden?;Planwidrige Regelungslücke und vergleichbare Interessenlage;;;1+2;Methodik;5;3;;14.5;;36.5 Arbeit mit dem Gesetz, Auslegung und Analogie;
163;2;55;3;Mo;Der Fall;Strafrecht;StGB BT;Hass im Netz: Wann schützt die Meinungsfreiheit Beleidigungen?;Eine Lokalpolitikerin wird unter einem Posting mit derben sexistischen Beschimpfungen überzogen und verlangt Auskunft über die Verfasser.;Wie wägen Gerichte Meinungsfreiheit und Persönlichkeitsrecht ab – und wie eng sind Schmähkritik und Formalbeleidigung?;"§§ 185, 188, 193 StGB; Art. 5 I GG";"BVerfG, Beschl. v. 19.12.2021 – 1 BvR 1073/20 (Künast); BVerfG, Beschl. v. 19.5.2020 – 1 BvR 2397/19";1;Klassiker-Fall;4;5;ja;19.5;Beleidigung, üble Nachrede, Verleumdung: Der Unterschied;35.8 Beleidigungsdelikte;"§ 188 StGB 2021 auf Kommunalpolitiker erweitert; § 192a neu eingefügt – aktuelle Fassung prüfen."
164;2;55;3;Mi;Examenswissen;Öffentliches Recht;Europarecht;Warenverkehrsfreiheit: Das Prüfungsschema mit Dassonville;Ein Land verlangt für importierten Whisky ein Echtheitszeugnis des Herstellerlandes, das Parallelimporteure nie bekommen.;Art. 34 AEUV: Ware, grenzüberschreitender Bezug, staatliche Maßnahme, Maßnahme gleicher Wirkung (Dassonville), Rechtfertigung nach Art. 36.;Art. 34, 36 AEUV;EuGH, Urt. v. 11.07.1974 – Rs. 8/74 (Dassonville);1;Schema;5;3;ja;19.5;Costa/ENEL: Warum EU-Recht deutsches Recht verdrängt;"Band 2 › 22.2 Grundfreiheiten; 34.3; Einzelprobleme 11.4 Warenverkehrsfreiheit";
165;2;55;3;Fr;Methodik;Methodik;Auslegung;Analogieverbot im Strafrecht: Art. 103 II GG;Die Tat ist verwerflich, aber kein Paragraf passt genau – Pech für den Staat?;Bestimmtheitsgebot, Verbot strafbegründender Analogie;;;1+2;Methodik;5;3;;14.5;;B. Examensmethodik als eigener Pflichtstoff;
166;2;56;4;Mo;Der Fall;Zivilrecht;Deliktsrecht;Bagger trifft Stromkabel: Warum der reine Vermögensschaden nicht zählt;Ein Bagger beschädigt ein Stromkabel – eine Fabrik zwei Kilometer weiter steht einen Tag still.;Warum ersetzt § 823 I BGB keine reinen Vermögensschäden und wann ist der Gewerbebetrieb betriebsbezogen verletzt?;§ 823 I BGB;BGHZ 29, 65 (Stromkabel);1;Klassiker-Fall;5;4;ja;19.5;§ 823 I BGB: Das Prüfungsschema der unerlaubten Handlung;24.1 § 823 I BGB;
167;2;56;4;Mi;Examenswissen;Strafrecht;StGB AT;Erfolgsqualifizierte Delikte: Das Schema mit dem Gefahrzusammenhang;"Ein Mann versetzt einem anderen einen Faustschlag; der Getroffene stürzt, schlägt mit dem Kopf auf die Bordsteinkante und stirbt.";Wie prüft man Grunddelikt, schwere Folge, spezifischen Gefahrzusammenhang und § 18 StGB?;§§ 18, 227 StGB;;1+2;Schema;5;4;;19.5;Fahrlässigkeitsdelikt: Das Prüfungsschema;"10. Erfolgsqualifikation; 29.4 Erfolgsqualifikation";
168;2;56;4;Fr;2. Examen;2. Examen;StPO-Praxis;Strafantrag vergessen? Verfahrenshindernisse in der Anklageklausur;Der Nachbar hat wegen einer Beleidigung erst vier Monate später Anzeige und Strafantrag gestellt.;Welche Prozessvoraussetzungen – Strafantrag, besonderes öffentliches Interesse, Verjährung, Strafklageverbrauch – prüft die Staatsanwaltschaft, und wann folgt Einstellung?;"§§ 77, 77b, 78 ff., 194, 230 StGB; § 170 II StPO; Art. 103 III GG";—;2;Klausurfehler;5;4;;16.0;Anklageklausur: Das Gesamtschema vom Gutachten bis zur Verfügung;Band 6 – 5. Verfahrensvoraussetzungen und Verfahrenshindernisse;stabil
169;2;57;5;Mo;Der Fall;Öffentliches Recht;Staatsorganisationsrecht;Parteiverbot: Warum die NPD 2017 nicht verboten wurde;Eine Partei will offen die Demokratie abschaffen, gewinnt aber kaum Wahlen – reicht das für ein Verbot?;"Art. 21 II GG: freiheitliche demokratische Grundordnung, 'darauf ausgehen', Potentialität; Verfahren vor dem BVerfG.";"Art. 21 II, IV GG; §§ 13 Nr. 2, 43 ff. BVerfGG";BVerfGE 144, 20 (NPD-Verbotsverfahren);1;Klassiker-Fall;4;5;ja;19.0;;Band 12 › 3. › Parteien;Mittel: politische Debatte über weitere Verbotsanträge – keine Aussagen zu laufenden Verfahren ohne Aktualitätsprüfung
170;2;57;5;Mi;Examenswissen;Zivilrecht;Gesellschaftsrecht;Die GbR nach dem MoPeG: Rechtsfähig, eingetragen, haftend;Drei Freunde gründen eine Band und kaufen gemeinsam eine Musikanlage auf Rechnung.;Wann ist eine GbR rechtsfähig, was bringt die Eintragung als eGbR, wem gehört das Gesellschaftsvermögen und wer vertritt die Gesellschaft (§§ 715, 720 BGB)?;§§ 705–713 BGB;BGHZ 146, 341 (ARGE Weißes Roß);1+2;Schema;5;4;;19.0;;27.1 GbR;"MoPeG seit 1.1.2024: §§ 705 ff. BGB n.F.; ältere Darstellungen nur als historische Suchaliasse"
171;2;57;5;Fr;Klausurpraxis;Strafrecht;StGB AT;Beihilfe § 27: Wie viel Hilfe macht strafbar?;Ein Freund leiht einem anderen sein Auto, obwohl er weiß, dass dieser damit zu einem Einbruch fährt.;Hilfeleisten, Förderungskausalität und doppelter Gehilfenvorsatz – wie prüft man Beihilfe?;§ 27 StGB;;1+2;Schema;5;4;;19.5;Mittäterschaft § 25 II: Gemeinsam geplant, gemeinsam verantwortlich;30.5 Beihilfe, § 27 StGB;
172;2;58;6;Mo;Der Fall;Öffentliches Recht;Staatsorganisationsrecht;Mietendeckel: Warum Berlin das nicht allein regeln durfte;Ein Land friert per Gesetz alle Mieten ein – obwohl der Bund mit der Mietpreisbremse schon geregelt hat.;Konkurrierende Gesetzgebung (Art. 74 I Nr. 1 GG 'bürgerliches Recht'), Sperrwirkung nach Art. 72 I GG bei abschließender Bundesregelung.;Art. 70, 72 I, 74 I Nr. 1 GG;BVerfGE 157, 223 (Berliner Mietendeckel);1;Klassiker-Fall;5;5;;19.0;Gesetzgebungskompetenzen;Band 12 › 5. › Kompetenz;
173;2;58;6;Mi;Examenswissen;Zivilrecht;Sachenrecht;Eigentum ohne Übergabe: §§ 929 S. 2, 930 und 931 BGB;Du kaufst das Auto deines Nachbarn, der es aber noch eine Woche weiterfahren darf.;Wie funktionieren Übereignung kurzer Hand, Besitzkonstitut und Abtretung des Herausgabeanspruchs?;§§ 929 S. 2, 930, 931 BGB;;1;Schema;5;3;;17.5;Eigentum übertragen: Einigung und Übergabe nach § 929 S. 1 BGB;Band 11 – 28. Eigentumserwerb an beweglichen Sachen – Übergabesurrogate;
174;2;58;6;Fr;2. Examen;2. Examen;ZPO;Kostenquote in 5 Minuten: §§ 91, 92 ZPO sicher anwenden;Der Kläger verlangt 10.000 Euro und bekommt 7.300 Euro zugesprochen.;Wie bildet man die Kostenquote, wann greift § 92 II ZPO, und welche Sonderkostenregeln muss man kennen?;§§ 91, 91a, 92, 93, 269 III, 344 ZPO;—;2;Schema;5;2;;16.0;;"Band 4 – 41.3 Kosten; 14.3 Kostenentscheidung; Band 20 – Tenor und Kostentenor";stabil
175;2;59;7;Mo;Der Fall;Strafrecht;StPO;Der Fall Gäfgen: Folterdrohung und Fernwirkung;"Ein Polizeivize droht einem Entführer Schmerzen an; der nennt das Versteck – ist die dort gefundene Spur verwertbar?";Gibt es im deutschen Recht eine Fernwirkung („fruit of the poisonous tree“) – und rechtfertigt Rettungsabsicht die Drohung (§ 34 StGB)?;"§ 136a StPO; Art. 3, 6 EMRK; § 34 StGB";"EGMR (GK), Gäfgen/Deutschland, Urt. v. 1.6.2010; LG Frankfurt a. M., Urt. v. 20.12.2004 (Daschner)";1+2;Klassiker-Fall;4;5;ja;19.5;Verbotene Vernehmungsmethoden § 136a;Band 13 › 29. › Beweisverwertungsverbote;
176;2;59;7;Mi;Examenswissen;Öffentliches Recht;Baurecht;Bauplanungs- und Bauordnungsrecht: Zwei Ebenen, ein Bauantrag;Deine Garage erfüllt jeden Brandschutz – steht aber mitten im Außenbereich.;Bundes- vs. Landesrecht, Prüfprogramm der Baugenehmigung, Genehmigungsbedürftigkeit, Verfahrensarten.;"§§ 29 ff. BauGB; LBO (z. B. Art. 55, 68 BayBO; §§ 60, 74 BauO NRW)";;1+2;Schema;5;4;;19.0;;"Band 2 › 16. Baurecht; 28.1 Trennung von Bauplanungs- und Bauordnungsrecht; Band 18 › B. 16-Länder-Matrix";Länder: LBO-Normen unterschiedlich – Zuschnitt: Bauplanungsrecht bundeseinheitlich, LBO als Overlay
177;2;59;7;Fr;Klausurpraxis;Zivilrecht;Schuldrecht AT;Schadensersatz statt oder neben der Leistung? Die eine Kontrollfrage;Ein defekter Chip zerstört eine bis dahin intakte Steuerungseinheit – was ersetzt welcher Anspruch?;Nach welchem Kriterium (hypothetische Nacherfüllung im letztmöglichen Zeitpunkt) grenzt man Schadensersatz statt und neben der Leistung ab?;§§ 280 I, III, 281 BGB;;1+2;Abgrenzung;5;2;;13.0;Das System der §§ 280 ff. BGB: Welcher Schadensersatz wann?;3.1 Schadensersatz statt und neben der Leistung;
178;2;60;8;Mo;Der Fall;Strafrecht;StGB AT;Schießen wegen ein paar Äpfeln? Notwehr bei Bagatellen;Ein Obstbauer schießt mit Schrot auf Jugendliche, die nachts Äpfel von seinen Bäumen stehlen.;Wann ist Verteidigung wegen krassen Missverhältnisses nicht mehr geboten?;§ 32 StGB;;1;Alltagsfall;4;5;ja;19.0;Notwehr § 32: Das Prüfungsschema;28.8 Notwehr, § 32 StGB;
179;2;60;8;Mi;Examenswissen;Zivilrecht;BGB AT;Vertreter ohne Vertretungsmacht: Haftet er persönlich? (§ 179 BGB);Ein Bekannter verkauft „in deinem Namen“ dein Motorrad – du willst davon nichts wissen.;Was gilt nach §§ 177, 178 BGB in der Schwebezeit, und wie haftet der falsus procurator nach § 179 I–III BGB?;§§ 177–180 BGB;;1+2;Schema;5;4;;19.0;Stellvertretung in drei Schritten: Wann bindet der Vertreter den Chef?;6.3 Missbrauch und Vertreter ohne Vertretungsmacht;
180;2;60;8;Fr;2. Examen;2. Examen;StPO-Praxis;Sachrüge: Wenn die Feststellungen das Urteil nicht tragen;Das Urteil verurteilt wegen Betrugs, sagt aber kein Wort dazu, worin der Vermögensschaden liegen soll.;Was prüft das Revisionsgericht auf die allgemeine Sachrüge, warum zählen nur die Urteilsgründe, und wann liegt ein Darstellungsmangel vor?;§§ 267, 337 StPO;—;2;Schema;5;1;;14.5;Revision in 6 Minuten: Sachrüge vs. Verfahrensrüge;"Band 6 – 47. Sachrüge - Prüfungsgrundlagen; 48. Darstellungsmangel; 18.9 Sachrüge; Band 20 – Revision – Sachrüge";stabil
181;2;61;9;Mo;Der Fall;Öffentliches Recht;Staatsorganisationsrecht;Vertrauensfrage: Wie ein Kanzler Neuwahlen herbeiführt;Die Koalition zerbricht, der Kanzler will Neuwahlen – darf er die Vertrauensfrage absichtlich verlieren?;"Art. 68 GG und auflösungsgerichtete Vertrauensfrage, Einschätzungsprärogative, Rolle des Bundespräsidenten; Abgrenzung konstruktives Misstrauensvotum.";Art. 63, 67, 68 GG;"BVerfGE 62, 1 (Bundestagsauflösung 1983); BVerfGE 114, 121 (Bundestagsauflösung 2005)";1;Klassiker-Fall;4;5;ja;19.0;;Band 12 › 4. › Bundesregierung;Gering: Vertrauensfrage Dezember 2024 und Neuwahl Februar 2025 als aktuelles Anschauungsbeispiel
182;2;61;9;Mi;Examenswissen;Strafrecht;StGB BT;Heimtücke: arglos, wehrlos – und was ist mit Schlafenden?;Ein Mann lockt seinen Geschäftspartner zu einem vermeintlichen Versöhnungsessen und greift ihn beim Hinsetzen an.;Was bedeuten Arg- und Wehrlosigkeit und Ausnutzungsbewusstsein – und warum sind Schlafende arglos, Kleinkinder aber nicht?;§ 211 II Gr. 2 StGB;"BGHSt 23, 119; BGHSt 4, 11";1+2;Schema;5;4;;19.5;Mord oder Totschlag? Die Mordmerkmale im Überblick;"14.4 Heimtücke; Band 13 › 10. › §§ 212, 211";
183;2;61;9;Fr;Klausurpraxis;Zivilrecht;Deliktsrecht;Kontrolleur stürzt bei der Verfolgung: Haftet der Schwarzfahrer?;Ein Schwarzfahrer flüchtet, der Kontrolleur stürzt bei der Verfolgung die Treppe hinunter.;Wann sind Schäden aus einer herausgeforderten Verfolgung oder Rettung dem Flüchtenden zuzurechnen?;§§ 823 I, 254 BGB;BGHZ 57, 25;1;Klassiker-Fall;5;4;ja;19.5;§ 823 I BGB: Das Prüfungsschema der unerlaubten Handlung;5.1 Verfolgungs- und Rettungsfälle;
184;2;62;10;Mo;Der Fall;Öffentliches Recht;Grundrechte;Existenzminimum: Darf das Jobcenter dir alles streichen?;Ein Leistungsempfänger verpasst drei Termine – das Jobcenter kürzt massiv.;Grundrecht auf menschenwürdiges Existenzminimum (Art. 1 I i.V.m. 20 I GG), transparente Bedarfsermittlung, Grenzen von Sanktionen.;"Art. 1 I, 20 I GG; §§ 31 ff. SGB II";"BVerfGE 125, 175 (Hartz IV); BVerfGE 152, 68 (Sanktionen)";1;Klassiker-Fall;4;5;ja;19.0;Menschenwürde: Darf der Staat ein entführtes Flugzeug abschießen?;Band 12 › 9. › Menschenwürde (Existenzminimum);Hoch: Reform von Bürgergeld/Grundsicherung und Sanktionen 2025/26 – Gesetzesstand prüfen
185;2;62;10;Mi;Examenswissen;Strafrecht;StGB BT;Vermögensschaden: Gesamtsaldierung einfach erklärt;Ein Käufer zahlt 300 Euro für einen „Designer-Sessel“, der in Wahrheit ein Nachbau ist – aber exakt 300 Euro wert.;Wie ermittelt man den Schaden durch Gesamtsaldierung und warum ist Täuschung allein kein Schaden?;§ 263 StGB;;1+2;Schema;5;4;;19.5;Betrug § 263: Das Prüfungsschema;Band 13 › 15. › Vermögensschaden;
186;2;62;10;Fr;2. Examen;2. Examen;ZPO;Baumbachsche Kostenformel: Die Tabelle, die dich rettet;Zwei Beklagte werden als Gesamtschuldner auf 20.000 Euro verklagt, der eine verliert voll, der andere gewinnt komplett.;Wie verteilt man Gerichtskosten und außergerichtliche Kosten bei Streitgenossen mit unterschiedlichem Erfolg Schritt für Schritt?;§§ 59–62, 91, 92, 100 ZPO;—;2;Schema;5;1;ja;16.5;Kostenquote in 5 Minuten: §§ 91, 92 ZPO sicher anwenden;"Band 4 – 16.2 Baumbachsche Kostenformel; 32.3 Streitgenossenschaft; Band 20 – Baumbachsche Kostenformel";stabil
187;2;63;11;Mo;Der Fall;Zivilrecht;Deliktsrecht;Weiterfresserschaden: Ein 40-Euro-Teil zerstört den ganzen Motor;Ein fehlerhaftes Kleinteil im Wert von 40 Euro zerstört nach einigen Wochen den ganzen Motor.;Wann ist der spätere Schaden an der gekauften Sache selbst eine Eigentumsverletzung (fehlende Stoffgleichheit)?;§§ 823 I, 437 BGB;"BGHZ 67, 359 (Schwimmerschalter); BGHZ 86, 256 (Gaszug)";1;Klassiker-Fall;5;4;ja;19.5;§ 823 I BGB: Das Prüfungsschema der unerlaubten Handlung;Weiterfressender Mangel;
188;2;63;11;Mi;Examenswissen;Öffentliches Recht;Verwaltungsrecht AT;Öffentliches oder privates Recht? Die Abgrenzungstheorien;Die Stadt kündigt dir die Parzelle in der städtischen Kleingartenanlage – Zivilgericht oder Verwaltungsgericht?;"Interessen-, Subordinations- und modifizierte Subjektstheorie; Bedeutung für Rechtsweg, Handlungsform und Verfahrensrecht.";"§ 40 I VwGO; § 13 GVG";;1;Schema;5;2;;16.0;;"Band 12 › 16. › Öffentlich-rechtliche Einordnung; Band 2 › 2.";
189;2;63;11;Fr;Klausurpraxis;Strafrecht;StGB AT;Beifahrer beim Straßenrennen: Selbst- oder Fremdgefährdung?;Ein Beifahrer feuert seinen Fahrer bei einem nächtlichen Rennen an und stirbt, als dieser die Kontrolle verliert.;Wie grenzt man eigenverantwortliche Selbstgefährdung von einverständlicher Fremdgefährdung ab und welche Rolle spielt § 228 StGB?;§§ 222, 228, 315d StGB;BGHSt 53, 55;1;Abgrenzung;5;4;ja;18.5;Der Heroinspritzen-Fall: Eigenverantwortliche Selbstgefährdung;Band 13 › 2. › Streitstände, Abgrenzungen und Konkurrenzfragen;
190;2;64;12;Mo;Der Fall;Zivilrecht;Bereicherungsrecht;Flugreise-Fall: Der Minderjährige, der ohne Ticket mitflog;Ein 17-Jähriger schmuggelt sich ohne gültiges Ticket an Bord eines Fluges nach New York.;Was hat der Minderjährige erlangt, kann er sich auf Entreicherung berufen und wessen Kenntnis zählt bei § 819 I BGB?;§§ 812, 818 III, 819 I, 828 BGB;BGHZ 55, 128;1;Klassiker-Fall;5;4;ja;19.5;„Das Geld ist schon weg!“ – Entreicherung nach § 818 III BGB;§ 819 I BGB bei Minderjährigen;
191;2;64;12;Mi;Examenswissen;Strafrecht;StPO;Beweisverwertungsverbote: Das System in 6 Minuten;Drei Ermittlungsfehler, drei Ergebnisse – warum nicht jeder Fehler zum Freispruch führt.;Erhebungs- vs. Verwertungsverbot, gesetzliche und selbständige Verbote, Abwägungslehre, Widerspruch, Fernwirkung.;§§ 136a III, 252, 100d, 479 StPO;;1+2;Schema;5;4;;19.5;Verfahrensablauf;"26. Beweisverwertungsverbote; 40.3 Verwertungsverbote";
192;2;64;12;Fr;Klausurpraxis;Öffentliches Recht;Verwaltungsrecht AT;Zweistufentheorie: Stadthalle, Förderkredit und Kita-Platz;Die städtische Hallen-GmbH vermietet nur an Vereine, die dem Bürgermeister gefallen.;"'Ob' der Zulassung öffentlich-rechtlich, 'Wie' der Nutzung privatrechtlich; Einwirkungsanspruch gegen die kommunale Eigengesellschaft.";"§ 40 VwGO; Gemeindeordnungen (z. B. § 8 GO NRW)";;1;Streitstand;5;3;;14.5;Öffentliches oder privates Recht? Die Abgrenzungstheorien;"Band 12 › 16. › Öffentlich-rechtliche Einordnung (Zweistufentheorie); 32. › Öffentliche Einrichtungen";Länder: Gemeindeordnungen unterschiedlich (z. B. Art. 21 BayGO, § 8 GO NRW, § 10 GemO BW) – Zuschnitt: Art. 28 II GG + Normtabelle als Overlay
193;2;65;13;Mo;Der Fall;Zivilrecht;BGB AT;Tanken ohne Geld: Wann entsteht der Vertrag an der Zapfsäule?;Du tankst für 80 Euro, gehst zur Kasse – und dein Portemonnaie liegt zu Hause.;Kommt der Kaufvertrag an der Selbstbedienungstankstelle schon an der Zapfsäule oder erst an der Kasse zustande?;§§ 145 ff., 433, 929 BGB;BGH, Urt. v. 4.5.2011 – VIII ZR 171/10, NJW 2011, 2871;1;Klassiker-Fall;4;5;ja;19.0;Schaufenster, Katalog, Webshop: Ist der Preis schon ein Angebot?;Teil A – 5. Die Zapfsäule - Selbstbedienungstankstelle;
194;2;65;13;Mi;Examenswissen;Strafrecht;StPO;Muss ich gegen meinen Partner aussagen?;Eine Frau soll als Zeugin gegen ihren Verlobten aussagen – später auch gegen ihren Mitbewohner.;Wer hat ein Zeugnisverweigerungsrecht nach § 52 StPO, wann ist zu belehren und was gilt bei § 55 StPO?;§§ 52, 53, 55 StPO;;1+2;Schema;4;5;;16.0;;"40.2 Zeugnis- und Auskunftsverweigerung; Band 13 › 30. › §§ 52–55";
195;2;65;13;Fr;2. Examen;2. Examen;StPO-Praxis;Beweiswürdigung in der Revision: Lücken, Widersprüche, in dubio;In einem Aussage-gegen-Aussage-Fall übergeht das Urteil, dass die Belastungszeugin ihre Schilderung dreimal geändert hat.;Wann ist tatrichterliche Beweiswürdigung revisibel, welche Anforderungen gelten bei Aussage gegen Aussage, und wann greift in dubio pro reo revisionsrechtlich?;"§§ 261, 267, 337 StPO; Art. 6 II EMRK";BGH st. Rspr. zu erhöhten Darlegungsanforderungen bei Aussage gegen Aussage;2;Sonderlage;5;3;ja;16.5;Sachrüge: Wenn die Feststellungen das Urteil nicht tragen;"Band 6 – 49. Beweiswürdigung in der Sachrüge; 50. In-dubio-pro-reo";stabil
196;2;66;14;Mo;Der Fall;Zivilrecht;BGB AT;Tippgemeinschaft ohne Tippschein: Haftet der Kollege für den Jackpot?;Deine Lotto-Tipprunde hätte gewonnen – aber der Kollege hat vergessen, den Schein abzugeben.;Wann liegt bei Gefälligkeiten ein Rechtsbindungswille vor und haftet der Gefällige für entgangenen Gewinn?;§§ 145, 241, 276, 705 BGB;BGH NJW 1974, 1705 (Lottogemeinschaft);1;Klassiker-Fall;4;5;ja;19.0;Angebot und Annahme: Wann ist ein Vertrag wirklich geschlossen?;Band 11 – 3. Vertragsschluss, Auslegung und Konsens – Streitstände, Abgrenzungen und Konkurrenzfragen;
197;2;66;14;Mi;Examenswissen;Öffentliches Recht;Baurecht;Was darf ins Wohngebiet? Die Baugebiete der BauNVO;Im reinen Wohngebiet soll eine Kita öffnen, im allgemeinen Wohngebiet ein Tattoo-Studio.;§ 30 I BauGB, Baugebietstypen der §§ 2 ff. BauNVO, Regel- und Ausnahmezulässigkeit, § 15 BauNVO, Privilegierung von Kinderlärm.;"§ 30 BauGB; §§ 1–15 BauNVO";;1;Schema;5;4;;19.0;Bauplanungs- und Bauordnungsrecht: Zwei Ebenen, ein Bauantrag;"Band 2 › 16.1 Bauplanungsrecht; Band 12 › 30. › § 30";Mittel: aktuelle BauNVO-Fassung (u. a. urbanes Gebiet § 6a) prüfen
198;2;66;14;Fr;Klausurpraxis;Strafrecht;StGB AT;Notwehrprovokation: Wer den Streit sucht, verliert sein Notwehrrecht?;Ein Mann beleidigt einen anderen absichtlich, um ihn zum Angriff zu reizen und ihn dann „in Notwehr“ niederzustechen.;Absichtsprovokation vs. vorwerfbare Provokation: Wann entfällt Notwehr, wann gilt Ausweichen – Schutzwehr – Trutzwehr?;§ 32 StGB;;1;Streitstand;5;4;ja;18.5;Notwehr § 32: Das Prüfungsschema;"12.10 Notwehrprovokation; Teil C › 53. Der provozierte Angriff; Band 19 › Fahrlässige Notwehrprovokation";
199;2;67;15;Mo;Der Fall;Zivilrecht;Kaufrecht;Fehlerhafte Fliesen schon verlegt: Wer zahlt Aus- und Einbau?;Die gekauften Fliesen haben Farbfehler – aber sie liegen schon im ganzen Bad.;Muss der Verkäufer im Rahmen der Nacherfüllung Aus- und Einbaukosten tragen (§ 439 III BGB)?;§ 439 III BGB;EuGH, Urt. v. 16.6.2011 – C-65/09, C-87/09 (Weber/Putz);1+2;Klassiker-Fall;4;5;ja;19.0;Reparatur oder neues Gerät – wer entscheidet bei der Nacherfüllung?;35.3 Nacherfuellung, §§ 437 Nr. 1, 439 BGB;§ 439 III BGB seit 1.1.2018, auch im Unternehmerverkehr
200;2;67;15;Mi;Examenswissen;Öffentliches Recht;Polizei- und Ordnungsrecht;Öffentliche Sicherheit: Was die Polizei überhaupt schützt;Die Polizei schreitet ein, weil jemand Graffiti auf seine eigene Garage sprüht – darf sie das?;Schutzgüter der öffentlichen Sicherheit (Rechtsordnung, Individualrechtsgüter, Staat), Schutz privater Rechte nur subsidiär, Selbstgefährdung.;Landes-PolG (Generalklausel, Subsidiarität beim Schutz privater Rechte);;1;Schema;5;3;;17.5;Polizeirecht-Schema: Standardmaßnahme vor Generalklausel;"Band 2 › 15.1 Schutzgueter und Gefahr; 27.1 Aufgabe, Schutzgueter und Gefahr";Länder: Befugnisnormen je PolG/SOG/OBG (z. B. § 8 PolG NRW, Art. 11 PAG, § 11 HSOG) – Zuschnitt: bundeseinheitliche Dogmatik, Landesnormen als Overlay-Tabelle
201;2;67;15;Fr;Methodik;Methodik;Lernen;Lernplan fürs Examen: So teilst du 12 Monate ein;Examen in einem Jahr – womit fängst du an?;Lernplanung, Wiederholung, Klausurtraining;;;1+2;Methodik;5;3;;14.5;;36.4 Lernplan und Klausurbearbeitung;
202;2;68;16;Mo;Der Fall;Zivilrecht;Weitere Vertragstypen;Mittellose Ehefrau bürgt für Millionenkredit: Sittenwidrig?;Die Ehefrau ohne eigenes Einkommen bürgt für 200.000 Euro Firmenkredit ihres Mannes.;Wann ist eine Angehörigenbürgschaft wegen krasser finanzieller Überforderung nach § 138 I BGB nichtig?;"§§ 138 I, 765 BGB; Art. 2 I GG";BVerfGE 89, 214;1;Klassiker-Fall;4;5;ja;19.0;Bürgschaft: Warum du nicht leichtfertig für Freunde bürgen solltest;Band 11 – 22. Darlehen, Bürgschaft und Personalsicherheiten – Bürgschaft;
203;2;68;16;Mi;Examenswissen;Strafrecht;StGB AT;Erlaubnistatbestandsirrtum: Der vermeintliche Angreifer mit dem Handy;Eine Joggerin sieht nachts einen Mann mit glänzendem Gegenstand auf sich zulaufen und sprüht Pfefferspray – er wollte ihr nur ihr verlorenes Handy bringen.;Wie wirkt die irrige Annahme eines rechtfertigenden Sachverhalts: strenge, eingeschränkte oder rechtsfolgenverweisende Schuldtheorie?;§§ 16 I, 17, 32 StGB;;1+2;Streitstand;5;4;ja;18.5;Notwehr § 32: Das Prüfungsschema + Tatbestandsirrtum § 16: Der Jäger und der Pilzsammler;"Band 19 › Erlaubnistatbestandsirrtum; Teil C › 54. Das irrtümliche Messer; 12.8";
204;2;68;16;Fr;2. Examen;2. Examen;Klausurtechnik;Bearbeitervermerk zuerst: Die ersten 20 Minuten jeder Klausur;Du hast fünf Stunden, 30 Seiten Akte und einen Bearbeitervermerk, der drei Teile vom Entwurf ausnimmt.;Wie liest man den Bearbeitervermerk als Arbeitsauftrag, und wie erstellt man einen Aktenauszug mit Zeitstrahl, Anträgen, streitig/unstreitig und Fristen?;"§ 313 ZPO; § 117 VwGO; § 200 StPO";—;2;Schema;5;1;;14.5;;"Band 4 – 1. Grundprinzip der zivilrechtlichen Assessorklausur; 29.1 Aktenanalyse; Band 5 – 1.2 Bearbeitervermerk als oberste Arbeitsanweisung; 1.3 Aktenauswertung; Band 14 – 1. (Aktenanalyse)";stabil
205;2;69;17;Mo;Der Fall;Öffentliches Recht;Grundrechte;Lebach: Darf das Fernsehen deine alte Straftat ausgraben?;Kurz vor deiner Haftentlassung plant ein Sender eine Doku über deine Tat – mit Namen und Foto.;"Persönlichkeitsrecht und Resozialisierung vs. Rundfunkfreiheit; Zeitfaktor der Berichterstattung; Lebach I und II.";Art. 2 I i.V.m. 1 I, 5 I 2 GG;"BVerfGE 35, 202 (Lebach I); BVerfG (K), NJW 2000, 1859 (Lebach II)";1;Klassiker-Fall;4;5;ja;19.0;Persönlichkeitsrecht: Die Sphärentheorie einfach erklärt;Band 2 › 21.1 (Klassiker Lebach I/II laut Klassikerabgleich);
206;2;69;17;Mi;Examenswissen;Zivilrecht;Schuldrecht AT;Schadensersatz statt der Leistung: Fristsetzung richtig gemacht;Der Händler liefert die bezahlten Felgen nicht – du kaufst woanders teurer ein.;Welche Voraussetzungen hat der Anspruch aus §§ 280 I, III, 281 BGB (Fristsetzung, Entbehrlichkeit, Deckungskauf)?;§§ 280 I, III, 281 BGB;;1+2;Schema;5;4;;19.0;Das System der §§ 280 ff. BGB: Welcher Schadensersatz wann?;34.3 Schadensersatz statt der Leistung, §§ 280 I, III, 281 BGB;
207;2;69;17;Fr;Klausurpraxis;Strafrecht;StGB BT;Schwerer Raub: Die Spielzeugpistole;Ein Räuber bedroht eine Bäckereiverkäuferin mit einer täuschend echt aussehenden Spielzeugpistole.;Ist eine Scheinwaffe ein „sonstiges Werkzeug oder Mittel“ – und warum reicht der Lippenpflegestift im Rücken nicht?;§ 250 I Nr. 1b, II Nr. 1 StGB;BGH NStZ 1997, 184 (Labello-Fall);1+2;Streitstand;5;4;ja;18.5;Raub § 249: Gewalt, Wegnahme, Finalität;"Band 19 › Scheinwaffe; 34.2 Schwerer Raub, § 250 StGB";
208;2;70;18;Mo;Der Fall;Öffentliches Recht;Grundrechte;Staatstrojaner: Das 'Computer-Grundrecht';Die Polizei will heimlich Software auf deinem Laptop installieren, um deine Chats mitzulesen.;"Vertraulichkeit und Integrität informationstechnischer Systeme; Abgrenzung zu Art. 10 und 13 GG; Online-Durchsuchung vs. Quellen-TKÜ.";"Art. 2 I i.V.m. 1 I, 10, 13 GG; §§ 100a, 100b StPO; BKAG";BVerfGE 120, 274 (Online-Durchsuchung);1;Klassiker-Fall;4;5;ja;19.0;Volkszählungsurteil: Die Geburtsstunde des Datenschutzes;"Band 2 › 32.4; Band 12 › 13. › Art. 10";Mittel: neuere BVerfG-Rspr. zu Staatstrojaner-Befugnissen in StPO/Polizeigesetzen prüfen
209;2;70;18;Mi;Examenswissen;Zivilrecht;Schuldrecht AT;Konzert fällt aus: Wer trägt die Gegenleistungsgefahr? (§ 326 BGB);Der Pianist wird krank, das gebuchte Privatkonzert fällt aus – musst du trotzdem zahlen?;Wann entfällt die Gegenleistung nach § 326 I BGB und wann bleibt sie ausnahmsweise nach § 326 II BGB bestehen?;§ 326 I–V BGB;;1;Schema;5;4;;19.0;Unmöglichkeit: Wenn die Leistung einfach nicht mehr geht (§ 275 BGB);Band 11 – 10. Unmöglichkeit und Gegenleistungsgefahr – Gegenleistung und Gefahr;
210;2;70;18;Fr;2. Examen;2. Examen;ZPO;Sekundäre Darlegungslast: Wenn nur der Gegner Bescheid weiß;Ein Rechteinhaber verklagt den Anschlussinhaber wegen Filesharings, obwohl vier Personen im Haushalt denselben Router nutzen.;Wann muss die nicht beweisbelastete Partei näher vortragen, und warum verschiebt die sekundäre Darlegungslast die Beweislast nicht?;§ 138 ZPO;BGH, Urt. v. 8.1.2014 – I ZR 169/12 (BearShare);2;Sonderlage;4;4;ja;16.0;Bestreiten und Erheblichkeit;Band 4 – 29.3 Darlegungslast und Substantiierung;stabil
211;2;71;19;Mo;Der Fall;Strafrecht;StGB AT;Objektive Zurechnung: Der Neffe, das Gewitter und der Blitz;Ein Neffe schickt seine reiche Tante bei Gewitter in den Wald, in der Hoffnung, der Blitz treffe sie – und genau das passiert.;Warum genügt Kausalität nicht und wann hat der Täter eine rechtlich missbilligte Gefahr geschaffen, die sich im Erfolg realisiert?;§§ 212, 222 StGB;;1;Klassiker-Fall;5;3;ja;18.5;Kausalität einfach erklärt: die conditio-sine-qua-non-Formel;"3. Objektive Zurechnung; 28.4 Objektive Zurechnung";
212;2;71;19;Mi;Examenswissen;Zivilrecht;Schuldrecht AT;Schadensrecht in fünf Minuten: Differenzhypothese und Naturalrestitution;Dein Fahrrad wird angefahren – bekommst du die Reparatur oder Geld?;Wie wird ein Schaden nach der Differenzhypothese ermittelt und wann schuldet der Schädiger Herstellung oder Geld (§§ 249–251 BGB)?;§§ 249–251 BGB;;1+2;Schema;5;4;;19.0;Das System der §§ 280 ff. BGB: Welcher Schadensersatz wann?;10. Schadensrecht §§ 249 ff. BGB;
213;2;71;19;Fr;Klausurpraxis;Öffentliches Recht;Staatshaftungsrecht;Wenn der Staat Mist baut: Das System der Staatshaftung;Die Stadt beschädigt deinen Zaun, schleppt dein Auto zu Unrecht ab und blockiert monatelang deinen Laden – welche Ansprüche hast du?;"Primär- vs. Sekundärebene; Überblick: Folgenbeseitigung, Unterlassung, Amtshaftung, enteignungsgleicher/enteignender Eingriff, Aufopferung, Erstattung, Landesrecht.";"§ 839 BGB; Art. 14, 34 GG; Landes-PolG";;1+2;Schema;4;4;;14.0;;"Band 2 › 17. Staatshaftungsrecht; 29. Staatshaftungsrecht - vollständige Anspruchsordnung; Band 12 › 33.";
214;2;72;20;Mo;Der Fall;Strafrecht;StGB AT;Der Lederriemen-Fall: Vorsatz oder bewusste Fahrlässigkeit?;Zwei Männer würgen einen Bekannten mit einem Riemen bis zur Bewusstlosigkeit, um ihn auszurauben, und hoffen, dass er überlebt.;Wie grenzt man Eventualvorsatz von bewusster Fahrlässigkeit ab – was bedeutet „Billigen im Rechtssinne“?;§§ 15, 212, 222 StGB;BGHSt 7, 363;1;Klassiker-Fall;5;3;ja;18.5;Absicht, Wissen, Eventualvorsatz: Die drei Vorsatzformen;"4. Vorsatz und Irrtuemer; Band 13 › 3. › Vorsatzformen";
215;2;72;20;Mi;Examenswissen;Zivilrecht;Kaufrecht;Das Heizgerät setzt den Keller in Brand: Schadensersatz im Kaufrecht;Das gekaufte Heizgerät ist defekt und setzt nach einer Woche den Keller in Brand.;Welche Anspruchsgrundlage aus §§ 437 Nr. 3, 280 ff. BGB trägt Mangelschaden, Mangelfolgeschaden und Verzögerungsschaden?;§§ 437 Nr. 3, 280, 281, 283, 311a II BGB;;1+2;Schema;5;4;;19.0;Schadensersatz statt oder neben der Leistung? Die eine Kontrollfrage;35.4 Ruecktritt, Minderung, Schadensersatz;
216;2;72;20;Fr;2. Examen;2. Examen;VwGO-Praxis;Widerspruchsbescheid schreiben: Tenor, Gründe, Kosten, Belehrung;Als Referendarin im Landratsamt sollst du über einen Widerspruch gegen eine Hundehaltungsuntersagung entscheiden.;Wie prüft die Widerspruchsbehörde Zulässigkeit, Recht- und Zweckmäßigkeit, und wie baut man Tenor, Gründe, Kostenentscheidung und Belehrung auf?;"§§ 68, 70, 72, 73 VwGO; § 80 VwVfG";—;2;Schema;5;2;;16.0;;"Band 5 – 21. Widerspruchsverfahren – Prüfungsprogramm; 22. Widerspruchsbescheid – Aufbau; 23. Gründe des Widerspruchsbescheids; 17.5; Band 20 – Widerspruchsbescheid – Beschluss- und Bescheidform";Landesrecht: Statthaftigkeit des Widerspruchs je Land prüfen
217;2;73;21;Mo;Der Fall;Öffentliches Recht;Grundrechte;Recht auf Vergessen: Muss dein Name aus dem Online-Archiv?;Wer deinen Namen googelt, findet sofort einen 30 Jahre alten Artikel über deinen Strafprozess im Archiv eines Magazins.;Zeitdimension des Persönlichkeitsrechts, Online-Pressearchive, Abwägung mit Pressefreiheit, abgestufte Schutzmaßnahmen (Auffindbarkeit).;Art. 2 I i.V.m. 1 I, 5 I GG;BVerfGE 152, 152 (Recht auf Vergessen I);1;Klassiker-Fall;4;5;ja;19.0;Lebach: Darf das Fernsehen deine alte Straftat ausgraben?;Band 12 › 9. › Allgemeines Persönlichkeitsrecht;
218;2;73;21;Mi;Examenswissen;Strafrecht;StPO;§ 252 StPO: Die Ehefrau schweigt in der Hauptverhandlung;Eine Ehefrau belastet ihren Mann bei der Polizei schwer, beruft sich vor Gericht aber auf ihr Zeugnisverweigerungsrecht.;Dürfen die Polizeibeamten oder der Ermittlungsrichter über die frühere Aussage berichten?;§§ 52, 252 StPO;;1+2;Streitstand;5;4;ja;18.5;Muss ich gegen meinen Partner aussagen?;"15.4 § 252 StPO; Band 19 › Beweisverwertungsverbot bei § 252 StPO; Band 13 › 29. › § 252";
219;2;73;21;Fr;Klausurpraxis;Zivilrecht;Sachenrecht;Sicherungsübereignung: Du fährst das Auto, aber es gehört der Bank;Die Bank finanziert deinen Firmenwagen und lässt ihn sich zur Sicherheit übereignen.;Wie wird eine Sicherungsübereignung nach §§ 929, 930 BGB konstruiert und welche Rolle spielt der Sicherungsvertrag?;§§ 929, 930 BGB;;1+2;Schema;5;4;;19.0;Eigentum ohne Übergabe: §§ 929 S. 2, 930 und 931 BGB;37.4 Sicherungsuebereignung;
220;2;74;22;Mo;Der Fall;Öffentliches Recht;Grundrechte;Rauchverbot mit Ausnahmen: Gleichheit trifft Berufsfreiheit;Die Eckkneipe muss rauchfrei sein, die große Disko mit Raucherraum nicht – ein Wirt klagt.;"Rauchverbot als Berufsausübungsregelung; Folgerichtigkeit bei Ausnahmen; Zusammenspiel von Art. 12 I und Art. 3 I GG.";"Art. 12 I, 3 I GG; Landesnichtraucherschutzgesetze";BVerfGE 121, 317 (Rauchverbot in Gaststätten);1;Klassiker-Fall;4;5;ja;19.0;Gleichheitssatz: Willkürformel, Neue Formel und strenge Prüfung + Drei-Stufen-Theorie: Das Apotheken-Urteil;Teil B › 42. Das Rauchverbot - Berufsfreiheit und Gleichheit;Länder: Nichtraucherschutzgesetze unterschiedlich – Zuschnitt über den BVerfG-Maßstab
221;2;74;22;Mi;Examenswissen;Strafrecht;StGB BT;Unterlassene Hilfeleistung: Muss ich jedem helfen?;Mehrere Kunden steigen im Foyer einer Bankfiliale über einen bewusstlosen älteren Mann hinweg, um Geld abzuheben.;Unglücksfall, Erforderlichkeit, Zumutbarkeit – wann wird Wegsehen nach § 323c StGB strafbar?;§ 323c I StGB;;1+2;Schema;4;5;;16.0;Unechtes Unterlassen § 13: Strafbar durch Nichtstun;29.2 Echte Unterlassungsdelikte;
222;2;74;22;Fr;2. Examen;2. Examen;StPO-Praxis;Anklageschrift nach § 200 StPO: Aufbau Schritt für Schritt;Du hast den hinreichenden Tatverdacht bejaht und musst jetzt die Anklage zum Schöffengericht schreiben.;Welche Bestandteile hat die Anklageschrift – Personalien, Anklagesätze, Vorschriften, Beweismittel, wesentliches Ergebnis, Anträge – und in welcher Reihenfolge?;"§ 200 StPO; RiStBV";—;2;Schema;5;2;;16.0;Hinreichender Tatverdacht: Wann die Staatsanwaltschaft anklagen darf;"Band 6 – 15. Aufbau der Anklageschrift; 16. Personalien und Einleitung der Anklage; 20. Beweismittelverzeichnis; 21. Wesentliches Ergebnis der Ermittlungen; 22. Anträge der Anklageschrift";stabil
223;2;75;23;Mo;Der Fall;Zivilrecht;Deliktsrecht;Erfundenes Interview: Geldentschädigung für Persönlichkeitsverletzungen;Ein Magazin druckt ein komplett erfundenes Exklusiv-Interview mit einer Prinzessin.;Wie wird das allgemeine Persönlichkeitsrecht als sonstiges Recht geschützt und wann gibt es Geldentschädigung?;§ 823 I BGB i.V.m. Art. 1 I, 2 I GG;BGHZ 128, 1 (Caroline von Monaco);1;Klassiker-Fall;4;5;ja;19.0;§ 823 I BGB: Das Prüfungsschema der unerlaubten Handlung;24.1 § 823 I BGB;
224;2;75;23;Mi;Examenswissen;Strafrecht;StGB AT;Leben gegen Leben: Einen opfern, um fünf zu retten?;Eine Stellwerksmitarbeiterin lenkt einen führerlosen Güterzug auf ein Nebengleis, wo ein einzelner Arbeiter steht.;Warum rechtfertigt § 34 keine Abwägung Leben gegen Leben und was leistet der übergesetzliche entschuldigende Notstand?;"§§ 34, 35 StGB; Art. 1 I GG";BVerfGE 115, 118 (Luftsicherheitsgesetz);1;Streitstand;4;5;ja;18.0;Rechtfertigender Notstand § 34: Einbruch in die Berghütte;"5.2 Rechtfertigender Notstand § 34 StGB; 28.15 Entschuldigungsgruende";
225;2;75;23;Fr;Klausurpraxis;Öffentliches Recht;Grundrechte;Gleichheitssatz: Willkürformel, Neue Formel und strenge Prüfung;Im städtischen Freizeitbad zahlen Einheimische weniger als Auswärtige – ist das gerecht?;Vergleichspaare, Ungleichbehandlung, stufenlose Prüfungsdichte von Willkürkontrolle bis Verhältnismäßigkeit, Typisierung.;Art. 3 I GG;"BVerfGE 55, 72 (Neue Formel); BVerfG, Beschl. v. 19.07.2016 – 2 BvR 470/08 (Einheimischentarif)";1;Schema;5;4;;19.0;Grundrechtsprüfung: Schutzbereich, Eingriff, Rechtfertigung;"Band 2 › 21.3 Gleichheit; 32.6 Gleichheitsrechte; Band 12 › 10. › Art. 3 Abs. 1";
226;2;76;24;Mo;Der Fall;Zivilrecht;Bereicherungsrecht;Dein Foto in fremder Werbung: Die Eingriffskondiktion;Ein Unternehmen verwendet ohne Erlaubnis dein Foto für eine Werbekampagne.;Wann ist jemand „in sonstiger Weise“ auf Kosten eines anderen bereichert (Zuweisungsgehalt) und was ist herauszugeben (Lizenzgebühr)?;§§ 812 I 1 Alt. 2, 818 II BGB;BGHZ 20, 345 (Paul Dahlke);1;Klassiker-Fall;4;5;ja;19.0;Bereicherungsrecht im Überblick: Welche Kondiktion wann?;25.2 Nichtleistungskondiktion und § 816 BGB;
227;2;76;24;Mi;Examenswissen;Strafrecht;StGB AT;Mittelbare Täterschaft: Mit fremden Händen;Eine Ärztin lässt eine ahnungslose Pflegekraft eine tödliche Injektion geben, die sie als Schmerzmittel ausgibt.;Welche Defizite des Vordermanns begründen Tatherrschaft des Hintermanns (Irrtum, Zwang, Schuldunfähigkeit)?;§ 25 I Alt. 2 StGB;;1;Schema;5;3;;18.0;Mittäterschaft § 25 II: Gemeinsam geplant, gemeinsam verantwortlich;"11.2 Mittelbare Taeterschaft; 30.2";
228;2;76;24;Fr;2. Examen;2. Examen;Klausurtechnik;Anwaltsklausur: Gutachten, Zweckmäßigkeit, Schriftsatz;Die Mandantin will nicht wissen, wer recht hat, sondern was sie jetzt konkret tun soll.;Wie baut man eine Anwaltsklausur in allen drei Rechtsgebieten auf, und was unterscheidet echte Zweckmäßigkeitserwägungen von einem zweiten Gutachten?;"§ 43a BRAO; ZPO; VwGO; StPO";—;2;Schema;5;2;;16.0;Bearbeitervermerk zuerst: Die ersten 20 Minuten jeder Klausur;"Band 4 – 18. Anwaltsklausur - Grundstruktur; 43.1 Allgemeiner Aufbau; Band 5 – 17.1 Dreistufiger Aufbau; Band 14 – 4. Zivilrechtliche Anwaltsklausur";stabil
229;2;77;25;Mo;Der Fall;Zivilrecht;Arbeitsrecht;Kündigung wegen 1,30 Euro? Der Fall Emmely;Eine Kassiererin löst nach 31 Jahren Pfandbons über 1,30 Euro ein, die ihr nicht gehören.;Wann rechtfertigt ein Vermögensdelikt mit geringem Schaden eine fristlose Kündigung (§ 626 BGB) und welche Rolle spielt eine Abmahnung?;"§ 626 BGB; § 1 II KSchG";BAG, Urt. v. 10.6.2010 – 2 AZR 541/09 (Emmely);1;Klassiker-Fall;4;5;ja;19.0;Ohne Grund gekündigt? So schützt das Kündigungsschutzgesetz;Band 11 – 40. Arbeitsrecht – Kündigung;
230;2;77;25;Mi;Examenswissen;Öffentliches Recht;Verwaltungsprozessrecht;Fortsetzungsfeststellungsklage: Klagen, wenn alles vorbei ist;Die Polizei hat deine Demo aufgelöst – sie ist vorbei, aber du willst wissen, ob das rechtens war.;Erledigung, § 113 I 4 VwGO direkt und analog, Fortsetzungsfeststellungsinteresse (Wiederholungsgefahr, Rehabilitation, Präjudiz, tiefgreifender Grundrechtseingriff).;"§ 113 I 4 VwGO; § 43 II VwVfG";BVerwGE 146, 303 (Fortsetzungsfeststellungsinteresse);1+2;Schema;5;4;;19.0;Anfechtungsklage: Das komplette Prüfungsschema;"Band 2 › 5.; 25.5 Fortsetzungsfeststellungsklage; Band 12 › 24.";
231;2;77;25;Fr;Klausurpraxis;Strafrecht;StGB AT;Rose-Rosahl: Was passiert mit dem Anstifter, wenn der Täter sich irrt?;Ein Unternehmer beauftragt einen Bekannten, seinen Konkurrenten zu erschießen – der erschießt im Dunkeln einen Spaziergänger.;Ist der error in persona des Täters für den Anstifter unbeachtlich oder für ihn eine aberratio ictus?;§§ 16, 26, 212 StGB;"PrObTr, GA 7, 322 (Rose-Rosahl, 1859); BGHSt 37, 214 (Hoferben-Fall)";1;Klassiker-Fall;5;3;ja;18.5;Error in persona: Die Verwechslung im Dunkeln + Anstiftung § 26: Wer den Tatentschluss weckt;Teil C › 48. Rose-Rosahl neu - error in persona beim Täter und Anstifter;
232;2;78;26;Mo;Der Fall;Zivilrecht;BGB AT;Preisfehler im Onlineshop – muss der Händler liefern?;Der Fernseher steht im Shop für 49 statt 499 Euro – du bestellst sofort und bekommst eine Bestätigungsmail.;Ist die automatische Bestellbestätigung schon Annahme und kann der Händler einen Eingabe- oder Softwarefehler nach § 119 I oder § 120 BGB anfechten?;§§ 119 I, 120, 122, 312i I 1 Nr. 3 BGB;BGH, Urt. v. 26.1.2005 – VIII ZR 79/04, NJW 2005, 976;1;Alltagsfall;4;5;ja;18.5;Schaufenster, Katalog, Webshop: Ist der Preis schon ein Angebot?;2.5 Schweigen und Vertragsschluss im Internet;
233;2;78;26;Mi;Examenswissen;Öffentliches Recht;Verwaltungsprozessrecht;Einstweilige Anordnung nach § 123: Schnell etwas bekommen;Das Stadtfest ist in zehn Tagen, die Stadt verweigert dir den Standplatz.;Abgrenzung zu § 80 (§ 123 V), Sicherungs- vs. Regelungsanordnung, Anordnungsanspruch und -grund, Glaubhaftmachung, Vorwegnahme der Hauptsache.;"§ 123 VwGO; §§ 294, 920 ZPO";;1+2;Schema;5;4;;19.0;Verpflichtungsklage: Spruchreife und Bescheidungsurteil;"Band 2 › 8.2 § 123 I VwGO; 25.10; Band 12 › 25. › § 123";
234;2;78;26;Fr;2. Examen;2. Examen;StPO-Praxis;Einstellung nach § 170 II StPO: Und was kann das Opfer tun?;Die Staatsanwaltschaft stellt das Verfahren gegen einen Arzt ein, den eine Patientin wegen Körperverletzung angezeigt hat.;Wann stellt die Staatsanwaltschaft nach § 170 II StPO ein, welche Mitteilungen sind nötig, und wie funktionieren Beschwerde und Klageerzwingung?;§§ 170 II, 171, 172 StPO;—;2;Schema;4;5;;15.5;Hinreichender Tatverdacht: Wann die Staatsanwaltschaft anklagen darf;Band 6 – 9.1 § 170 II StPO;stabil
235;2;79;27;Mo;Der Fall;Strafrecht;StGB AT;Der Jauchegrube-Fall: Für tot gehalten – und dann erst getötet;Eine Frau würgt ihren Mann, hält ihn für tot und wirft ihn in einen Teich, in dem er erst ertrinkt.;Wie wird der zweiaktige Geschehensablauf gelöst – dolus generalis, Gesamtvorsatz oder Versuch plus Fahrlässigkeit?;§§ 16 I, 212, 222 StGB;BGHSt 14, 193;1;Klassiker-Fall;5;3;ja;18.5;Irrtum über den Kausalverlauf: Der Brückenpfeiler;Band 19 › Außertatbestandliche Zielerreichung / Denkzettelfälle;
236;2;79;27;Mi;Examenswissen;Zivilrecht;Sachenrecht;Vormerkung: Wie der Käufer sein Haus vor dem Doppelverkauf schützt;Nach dem Notartermin verkauft der Verkäufer das Haus noch einmal an einen Meistbietenden.;Welche Voraussetzungen hat die Vormerkung und wie wirken relative Unwirksamkeit (§ 883 II) und Zustimmungsanspruch (§ 888 BGB)?;§§ 883–888 BGB;;1+2;Schema;5;4;;19.0;Hauskauf in drei Schritten: Kaufvertrag, Auflassung, Grundbuch;22.2 Vormerkung;
237;2;79;27;Fr;Methodik;Methodik;Lernen;Probeklausuren: Wie viele und wie auswerten?;Du schreibst jede Woche eine Klausur, aber die Noten bleiben gleich.;Klausurtraining und Fehleranalyse;;;1+2;Methodik;5;3;;14.5;;36.4 Lernplan und Klausurbearbeitung;
238;2;80;28;Mo;Der Fall;Öffentliches Recht;Grundrechte;Kopftuch im Klassenzimmer: Darf die Lehrerin es tragen?;Eine Mathelehrerin will mit Kopftuch unterrichten, das Land hat ein pauschales Verbot.;"Glaubensfreiheit der Lehrerin vs. negative Religionsfreiheit, Elternrecht und Neutralität; pauschales Verbot vs. konkrete Gefahr; Abgrenzung zur Justiz.";Art. 4 I, II, 6 II, 7 I, 33 III GG;"BVerfGE 108, 282 (Kopftuch I); BVerfGE 138, 296 (Kopftuch II); BVerfGE 153, 1 (Rechtsreferendarin)";1;Klassiker-Fall;4;5;ja;19.0;Vorbehaltlose Grundrechte: Wo endet die Kunst- und Glaubensfreiheit?;"Band 2 › 32.7 Glaubensfreiheit, Art. 4 I, II GG; Band 12 › 11. › Art. 4";"Länder: Schul- und Neutralitätsgesetze variieren; § 61 II BBG / § 34 II BeamtStG (2021) beachten"
239;2;80;28;Mi;Examenswissen;Zivilrecht;Bereicherungsrecht;Leistungskondiktion: Etwas erlangt, durch Leistung, ohne Rechtsgrund;Der Kaufvertrag über das Klavier war nichtig – du hattest aber schon bezahlt.;Welche Voraussetzungen hat § 812 I 1 Alt. 1 BGB und wie wird der Leistungsbegriff bestimmt?;§ 812 I 1 Alt. 1 BGB;;1+2;Schema;5;4;;19.0;Bereicherungsrecht im Überblick: Welche Kondiktion wann?;25.1 Leistungskondiktion § 812 I 1 Alt. 1 BGB;
240;2;80;28;Fr;Klausurpraxis;Strafrecht;StGB BT;Konkludente Täuschung: Lügen ohne ein falsches Wort;Ein Gast bestellt im Restaurant ein Drei-Gänge-Menü, obwohl er weiß, dass er nicht zahlen kann – ein Unternehmen verschickt Angebote, die wie Rechnungen aussehen.;Welchen Erklärungswert hat ein Verhalten im Geschäftsverkehr und wann täuscht auch ein inhaltlich wahres Schreiben?;§ 263 StGB;BGHSt 47, 1;1+2;Abgrenzung;5;5;;18.0;Betrug § 263: Das Prüfungsschema;13.6 Konkludente Täuschung;
241;2;81;29;Mo;Der Fall;Öffentliches Recht;Grundrechte;Kreuz im Klassenzimmer: Der Kruzifix-Beschluss erklärt;Eltern verlangen, dass das Kreuz über der Tafel im Klassenzimmer ihres Sohnes abgehängt wird.;"Negative Glaubensfreiheit, 'Lernen unter dem Kreuz', staatliche Neutralität; Widerspruchslösung.";Art. 4 I, 6 II, 7 I GG;BVerfGE 93, 1 (Kruzifix);1;Klassiker-Fall;4;5;ja;19.0;Vorbehaltlose Grundrechte: Wo endet die Kunst- und Glaubensfreiheit?;Band 12 › 11. › Art. 4;"Länder: Art. 7 IV BayEUG; bayerischer Kreuzerlass für Behörden als Folgefall"
242;2;81;29;Mi;Examenswissen;Zivilrecht;Gesellschaftsrecht;WG-GbR zahlt nicht: Haften die Gesellschafter privat? (§ 721 BGB);Die Gesellschaft bürgerlichen Rechts zahlt die Rechnung nicht – der Gläubiger greift auf dein Privatkonto zu.;Wie haften Gesellschafter einer rechtsfähigen GbR persönlich (§§ 721, 721a, 721b BGB), auch beim Eintritt und nach dem Austritt?;§§ 721–721b, 728b BGB;;1+2;Schema;5;4;;19.0;Die GbR nach dem MoPeG: Rechtsfähig, eingetragen, haftend;27.3 GmbH und AG (MoPeG-Normalisierung);MoPeG seit 1.1.2024: § 721 BGB statt früherer Analogie zu §§ 128, 130 HGB a.F.
243;2;81;29;Fr;Klausurpraxis;Strafrecht;StGB BT;Zusammengesetzte Urkunde: Das vertauschte Preisschild;Ein Kunde klebt im Baumarkt das Preisschild eines billigen Bohrers auf einen teuren.;Wann bilden Erklärung und Bezugsobjekt eine neue Beweiseinheit – und was folgt aus dem Umkleben?;§§ 267, 263 StGB;;1+2;Abgrenzung;4;5;ja;18.0;Was ist eine Urkunde? Die gefälschte Entschuldigung;"14.7 Zusammengesetzte Urkunde; Band 19 › Zusammengesetzte Urkunde";
244;2;82;30;Mo;Der Fall;Öffentliches Recht;Grundrechte;'Soldaten sind Mörder' und ACAB: Wie deutet man Äußerungen?;Ein Fan zeigt im Stadion ein 'ACAB'-Banner – beleidigt er damit die Polizisten vor Ort?;Deutungsvorrang der straflosen Variante, Kollektivbeleidigung, Kontextauslegung.;"Art. 5 I GG; §§ 185, 193 StGB";"BVerfGE 93, 266 (Soldaten sind Mörder); BVerfG (K) 2016 (ACAB)";1;Klassiker-Fall;4;5;ja;19.0;Meinung oder Tatsache? Warum die Auschwitzlüge nicht geschützt ist;Band 12 › 11. › Art. 5 Abs. 1;
245;2;82;30;Mi;Examenswissen;Zivilrecht;BGB AT;„Sofort kaufen“ geklickt – ist der Verkäufer an den Preis gebunden?;Du stellst deine Kamera für 900 Euro auf einer Plattform ein – und merkst danach, dass sie 2.500 wert ist.;Ist das Festpreisangebot auf einer Plattform ein Angebot ad incertas personas und berechtigt eine bloße Fehleinschätzung des Marktwerts zur Anfechtung?;§§ 145, 119 I, 133, 157 BGB;;1;Alltagsfall;4;5;ja;18.5;Schaufenster, Katalog, Webshop: Ist der Preis schon ein Angebot?;Teil A – 4. Der Online-Sofortkauf - Vertragsschluss im automatisierten Handel;
246;2;82;30;Fr;2. Examen;2. Examen;VwGO-Praxis;Falsche Rechtsbehelfsbelehrung: Ein Jahr statt ein Monat;Im Bescheid steht, der Widerspruch sei „binnen eines Monats beim Verwaltungsgericht“ einzulegen.;Welche Pflichtangaben hat eine Rechtsbehelfsbelehrung, wann ist sie unrichtig, und was bewirkt § 58 II VwGO?;"§§ 58, 70, 74 VwGO; § 37 VI VwVfG";—;2;Klausurfehler;4;5;;15.5;;"Band 5 – 6. Rechtsmittelbelehrung; 25.4 Rechtsbehelfsbelehrung; Band 14 – 9. (Rechtsbehelfsbelehrung)";stabil
247;2;83;31;Mo;Der Fall;Strafrecht;StGB AT;Der Retter stirbt: Haftet der Brandstifter?;"Ein Mann zündet sein Mehrfamilienhaus an; ein Nachbar stürzt beim Versuch, Kinder zu retten, durch die brennende Decke.";Wird der Tod eines freiwilligen Retters dem Täter zugerechnet, obwohl der Retter sich selbst in Gefahr begibt?;§§ 222, 306c StGB;BGHSt 39, 322;1;Klassiker-Fall;4;4;ja;18.0;Der Heroinspritzen-Fall: Eigenverantwortliche Selbstgefährdung;3. Objektive Zurechnung;
248;2;83;31;Mi;Examenswissen;Zivilrecht;BGB AT;Kalkulationsirrtum: Verrechnet – Pech gehabt?;Der Handwerker vergisst in seinem Angebot eine Position und will nachträglich 3.000 Euro mehr.;Berechtigt ein interner oder offener Kalkulationsirrtum zur Anfechtung oder hilft nur Auslegung, § 242 oder § 313 BGB?;§§ 119 I, 242, 313 BGB;BGHZ 139, 177;1;Streitstand;5;4;ja;18.0;Anfechtung in fünf Schritten: Das Prüfungsschema §§ 119 ff. BGB;2.12 Kalkulationsirrtum;
249;2;83;31;Fr;Klausurpraxis;Öffentliches Recht;Grundrechte;Satire und Karikatur: Darf man Politiker als Tiere zeichnen?;Ein Karikaturist zeichnet einen Ministerpräsidenten als Schwein in sexueller Pose.;"Kunstfreiheit bei Satire; Trennung von Aussagekern und Einkleidung; Menschenwürdekern des Persönlichkeitsrechts.";Art. 5 III, 5 I, 1 I GG;BVerfGE 75, 369 (Strauß-Karikatur);1;Klassiker-Fall;4;5;ja;19.0;Mephisto und Esra: Wie viel Wahrheit darf ein Roman enthalten?;Band 2 › 32.9 Kunst- und Wissenschaftsfreiheit;
250;2;84;32;Mo;Der Fall;Strafrecht;StGB AT;Der Hells-Angels-Fall: Schüsse durch die Tür auf das SEK;Ein Rockerchef hört frühmorgens Geräusche an seiner Haustür, glaubt an einen Überfall Rivalen und schießt – draußen steht ein Einsatzkommando.;Durfte er sich eine Notwehrlage vorstellen und musste er zunächst warnen? ETI im Polizeieinsatz.;§§ 16 I, 32, 212 StGB;BGH, Urt. v. 2.11.2011 – 2 StR 375/11;1;Klassiker-Fall;4;4;ja;18.0;Erlaubnistatbestandsirrtum: Der vermeintliche Angreifer mit dem Handy;12.8 Erlaubnistatbestandsirrtum;
251;2;84;32;Mi;Examenswissen;Zivilrecht;BGB AT;Duldungs- und Anscheinsvollmacht: Wenn der Chef zu lange zuschaut;Der Azubi bestellt seit Monaten Material im Namen des Betriebs – plötzlich will die Chefin nicht mehr zahlen.;Welche Voraussetzungen haben Duldungs- und Anscheinsvollmacht und führt die Anscheinsvollmacht zur Erfüllungs- oder nur zur Vertrauenshaftung?;§§ 164, 167, 170–173 analog, 242 BGB;;1+2;Streitstand;5;4;ja;18.0;Innenvollmacht, Außenvollmacht, Rechtsschein: §§ 167–173 BGB;2.17 Duldungs- und Anscheinsvollmacht;
252;2;84;32;Fr;2. Examen;2. Examen;StPO-Praxis;Begleitverfügung: Haft, Pflichtverteidiger, Mitteilungen;Der Beschuldigte sitzt seit drei Monaten in Untersuchungshaft, als deine Anklage fertig ist.;Welche Verfügungspunkte gehören in die Begleitverfügung – Haftfortdauer, Pflichtverteidigung, Mitteilungen, Asservate, Teileinstellungen – und wie vermeidet man Widersprüche zur Anklage?;"§§ 112 ff., 121, 140 ff., 170 II, 171 StPO; RiStBV";—;2;Formulierung;5;2;;13.0;Anklageschrift nach § 200 StPO: Aufbau Schritt für Schritt;"Band 6 – 23. Begleitverfügung; 11. Haft und haftbezogene Maßnahmen; 12. Pflichtverteidigung; 18.4 Begleitverfügung";stabil
253;2;85;33;Mo;Der Fall;Strafrecht;StGB AT;Entschuldigender Notstand § 35: Das Brett des Karneades;Nach einem Bootsunglück stößt ein Schiffbrüchiger einen anderen von einer Planke, die nur einen tragen kann.;Wann entschuldigt § 35 StGB die Rettung des eigenen Lebens auf Kosten eines anderen und wer muss Gefahren hinnehmen?;§ 35 StGB;;1;Klassiker-Fall;4;4;ja;18.0;Schuldunfähig? §§ 19, 20, 21 StGB und die Promille-Legende;"28.15 Entschuldigungsgruende; Band 13 › 5. › § 35";
254;2;85;33;Mi;Examenswissen;Öffentliches Recht;Polizei- und Ordnungsrecht;Konkrete Gefahr: Wie wahrscheinlich muss der Schaden sein?;Ein Mann steht mit einem Benzinkanister vor einer Flüchtlingsunterkunft und raucht.;"Gefahrbegriff, Je-desto-Formel, Prognose ex ante; gegenwärtige, erhebliche und abstrakte Gefahr.";Landes-PolG;;1;Schema;5;4;;19.0;Öffentliche Sicherheit: Was die Polizei überhaupt schützt;"Einzelprobleme 9.1 Gefahrbegriffe; Band 2 › 15.1";Länder: Befugnisnormen je PolG/SOG/OBG (z. B. § 8 PolG NRW, Art. 11 PAG, § 11 HSOG) – Zuschnitt: bundeseinheitliche Dogmatik, Landesnormen als Overlay-Tabelle
255;2;85;33;Fr;Klausurpraxis;Zivilrecht;Bereicherungsrecht;Anweisungsfälle: Wer muss das Geld zurückzahlen?;Du lässt deine Bank die Handwerkerrechnung zahlen – später stellt sich der Werkvertrag als nichtig heraus.;Wie wird im Anweisungsdreieck rückabgewickelt (Deckungs- und Valutaverhältnis) und warum gibt es grundsätzlich keine Durchgriffskondiktion?;§ 812 I 1 Alt. 1 BGB;;1;Streitstand;5;4;ja;18.0;Leistungskondiktion: Etwas erlangt, durch Leistung, ohne Rechtsgrund;5.3 Anweisungsfälle im Bereicherungsrecht;
256;2;86;34;Mo;Der Fall;Strafrecht;StGB AT;Organisationsherrschaft: Die Befehlsgeber hinter den Mauerschützen;Mitglieder der DDR-Führung werden für Todesschüsse an der Grenze verurteilt, obwohl sie nie selbst geschossen haben.;Begründet die Steuerung eines Machtapparats mittelbare Täterschaft – und lässt sich das auf Unternehmen übertragen?;§ 25 I Alt. 2 StGB;BGHSt 40, 218;1;Klassiker-Fall;4;4;ja;18.0;Mittelbare Täterschaft: Mit fremden Händen;"12.19 Täter hinter dem Täter; Band 13 › 9. › Mittelbare Täterschaft";
257;2;86;34;Mi;Examenswissen;Öffentliches Recht;Polizei- und Ordnungsrecht;Meldeauflage am Spieltag: Die polizeiliche Generalklausel;Ein bekannter Hooligan muss sich jeden Samstag um 15 Uhr auf seiner Polizeiwache melden.;Subsidiarität der Generalklausel, Sperrwirkung spezieller Befugnisse, Grundrechtsintensität und Wesentlichkeit, Gefährderansprache.;"Landes-PolG (Generalklausel); § 10 PassG";;1;Schema;5;4;;19.0;Polizeirecht-Schema: Standardmaßnahme vor Generalklausel;"Band 2 › 27.3 Generalklausel; Band 12 › 27. › Generalklausel";Länder: Befugnisnormen je PolG/SOG/OBG (z. B. § 8 PolG NRW, Art. 11 PAG, § 11 HSOG) – Zuschnitt: bundeseinheitliche Dogmatik, Landesnormen als Overlay-Tabelle
258;2;86;34;Fr;2. Examen;2. Examen;ZPO;Amtsgericht jetzt bis 10.000 Euro: Die Zuständigkeitsreform 2026;Ein Handwerker will 9.200 Euro Werklohn einklagen und fragt, ob er zum Landgericht und damit zwingend zum Anwalt muss.;Welche streitwertabhängige Zuständigkeit gilt seit 1.1.2026 nach § 23 Nr. 1 GVG, was gilt für Altverfahren, und wie grenzt sich § 495a ZPO davon ab?;"§§ 23 Nr. 1, 71 GVG; §§ 78, 261 III Nr. 2, 495a ZPO";—;2;Sonderlage;4;5;;15.5;;Band 4 – 30.1 Sachliche Zustaendigkeit;"Hoch: Grenze § 23 Nr. 1 GVG seit 1.1.2026 bei 10.000 Euro, § 495a bei 1.000 Euro (laut Quelle); Übergangsrecht und Stand der zugelassenen Hilfsmittel prüfen"
259;2;87;35;Mo;Der Fall;Zivilrecht;BGB AT;Taschengeldparagraph: Darf ein 16-Jähriger ein E-Bike auf Raten kaufen?;Anzahlung vom Taschengeld, der Rest in sechs Monatsraten – ohne die Eltern zu fragen.;Setzt § 110 BGB die vollständige Bewirkung der Leistung voraus und scheiden Raten- und Kreditgeschäfte deshalb aus?;§§ 107, 108, 110 BGB;;1;Alltagsfall;5;5;;18.5;Minderjährige im Vertragsrecht: Das Grundschema §§ 104 ff. BGB;2.8 Taschengeldparagraph, § 110 BGB;
260;2;87;35;Mi;Examenswissen;Strafrecht;StGB AT;Anstiftung § 26: Wer den Tatentschluss weckt;Eine Frau überredet ihren Bruder, das Auto ihres Ex-Freundes zu zerkratzen.;Bestimmen, doppelter Anstiftervorsatz, Akzessorietät – wie prüft man die Anstiftung?;§§ 26, 303 StGB;;1+2;Schema;5;3;;18.0;Mittäterschaft § 25 II: Gemeinsam geplant, gemeinsam verantwortlich;"11.3 Anstiftung und Beihilfe; 30.4";
261;2;87;35;Fr;Klausurpraxis;Öffentliches Recht;Grundrechte;Ist die Love Parade eine Demo? Der Versammlungsbegriff;Ein Techno-Umzug mit politischem Motto will als Versammlung gelten, damit die Stadt die Reinigungskosten trägt.;Enger und weiter Versammlungsbegriff, Teilhabe an öffentlicher Meinungsbildung, gemischte Veranstaltungen (Schwerpunkt).;"Art. 8 I GG; Versammlungsgesetze";BVerfG (K), Beschl. v. 12.07.2001 – 1 BvQ 28/01 u.a. (Love Parade);1;Klassiker-Fall;4;5;ja;19.0;Grundrechtsprüfung: Schutzbereich, Eingriff, Rechtfertigung;"Band 2 › 32.10 Versammlungsfreiheit, Art. 8 GG; Band 12 › 29. › Versammlungsbegriff und Friedlichkeit";
262;2;88;36;Mo;Der Fall;Zivilrecht;BGB AT;Unfallwagen verschwiegen: Anfechten oder Mängelrechte?;Der Händler verschweigt den reparierten Unfallschaden – du erfährst es erst beim TÜV.;Wann ist Verschweigen eine arglistige Täuschung nach § 123 I BGB und wie verhält sich die Anfechtung zu §§ 437 ff. BGB?;§§ 123, 124, 142, 437, 444 BGB;;1+2;Alltagsfall;5;5;;18.5;Anfechtung in fünf Schritten: Das Prüfungsschema §§ 119 ff. BGB;4.1 Anfechtungsgruende;
263;2;88;36;Mi;Examenswissen;Strafrecht;StGB BT;Verdeckungsmord: Töten, um eine Tat zu vertuschen;Ein Autofahrer, der einen Radfahrer angefahren hat, überfährt ihn erneut, damit er ihn nicht belasten kann.;Welche Anforderungen stellt die Verdeckungsabsicht – auch bei spontanem Entschluss, bedingtem Tötungsvorsatz oder Unterlassen?;§ 211 II Gr. 3 StGB;;1+2;Schema;5;3;;18.0;Mord oder Totschlag? Die Mordmerkmale im Überblick;14.1 Totschlag und Mord;
264;2;88;36;Fr;2. Examen;2. Examen;ZPO;Sofortiges Anerkenntnis: Verlieren, ohne die Kosten zu tragen;Eine Kundin wird ohne jede Mahnung sofort verklagt und will die offene Rechnung einfach bezahlen.;Wann ist ein Anerkenntnis „sofort“, wann hat der Beklagte keine Veranlassung zur Klage gegeben, und wie tenoriert man ein Teilanerkenntnis?;§§ 93, 307 ZPO;BGH st. Rspr. zum sofortigen Anerkenntnis im schriftlichen Vorverfahren;2;Zweckmäßigkeit;4;5;;15.5;Kostenquote in 5 Minuten: §§ 91, 92 ZPO sicher anwenden;"Band 4 – 33.2 Anerkenntnis; 20. Beklagtenklausur";stabil
265;2;89;37;Mo;Der Fall;Zivilrecht;Kaufrecht;„Gekauft wie gesehen“: Hält der Gewährleistungsausschluss?;Im privaten Autokaufvertrag steht „gekauft wie gesehen, keine Gewährleistung“ – der Motor ist hinüber.;Wann ist ein Haftungsausschluss wirksam, wann scheitert er an Arglist oder Garantie (§ 444 BGB) und warum geht eine Beschaffenheitsvereinbarung vor?;§§ 434, 444, 476 BGB;BGHZ 170, 86;1+2;Alltagsfall;5;5;;18.5;Wann ist eine Sache mangelhaft? Der neue § 434 BGB;35.5 Ausschluss und Beschraenkung der Maengelrechte;
266;2;89;37;Mi;Examenswissen;Öffentliches Recht;Baurecht;Einfügen nach § 34 BauGB: Bauen ohne Bebauungsplan;In einer Straße mit Einfamilienhäusern will ein Investor einen sechsstöckigen Wohnblock bauen.;Bebauungszusammenhang, nähere Umgebung, Einfügen nach Art, Maß, Bauweise und Grundstücksfläche, faktisches Baugebiet (§ 34 II), Rücksichtnahme.;"§ 34 BauGB; BauNVO";;1;Schema;5;4;;19.0;Was darf ins Wohngebiet? Die Baugebiete der BauNVO;"Einzelprobleme 9.8 Bauplanungsrecht: Einfügen nach § 34 BauGB; Band 12 › 30. › § 34 Innenbereich";Hoch: § 34 IIIb BauGB n.F. (Abweichung für Wohngebäude mit Zustimmung der Gemeinde) seit 30.10.2025
267;2;89;37;Fr;Klausurpraxis;Strafrecht;StGB AT;Error in persona: Die Verwechslung im Dunkeln;Ein Mann lauert nachts seinem Nebenbuhler auf und schießt auf die Gestalt an der Tür – es ist dessen Nachbar.;Warum ist die Objektverwechslung bei gleichwertigen Tatobjekten für den Vorsatz unbeachtlich?;§§ 16 I, 212 StGB;;1;Abgrenzung;5;3;ja;17.0;Tatbestandsirrtum § 16: Der Jäger und der Pilzsammler;"Band 19 › Error in persona / objecto; 12.7 error in persona und aberratio ictus";
268;2;90;38;Mo;Der Fall;Zivilrecht;Kaufrecht;Reparatur oder neues Gerät – wer entscheidet bei der Nacherfüllung?;Der Händler will dein Handy zum dritten Mal reparieren – du willst endlich ein neues.;Wer wählt die Art der Nacherfüllung, wo ist nachzuerfüllen, wann darf der Verkäufer verweigern (§ 439 IV) und wann gilt die Nacherfüllung als fehlgeschlagen (§ 440 BGB)?;§§ 439, 440 BGB;;1+2;Alltagsfall;5;5;;18.5;Die Käuferrechte des § 437 BGB auf einen Blick;35.3 Nacherfuellung, §§ 437 Nr. 1, 439 BGB;
269;2;90;38;Mi;Examenswissen;Öffentliches Recht;Grundrechte;Durchsuchung ohne Richter? 'Gefahr im Verzug' erklärt;Polizisten klingeln am Sonntagabend und wollen sofort deine Wohnung durchsuchen – ein Richter sei nicht erreichbar.;Wohnungsbegriff inkl. Geschäftsräume, Richtervorbehalt (Art. 13 II GG), enge Auslegung von Gefahr im Verzug, richterlicher Bereitschaftsdienst.;"Art. 13 I, II GG; §§ 102, 105 StPO";BVerfGE 103, 142 (Gefahr im Verzug);1;Klassiker-Fall;4;5;ja;19.0;Grundrechtsprüfung: Schutzbereich, Eingriff, Rechtfertigung;"Band 12 › 14. › Art. 13; Einzelprobleme 10.9 Art. 13 GG und Betriebsräume";
270;2;90;38;Fr;2. Examen;2. Examen;ZPO;VU im Briefkasten: Die ersten 48 Stunden als Anwalt;Ein Mandant bringt ein Versäumnisurteil, das ihm vor zehn Tagen zugestellt wurde, und der Gerichtsvollzieher hat sich schon angekündigt.;Wie prüft der Anwalt Einspruchsfrist, Wiedereinsetzung und einstweilige Einstellung der Zwangsvollstreckung, und was gehört in die Einspruchsschrift?;§§ 233 ff., 339, 340, 707, 719 ZPO;—;2;Zweckmäßigkeit;4;5;;15.5;Versäumnisurteil: Wann der Richter trotzdem prüfen muss;"Band 4 – 43.4 Einspruchsklausur; 21. Einspruchs- und Berufungsklausur";stabil
271;2;91;39;Mo;Der Fall;Strafrecht;StGB BT;Wettbetrug: Der manipulierte Elfmeter;Ein Spieler lässt sich bezahlen, absichtlich einen Elfmeter zu verursachen, während Hintermänner hohe Summen auf das Ergebnis setzen.;Worin liegt die Täuschung gegenüber dem Wettanbieter und wann entsteht der Schaden – und was regeln §§ 265c, 265d?;§§ 263, 265c, 265d StGB;BGHSt 51, 165 (Hoyzer);1;Klassiker-Fall;3;5;ja;17.5;Betrug § 263: Das Prüfungsschema;13.11 Wettbetrug;§§ 265c, 265d StGB (Sportwettbetrug/Manipulation) seit 2017.
272;2;91;39;Mi;Examenswissen;Zivilrecht;BGB AT;Dachbodenfund verkauft: Anfechtung wegen Eigenschaftsirrtum?;Du verkaufst ein altes Bild vom Dachboden für 50 Euro – es ist ein echter Kirchner.;Was ist eine verkehrswesentliche Eigenschaft nach § 119 II BGB, warum ist der Wert selbst keine, und wie verhält sich § 119 II zum Kaufgewährleistungsrecht?;§§ 119 II, 437 BGB;;1;Streitstand;5;5;;17.5;Anfechtung in fünf Schritten: Das Prüfungsschema §§ 119 ff. BGB;2.13 Eigenschaftsirrtum, § 119 II BGB;
273;2;91;39;Fr;Methodik;Methodik;Examen;Freischuss und Verbesserungsversuch erklärt;Du schreibst das Examen früh – was passiert, wenn es schiefgeht?;Freiversuch, Wiederholung, Notenverbesserung (Länderrecht);;;1+2;Methodik;4;4;;14.0;;;Länderrecht/Prüfungsordnung prüfen
274;2;92;40;Mo;Der Fall;Öffentliches Recht;Verwaltungsrecht AT;Beurteilungsspielraum: Kann man eine Examensnote einklagen?;Deine Examensklausur bekommt 5 Punkte – obwohl deine Lösung fachlich vertretbar war.;"Volle Kontrolle unbestimmter Rechtsbegriffe, Ausnahme Prüfungsentscheidungen; Antwortspielraum vs. prüfungsspezifische Wertung; Überdenkungsverfahren.";"Art. 12 I, 19 IV GG; § 114 VwGO; JAG der Länder";"BVerfGE 84, 34; BVerfGE 84, 59 (Prüfungsentscheidungen)";1;Klassiker-Fall;4;5;ja;19.0;Ermessen und Ermessensfehler: Was darf das Gericht kontrollieren?;Band 12 › 18. › Unbestimmter Rechtsbegriff;Länder: Überdenkungsverfahren je JAG/JAPO
275;2;92;40;Mi;Examenswissen;Strafrecht;StGB AT;Pflichtwidrigkeitszusammenhang: Der Lkw und der Radfahrer;Ein Lkw überholt einen betrunkenen Radfahrer mit zu geringem Abstand – der Radfahrer wäre womöglich auch bei korrektem Abstand gestürzt.;Muss feststehen, dass der Erfolg bei rechtmäßigem Alternativverhalten ausgeblieben wäre, oder genügt Risikoerhöhung?;§§ 222, 229 StGB;"BGHSt 11, 1; RGSt 63, 211 (Ziegenhaar)";1;Streitstand;5;3;ja;17.0;Fahrlässigkeitsdelikt: Das Prüfungsschema;Band 19 › Risikoerhöhungslehre;
276;2;92;40;Fr;Klausurpraxis;Zivilrecht;Schuldrecht AT;Hochzeit im Lockdown abgesagt: Muss die Location voll bezahlt werden?;Die Hochzeitsfeier ist wegen eines behördlichen Verbots unmöglich – die Location will die volle Miete.;Wann greift die Störung der Geschäftsgrundlage nach § 313 BGB und wie verhält sie sich zu Unmöglichkeit und vertraglicher Risikoverteilung?;§§ 275, 313, 326 BGB;BGH, Urt. v. 2.3.2022 – XII ZR 36/21;1+2;Streitstand;5;5;;17.5;Konzert fällt aus: Wer trägt die Gegenleistungsgefahr? (§ 326 BGB);3.8 Störung der Geschäftsgrundlage, § 313 BGB;
277;2;93;41;Mo;Der Fall;Öffentliches Recht;Polizei- und Ordnungsrecht;Öffentliche Ordnung: Zwergenweitwurf und Laserdrome;Eine Disco plant einen 'Zwergenweitwurf' – die kleinwüchsigen Teilnehmer machen freiwillig mit.;Ungeschriebene Ordnungsregeln, Bestimmtheitsbedenken, Menschenwürde trotz Einwilligung, Unionsrecht.;"Art. 1 I GG; Landes-PolG; Art. 56 AEUV";"VG Neustadt 1992 (Zwergenweitwurf); EuGH, Urt. v. 14.10.2004 – C-36/02 (Omega)";1;Klassiker-Fall;4;5;ja;19.0;Öffentliche Sicherheit: Was die Polizei überhaupt schützt;"Band 2 › 15.1; 27.1 (öffentliche Ordnung)";Länder: Schutzgut 'öffentliche Ordnung' nicht in allen Landesgesetzen gleich ausgestaltet – prüfen
278;2;93;41;Mi;Examenswissen;Zivilrecht;Kaufrecht;Selbst repariert – bekommst du die Kosten vom Verkäufer?;Die Kupplung ist defekt, du lässt sie sofort in deiner Werkstatt reparieren und schickst dem Händler die Rechnung.;Hat der Käufer ohne vorherige Fristsetzung einen Anspruch auf Ersatz der Selbstvornahmekosten, etwa über § 326 II 2, IV BGB analog?;§§ 437, 439, 326 II 2 analog, 637 BGB;BGHZ 162, 219;1+2;Klausurfehler;5;5;;17.5;Reparatur oder neues Gerät – wer entscheidet bei der Nacherfüllung?;Selbstvornahme des Käufers vor Fristablauf;
279;2;93;41;Fr;Methodik;Methodik;Examen;E-Examen: Klausuren am Computer schreiben;Statt Stift jetzt Tastatur – was ändert sich wirklich?;Elektronische Examensklausur, Vor- und Nachteile;;;1+2;Methodik;4;4;;14.0;;;Länderrecht/Prüfungsordnung prüfen
280;2;94;42;Mo;Der Fall;Strafrecht;StGB AT;Vertrauensgrundsatz: Darf ich mich auf andere verlassen?;Eine Autofahrerin fährt bei Grün über die Kreuzung und erfasst einen Fußgänger, der bei Rot auf die Straße läuft.;Wie weit darf man im Straßenverkehr auf regelgerechtes Verhalten anderer vertrauen und wo endet das (Kinder, erkennbares Fehlverhalten)?;"§§ 222, 229 StGB; §§ 1, 3 IIa StVO";;1+2;Alltagsfall;4;5;;17.0;Fahrlässigkeitsdelikt: Das Prüfungsschema;9. Fahrlaessigkeitsdelikt;
281;2;94;42;Mi;Examenswissen;Zivilrecht;Kaufrecht;Rücktritt vom Autokauf: Wann ist der Mangel erheblich genug?;Die Klimaanlage im Neuwagen klemmt – kann man deshalb den ganzen Wagen zurückgeben?;Welche Voraussetzungen hat der kaufrechtliche Rücktritt und ab wann ist ein Mangel nicht mehr unerheblich (§ 323 V 2 BGB)?;§§ 437 Nr. 2, 323, 326 V, 440 BGB;BGHZ 201, 290;1+2;Streitstand;5;5;;17.5;Die Käuferrechte des § 437 BGB auf einen Blick;35.4 Ruecktritt, Minderung, Schadensersatz;
282;2;94;42;Fr;2. Examen;2. Examen;ZPO;Mahnbescheid, Klage oder Arrest? Der richtige Weg zum Geld;Ein Handwerker wartet seit vier Monaten auf 7.500 Euro, der Kunde widerspricht nicht, zahlt aber auch nicht.;Welcher Weg ist für den Gläubiger zweckmäßig – Mahnverfahren, Klage, Urkundenprozess oder Arrest – unter Beachtung von Verjährungshemmung, Kosten und Bonität?;"§§ 253, 592, 688 ff., 916 ZPO; § 204 I Nr. 1, 3 BGB";—;2;Zweckmäßigkeit;4;5;;15.5;Anwaltsklausur: Gutachten, Zweckmäßigkeit, Schriftsatz;"Band 4 – 19. Klaegerklausur; 43.2 Klaegerklausur; Band 20 – Anwaltsklausur – Klägerseite";stabil
283;2;95;43;Mo;Der Fall;Öffentliches Recht;Baurecht;Gebietserhaltungsanspruch: Die Flüchtlingsunterkunft im Gewerbegebiet;Im Gewerbegebiet soll eine Unterkunft für 300 Geflüchtete entstehen – ein Handwerksbetrieb fürchtet Einschränkungen.;Gebietserhaltungsanspruch ('Schicksalsgemeinschaft'), Anlagen für soziale Zwecke, Sonderregeln des § 246 BauGB.;"§§ 30, 31, 246 BauGB; §§ 8, 15 BauNVO";BVerwGE 94, 151 (Gebietserhaltungsanspruch);1;Klassiker-Fall;4;5;ja;19.0;Nachbarklage: Welche Bauvorschriften schützen dich?;Band 12 › 30. › Baugenehmigung und Nachbarschutz (Fallanker 'Kein Platz für Asylsuchende');Hoch: Sonderregeln in § 246 BauGB befristet/verlängert – Fristen prüfen
284;2;95;43;Mi;Examenswissen;Strafrecht;StGB AT;Aberratio ictus: Der Wurf, der die Falsche trifft;Bei einem Streit wirft ein Mann eine Flasche nach seinem Kontrahenten, verfehlt ihn und trifft eine Passantin am Kopf.;Versuch am Ziel plus Fahrlässigkeit am Treffer – oder Vorsatz nach der Gleichwertigkeitstheorie?;§§ 15, 16, 22, 223, 229 StGB;;1;Streitstand;5;3;ja;17.0;Error in persona: Die Verwechslung im Dunkeln;"Band 19 › Aberratio ictus; Teil C › 49. Der Hoferben-Fall - aberratio ictus";
285;2;95;43;Fr;Klausurpraxis;Zivilrecht;Kaufrecht;Akku nach zehn Monaten tot: Wer muss was beweisen?;Nach zehn Monaten fällt der Akku deines Laptops aus – der Händler sagt, du hättest ihn falsch geladen.;Was vermutet § 477 BGB genau (auch den Grundmangel?) und wie kann der Verkäufer die Vermutung widerlegen?;§ 477 BGB;"EuGH, Urt. v. 4.6.2015 – C-497/13 (Faber); BGHZ 212, 224";1+2;Streitstand;5;5;;17.5;Verbrauchsgüterkauf: Warum der Kauf beim Händler anders ist;Beweislastumkehr im Verbrauchsgüterkauf;"Seit 1.1.2022 ein Jahr statt sechs Monate; lebende Tiere sechs Monate; § 477 II für digitale Elemente"
286;2;96;44;Mo;Der Fall;Strafrecht;StGB AT;Muss ich weglaufen, statt mich zu wehren?;"Ein Mann wird nachts im Park von einem Angreifer bedrängt; er könnte davonrennen, schlägt aber zurück.";Gibt es bei Notwehr eine Fluchtpflicht? „Das Recht braucht dem Unrecht nicht zu weichen“ und die Erforderlichkeit.;§ 32 StGB;;1;Alltagsfall;4;5;;17.0;Notwehr § 32: Das Prüfungsschema;28.8 Notwehr, § 32 StGB;
287;2;96;44;Mi;Examenswissen;Öffentliches Recht;Baurecht;Der Bagger rollt schon: Eilrechtsschutz des Nachbarn;Am Tag nach der Genehmigung beginnen nebenan die Bauarbeiten – dein Widerspruch stoppt nichts.;"§ 212a BauGB, § 80a III i.V.m. § 80 V VwGO, Interessenabwägung; umgekehrt der Antrag des Bauherrn.";"§ 212a BauGB; §§ 80, 80a VwGO";;1+2;Schema;5;4;;19.0;Eilrechtsschutz nach § 80 V VwGO: Das Grundschema + Nachbarklage: Welche Bauvorschriften schützen dich?;"Band 2 › 8.1 § 80 V VwGO (§ 80a); Band 12 › 25. › § 80a; 30. › Baugenehmigung und Nachbarschutz";
288;2;96;44;Fr;2. Examen;2. Examen;ZV;Was darf der Gerichtsvollzieher pfänden? Gewahrsam und § 811 ZPO;Die Gerichtsvollzieherin steht in der Wohnung und will den Laptop einer selbstständigen Grafikdesignerin mitnehmen.;Nach welchem Gewahrsamsprinzip pfändet der Gerichtsvollzieher, welche Sachen sind unpfändbar, und was gilt bei Ehegatten?;"§§ 739, 808, 809, 811 ZPO; § 1362 BGB";—;2;Sonderlage;4;5;;15.5;Titel, Klausel, Zustellung: Das Grundschema der Zwangsvollstreckung;"Band 4 – 45.3 Geldvollstreckung in bewegliche Sachen; 25. Vollstreckung wegen Geldforderungen";Mittel: § 811 ZPO seit 1.1.2022 neu gefasst – ältere Literatur mit alter Nummerierung meiden
289;2;97;45;Mo;Der Fall;Zivilrecht;Mietrecht;Mietminderung: Schimmel, Baulärm, kalte Heizung;In deiner Wohnung wächst Schimmel – darfst du einfach weniger Miete überweisen?;Wann ist die Miete kraft Gesetzes gemindert (§ 536 BGB) und welche Rolle spielen Anzeige (§ 536c) und Kenntnis (§ 536b)?;§§ 536, 536b, 536c BGB;;1+2;Alltagsfall;5;5;;18.5;Mietvertrag: Wer muss was? Rechte und Pflichten im Überblick;3.18 Mietrecht: Minderung und Mangelfolgeschäden;
290;2;97;45;Mi;Examenswissen;Strafrecht;StGB BT;Besonders schwerer Fall § 243: Regelbeispiele statt Tatbestand;Ein Einbrecher hebelt ein Kellerfenster auf und stiehlt ein E-Bike – in einer Variante scheitert er schon am Fenster.;Wo prüft man Regelbeispiele, wie wirkt die Indizwirkung und was gilt beim Versuch?;§§ 242, 243 StGB;;1+2;Schema;5;3;;18.0;Diebstahl § 242: Das Prüfungsschema;"33.3 Besonders schwerer Fall, § 243 StGB; 16.2";
291;2;97;45;Fr;Klausurpraxis;Öffentliches Recht;Kommunalrecht;Stadthalle für alle? Der Anspruch auf Zulassung;Ein Karnevalsverein aus dem Nachbarort will die Stadthalle mieten – die Stadt vermietet nur an Einheimische.;"Öffentliche Einrichtung, Widmung, Einwohnerbegriff, Kapazität; Anspruch aus der Gemeindeordnung; Rechtsweg und Zweistufentheorie.";"Gemeindeordnungen (z. B. § 8 II GO NRW, Art. 21 BayGO); Art. 3 I GG";;1;Schema;5;4;;19.0;Zweistufentheorie: Stadthalle, Förderkredit und Kita-Platz;"Band 2 › 35.5 Oeffentliche Einrichtungen; Einzelprobleme 9.14 Zugang zu öffentlichen Einrichtungen";Länder: Gemeindeordnungen unterschiedlich (z. B. Art. 21 BayGO, § 8 GO NRW, § 10 GemO BW) – Zuschnitt: Art. 28 II GG + Normtabelle als Overlay
292;2;98;46;Mo;Der Fall;Zivilrecht;Deliktsrecht;Glatteis vor der Haustür: Die Verkehrssicherungspflicht;Der Briefträger rutscht morgens auf dem ungestreuten Gehweg vor deinem Haus aus.;Wann haftet jemand für Unterlassen wegen einer Verkehrssicherungspflicht und wie weit reicht sie (Zumutbarkeit, Übertragung auf Dritte)?;§§ 823 I, 254 BGB;;1+2;Alltagsfall;5;5;;18.5;§ 823 I BGB: Das Prüfungsschema der unerlaubten Handlung;24.2 Verkehrssicherungspflichten und Produzentenhaftung;
293;2;98;46;Mi;Examenswissen;Strafrecht;StGB BT;Nichtanzeige geplanter Straftaten: Muss ich meinen Freund verraten?;Ein Mann liest in einem privaten Chat, dass sein Freund am Wochenende einen Überfall auf einen Juwelier plant.;Katalogtat, glaubhafte Kenntnis, rechtzeitige Anzeige und Ausnahmen – wann macht Schweigen strafbar?;§§ 138, 139 StGB;;1;Schema;4;5;ja;18.0;Unterlassene Hilfeleistung: Muss ich jedem helfen?;"Teil C › 63. Die online angekündigte Straftat; 37.1; Band 13 › 23. › § 138";
294;2;98;46;Fr;Klausurpraxis;Öffentliches Recht;Staatshaftungsrecht;Amtshaftung: Das Prüfungsschema von § 839 BGB und Art. 34 GG;Ein Polizist fährt bei einer Einsatzfahrt ohne Blaulicht dein Fahrrad kaputt.;Beamter im haftungsrechtlichen Sinn, Handeln in Ausübung eines öffentlichen Amtes, drittbezogene Amtspflicht, Verschulden, Schaden, Haftungsüberleitung, Rechtsweg.;"§ 839 BGB; Art. 34 GG";;1+2;Schema;5;4;;19.0;Wenn der Staat Mist baut: Das System der Staatshaftung;"Band 2 › 17.2 Amtshaftung; 29.3; Band 12 › 33. › Amtshaftung";
295;2;99;47;Mo;Der Fall;Zivilrecht;Bereicherungsrecht;„Das Geld ist schon weg!“ – Entreicherung nach § 818 III BGB;Du bekommst 4.500 Euro zu viel überwiesen und buchst davon einen Urlaub.;Wann ist der Bereicherte entreichert (Luxusausgabe vs. ersparte Aufwendung) und wann haftet er verschärft (§§ 818 IV, 819 BGB)?;§§ 818, 819 BGB;;1+2;Alltagsfall;5;5;;18.5;Leistungskondiktion: Etwas erlangt, durch Leistung, ohne Rechtsgrund;Teil A – 23. Der falsche Geldbetrag - Leistungskondiktion und Entreicherung;
296;2;99;47;Mi;Examenswissen;Strafrecht;StGB BT;Erpressung § 253: Schutzgeld per Fake-Bewertung;Ein Mann droht einem Restaurantbesitzer mit Dutzenden schlechter Fake-Bewertungen, wenn er nicht 500 Euro zahlt.;Nötigung, Vermögensnachteil, Bereicherungsabsicht und Verwerflichkeit – wie prüft man die Erpressung?;§ 253 StGB;;1+2;Schema;4;5;;16.0;Nötigung § 240: Das Prüfungsschema mit Verwerflichkeit;34.5 Erpressung und raeuberische Erpressung, §§ 253, 255 StGB;
297;2;99;47;Fr;2. Examen;2. Examen;ZV;Konto- und Lohnpfändung: So funktioniert der PfÜB;Ein Gläubiger will an das Gehalt einer Schuldnerin, die bei einem großen Autohersteller angestellt ist.;Wie wird eine Geldforderung gepfändet, wann wird die Pfändung wirksam, und welche Pflichten treffen den Drittschuldner?;§§ 828, 829, 835, 836, 840, 850 ff. ZPO;—;2;Schema;4;5;;15.5;Titel, Klausel, Zustellung: Das Grundschema der Zwangsvollstreckung;"Band 4 – 45.4 Forderungspfändung; 25. Vollstreckung wegen Geldforderungen";"Mittel: Pfändungsfreigrenzen § 850c ZPO werden jährlich zum 1.7. angepasst; P-Konto § 850k ZPO"
298;2;100;48;Mo;Der Fall;Zivilrecht;Bereicherungsrecht;Jungbullenfall: Kann man gestohlene Rinder gutgläubig kaufen?;Ein Dieb verkauft gestohlene Jungbullen an eine Fleischfabrik, die sie sofort verarbeitet.;Erwirbt der Verarbeiter nach § 950 BGB Eigentum und schuldet er dem Bestohlenen Wertersatz aus §§ 951, 812 I 1 Alt. 2 BGB trotz Zahlung an den Dieb?;§§ 935, 950, 951, 812 I 1 Alt. 2, 818 III BGB;BGHZ 55, 176;1;Klassiker-Fall;5;3;ja;18.0;Aus fremdem Holz ein Designertisch: Wer ist Eigentümer?;5.8 Jungbullenfall;
299;2;100;48;Mi;Examenswissen;Öffentliches Recht;Verwaltungsrecht AT;Satzung und Verordnung prüfen: Das Normprüfschema;Die Stadt erlässt eine Satzung, die Grillen in allen Parks verbietet.;"Ermächtigungsgrundlage, formelle (Zuständigkeit, Verfahren, Ausfertigung, Bekanntmachung) und materielle Rechtmäßigkeit untergesetzlicher Normen; Fehlerfolgen.";"Art. 28 II, 80 GG; Gemeindeordnungen";;1;Schema;4;3;;12.5;Was ist ein Verwaltungsakt? § 35 VwVfG in sechs Minuten;"Band 2 › 26.10 Verwaltungsvorschrift und Rechtsverordnung; Band 12 › 32. › Satzungen";Länder: Gemeindeordnungen unterschiedlich (z. B. Art. 21 BayGO, § 8 GO NRW, § 10 GemO BW) – Zuschnitt: Art. 28 II GG + Normtabelle als Overlay
300;2;100;48;Fr;Klausurpraxis;Strafrecht;StGB AT;Unmittelbares Ansetzen: Ab wann beginnt der Versuch?;Maskierte Täter klingeln an der Wohnungstür eines Juweliers, um ihn beim Öffnen zu überwältigen – niemand macht auf.;Wann überschreitet der Täter die Schwelle zum „Jetzt geht’s los“ – und was sind wesentliche Zwischenakte?;§ 22 StGB;BGHSt 26, 201;1;Streitstand;5;3;ja;17.0;Versuch: Das Prüfungsschema mit Vorprüfung;"31.1 Versuchsbeginn; 12.13 Versuch bei mehraktigem Geschehen";
301;2;101;49;Mo;Der Fall;Zivilrecht;Schuldrecht AT;Der Ring im See: Faktische und persönliche Unmöglichkeit;Der verkaufte Ring fällt in den See – ihn zu bergen würde 100.000 Euro kosten.;Wann darf der Schuldner nach § 275 II (grobes Missverhältnis) oder § 275 III BGB (persönliche Unzumutbarkeit) die Leistung verweigern?;§ 275 II, III BGB;;1;Klassiker-Fall;4;4;ja;17.5;Unmöglichkeit: Wenn die Leistung einfach nicht mehr geht (§ 275 BGB);3.4 § 275 II und III BGB;
302;2;101;49;Mi;Examenswissen;Öffentliches Recht;Polizei- und Ordnungsrecht;Verhaltensstörer: Die Theorie der unmittelbaren Verursachung;Ein Autofahrer bleibt mit einer Panne mitten auf der Kreuzung liegen – ist er 'Störer'?;Unmittelbare Verursachung (Überschreiten der Gefahrenschwelle), Zusatzverantwortlichkeit (Aufsichtspflichtige, Geschäftsherr), Rechtsnachfolge.;Landes-PolG (Verhaltensverantwortlichkeit);;1;Schema;5;3;;17.5;Konkrete Gefahr: Wie wahrscheinlich muss der Schaden sein?;"Band 2 › 15.2 Verantwortlichkeit; 27.2 Verantwortlichkeit";Länder: Befugnisnormen je PolG/SOG/OBG (z. B. § 8 PolG NRW, Art. 11 PAG, § 11 HSOG) – Zuschnitt: bundeseinheitliche Dogmatik, Landesnormen als Overlay-Tabelle
303;2;101;49;Fr;2. Examen;2. Examen;StPO-Praxis;Einstellung gegen Geldauflage: So funktioniert § 153a StPO;Ein Ersttäter hat im Supermarkt Waren für 60 Euro eingesteckt und hofft, um eine Anklage herumzukommen.;Welche Voraussetzungen haben §§ 153, 153a StPO, welche Zustimmungen sind nötig, und welche Wirkung hat die Erfüllung der Auflage?;§§ 153, 153a StPO;—;2;Schema;4;5;;15.5;Einstellung nach § 170 II StPO: Und was kann das Opfer tun?;Band 6 – 9.2 §§ 153 ff. StPO;stabil
304;2;102;50;Mo;Der Fall;Strafrecht;StGB AT;Pistole gegen Messer: Wie weit darf Notwehr gehen?;Ein Kioskbetreiber wird mit einem Messer bedroht und greift zu seiner legal besessenen Pistole.;Was verlangt die Erforderlichkeit beim Schusswaffeneinsatz (Androhen, Warnschuss, gezielter Schuss) und warum gibt es keine Güterabwägung?;§ 32 StGB;;1;Alltagsfall;4;5;;17.0;Notwehr § 32: Das Prüfungsschema;5.1 Notwehr § 32 StGB;
305;2;102;50;Mi;Examenswissen;Zivilrecht;BGB AT;Auslegung nach Empfängerhorizont: Was du sagst vs. was du meinst;Du bestellst „ein Dutzend Riesling“ und meinst zwölf Kisten – geliefert werden zwölf Flaschen.;Wie werden empfangsbedürftige Willenserklärungen und Verträge nach §§ 133, 157 BGB ausgelegt?;§§ 133, 157 BGB;;1+2;Schema;5;3;;17.5;Angebot und Annahme: Wann ist ein Vertrag wirklich geschlossen?;2.3 Auslegung von Willenserklaerungen und Vertraegen;
306;2;102;50;Fr;Klausurpraxis;Öffentliches Recht;Staatshaftungsrecht;Haftet der Staat für den Abschleppunternehmer?;Der von der Polizei beauftragte Abschleppdienst zerkratzt beim Aufladen deinen Wagen.;Werkzeugtheorie, Verwaltungshelfer vs. Beliehener, funktionaler Amtsbegriff, Haftung des Staates statt des Unternehmers.;"§§ 831, 839 BGB; Art. 34 GG";BGHZ 121, 161 (Abschleppunternehmer);1;Klassiker-Fall;4;5;ja;19.0;Amtshaftung: Das Prüfungsschema von § 839 BGB und Art. 34 GG;Band 12 › 33. › Amtshaftung (Amtsträger im haftungsrechtlichen Sinn);
307;2;103;51;Mo;Der Fall;Strafrecht;StGB AT;Betrunken ins Krankenhaus fahren: Notstand am Steuer?;Ein angetrunkener Vater fährt sein schwer verletztes Kind nachts ins Krankenhaus, weil kein Rettungswagen verfügbar ist.;Kann § 34 StGB eine Trunkenheitsfahrt rechtfertigen – und wann war die Gefahr anders abwendbar?;§§ 34, 316 StGB;;1+2;Alltagsfall;4;5;;17.0;Rechtfertigender Notstand § 34: Einbruch in die Berghütte;Band 13 › 4. › Rechtfertigender Notstand § 34;
308;2;103;51;Mi;Examenswissen;Zivilrecht;Schuldrecht AT;Gattungsschuld: Wann steht fest, welche Flasche du bekommst?;Der Weinhändler stellt deine zwölf Flaschen zur Abholung bereit – nachts wird das Lager ausgeraubt.;Was schuldet der Schuldner bei der Gattungsschuld und wann konkretisiert sie sich nach § 243 II BGB?;§§ 243, 275, 300 II BGB;;1;Schema;5;3;;17.5;Unmöglichkeit: Wenn die Leistung einfach nicht mehr geht (§ 275 BGB);3.3 Konkretisierung, § 243 II BGB;
309;2;103;51;Fr;2. Examen;2. Examen;StPO-Praxis;Strafbefehl im Briefkasten: Verfahren, Einspruch, Risiko;Ein Autofahrer erhält einen Strafbefehl über 60 Tagessätze wegen unerlaubten Entfernens vom Unfallort.;Wann beantragt die Staatsanwaltschaft einen Strafbefehl, welche Rechtsfolgen sind zulässig, und was passiert nach dem Einspruch?;"§§ 407–412 StPO; § 142 StGB";—;2;Schema;4;5;;15.5;;Band 6 – 10.1 Strafbefehlsverfahren;Mittel: § 32d StPO n.F. seit 1.1.2026 – Einspruch durch Verteidiger zwingend elektronisch
310;2;104;52;Mo;Der Fall;Öffentliches Recht;Europarecht;Bauernblockade an der Grenze: Muss der Staat die Straße räumen?;Landwirte blockieren tagelang eine Grenzautobahn – Lkw mit Waren aus dem EU-Ausland stehen still.;Schutzpflicht aus Art. 34 AEUV i.V.m. Art. 4 III EUV, Rechtfertigung durch Versammlungs- und Meinungsfreiheit, Abwägung.;"Art. 34 AEUV; Art. 4 III EUV; Art. 11, 12 GRCh";"EuGH, Urt. v. 12.06.2003 – C-112/00 (Schmidberger); EuGH, Urt. v. 09.12.1997 – C-265/95 (Kommission/Frankreich)";1;Klassiker-Fall;4;5;ja;19.0;Warenverkehrsfreiheit: Das Prüfungsschema mit Dassonville;Band 2 › 34.3 Grundfreiheiten (Fallanker 'Marktblockaden' laut Klassikerliste);
311;2;104;52;Mi;Examenswissen;Strafrecht;StGB AT;Jedermann-Festnahme: Was darf ich mit einem Ladendieb machen?;Ein Kunde sieht, wie jemand Parfum einsteckt, hält ihn am Ausgang fest und drückt ihn zu Boden.;Wann rechtfertigt § 127 I StPO Festhalten und Gewalt, reicht dringender Tatverdacht und wo endet die Verhältnismäßigkeit?;"§ 127 I StPO; §§ 239, 240, 223 StGB";;1+2;Alltagsfall;4;5;;17.0;Straftat prüfen in 3 Schritten: Tatbestand, Rechtswidrigkeit, Schuld;"5.4 Festnahmerecht und zivilrechtliche Rechtfertigung; 28.11; Band 13 › 4. › Festnahmerecht";
312;2;104;52;Fr;Klausurpraxis;Zivilrecht;GoA;Ausweichen vor dem Kind: Ersatz für den Selbstaufopferer?;Ein Autofahrer reißt das Steuer herum, um ein auf die Straße laufendes Kind nicht zu erfassen – und landet im Graben.;Kann der Fahrer über GoA Ersatz vom Kind verlangen, wenn er auch im eigenen Interesse (Haftung aus § 7 StVG) ausweicht?;"§§ 677, 683, 670 BGB; § 7 II StVG";BGHZ 38, 270;1;Klassiker-Fall;4;4;ja;17.5;Beim Helfen verletzt: Risikotypische Begleitschäden;Band 11 – 25. Geschäftsführung ohne Auftrag – Konkurrenzen;
313;3;105;1;Mo;Der Fall;Strafrecht;StGB BT;Drängeln auf der Autobahn: Ist Lichthupe Gewalt?;Ein SUV-Fahrer fährt auf der linken Spur minutenlang dicht auf und blinkt, bis der Vordermann nach rechts ausweicht.;Wann entfaltet Drängeln eine körperlich wirkende Zwangswirkung und ist damit Gewalt i.S.d. § 240 StGB?;§§ 240, 315c StGB;BGHSt 19, 263;1+2;Alltagsfall;4;5;;17.0;Nötigung § 240: Das Prüfungsschema mit Verwerflichkeit;Band 13 › 12. › Nötigung § 240;
314;3;105;1;Mi;Examenswissen;Zivilrecht;Sachenrecht;Eigentümer-Besitzer-Verhältnis: Nutzungen, Schäden, Verwendungen;Der gutgläubige Käufer eines gestohlenen Autos fährt es ein Jahr lang, bevor der Eigentümer auftaucht.;Wann besteht eine Vindikationslage und wie unterscheiden §§ 987 ff. BGB den redlichen, unredlichen und verklagten Besitzer?;§§ 987–1003 BGB;;1;Schema;5;3;;17.5;„Gib mir meine Sache zurück!“ Der Herausgabeanspruch aus § 985 BGB;21.2 EBV §§ 987 ff. BGB;
315;3;105;1;Fr;Methodik;Methodik;Examen;Referendariat: Stationen, Klausuren, Aktenvortrag;Nach dem ersten Examen beginnt die Praxis – was kommt auf dich zu?;Ablauf des Vorbereitungsdienstes;;;1+2;Methodik;4;4;;14.0;;;Länderrecht/Prüfungsordnung prüfen
316;3;106;2;Mo;Der Fall;Öffentliches Recht;Staatsorganisationsrecht;Wesentlichkeitstheorie: Was muss das Parlament selbst entscheiden?;Das Kultusministerium führt per Erlass ein neues Pflichtfach zu Sexualität und Partnerschaft ein – reicht das, oder muss der Landtag ran?;Wann verlangt der Vorbehalt des Gesetzes ein Parlamentsgesetz (Grundrechtsrelevanz, Wesentlichkeit) und wie bestimmt muss es sein?;"Art. 20 II, III GG; Art. 80 I 2 GG";"BVerfGE 47, 46 (Sexualkundeunterricht); BVerfGE 49, 89 (Kalkar I)";1;Klassiker-Fall;5;3;ja;18.0;Demokratieprinzip: Warum jede Behörde auf deine Stimme zurückgeht;"Band 12 › 1. › Demokratie (Wesentlichkeitstheorie); Band 2 › 1. Grundmethodik";
317;3;106;2;Mi;Examenswissen;Zivilrecht;Sachenrecht;Vertrauen ins Grundbuch: Gutgläubiger Grundstückserwerb;Im Grundbuch steht der Bruder als Eigentümer – in Wahrheit gehört das Haus seiner Schwester.;Wann schützt § 892 BGB den Erwerber und warum schadet hier – anders als bei § 932 BGB – grobe Fahrlässigkeit nicht?;§§ 891, 892, 894, 899 BGB;;1;Schema;5;3;;17.5;Hauskauf in drei Schritten: Kaufvertrag, Auflassung, Grundbuch;4.12 Gutgläubiger Grundstückserwerb, § 892 BGB;
318;3;106;2;Fr;Methodik;Methodik;Examen;Jura-Noten verstehen: Was ist ‚vollbefriedigend‘?;9 Punkte gelten in Jura als Prädikat – warum eigentlich?;Notenskala und Bedeutung für Berufseinstieg;;;1+2;Methodik;3;5;;13.5;;;Länderrecht/Prüfungsordnung prüfen
319;3;107;3;Mo;Der Fall;Strafrecht;StGB BT;Das gefundene Handy: Unterschlagung § 246;Ein Mann findet auf einer Parkbank ein Smartphone, setzt es auf Werkseinstellungen zurück und nutzt es selbst.;Wann manifestiert sich die Zueignung, und wie verhält sich § 246 zum Fundrecht und zu § 242?;"§ 246 StGB; §§ 965 ff. BGB";;1+2;Alltagsfall;4;5;;17.0;Diebstahl § 242: Das Prüfungsschema;"16.3 Unterschlagung § 246 StGB; 33.6";
320;3;107;3;Mi;Examenswissen;Öffentliches Recht;Baurecht;Ist der Bebauungsplan wirksam? Das Prüfungsschema;Die Gemeinde beschließt einen Bebauungsplan für ein Gewerbegebiet – ein Ratsmitglied besitzt dort Grundstücke.;Ermächtigung, Verfahren (Aufstellungsbeschluss, Beteiligung, Umweltprüfung, Satzungsbeschluss, Ausfertigung, Bekanntmachung), materielle Anforderungen.;"§§ 1–4, 8–10 BauGB; Gemeindeordnung (Befangenheit)";;1;Schema;5;2;;16.0;Satzung und Verordnung prüfen: Das Normprüfschema;"Band 2 › 16.2 Bebauungsplan; 28.2; Band 12 › 31. › Planverfahren";Länder: Befangenheitsregeln je Gemeindeordnung
321;3;107;3;Fr;Methodik;Methodik;Examen;Vom ersten Semester bis zum Examen: So ist Jura aufgebaut;Neun Semester, zwei Examen, ein Referendariat – der Überblick.;Aufbau von Studium, Schwerpunkt, Examen, Referendariat;;;1+2;Methodik;3;5;;13.5;;;Länderrecht/Prüfungsordnung prüfen
322;3;108;4;Mo;Der Fall;Zivilrecht;Sachenrecht;Werkstatt behält das geleaste Auto: Das Werkunternehmerpfandrecht;Die Werkstatt repariert dein geleastes Auto und gibt es erst heraus, wenn die Rechnung bezahlt ist.;Entsteht ein Werkunternehmerpfandrecht an bestellerfremden Sachen, ist gutgläubiger Erwerb möglich und hilft § 994 BGB dem Unternehmer?;§§ 647, 1257, 994, 1000 BGB;"BGHZ 34, 122; BGHZ 34, 153 (Kleinbus-Fälle)";1;Klassiker-Fall;4;4;ja;17.5;Uhr ins Pfandhaus: So funktioniert das Pfandrecht;Gutgläubiger Erwerb gesetzlicher Pfandrechte;
323;3;108;4;Mi;Examenswissen;Strafrecht;StGB BT;Dreiecksbetrug: Der gefälschte Abholschein in der Werkstatt;Ein Mann legt in einer Autowerkstatt einen gefälschten Abholschein vor und bekommt das Auto eines Kunden ausgehändigt.;Lagertheorie oder Befugnistheorie: Wann wird die Verfügung des Getäuschten dem Geschädigten zugerechnet?;§§ 263, 242, 25 I Alt. 2 StGB;;1+2;Streitstand;5;3;ja;17.0;Betrug § 263: Das Prüfungsschema + Mittelbare Täterschaft: Mit fremden Händen;"Teil C › 56. Das Lagerdreieck; 13.5; Band 19 › Dreiecksbetrug / Diebstahl in mittelbarer Täterschaft";
324;3;108;4;Fr;2. Examen;2. Examen;StPO-Praxis;§ 154 oder § 154a StPO? Teileinstellung ohne Fehler;Neben dem angeklagten Raub hat der Beschuldigte noch ein Fahrrad beschädigt und einen Ladendiebstahl begangen.;Wie grenzt man § 154 (ganze prozessuale Taten) von § 154a (Teile einer Tat) ab, und wie macht man die Beschränkung in Anklage und Verfügung kenntlich?;§§ 154, 154a, 264 StPO;—;2;Klausurfehler;5;2;ja;15.0;Anklageklausur: Das Gesamtschema vom Gutachten bis zur Verfügung;"Band 6 – 9.3 § 154 StPO; 9.4 § 154a StPO";stabil
325;3;109;5;Mo;Der Fall;Öffentliches Recht;Grundrechte;Enteignung oder Inhaltsbestimmung? Der Nassauskiesungsbeschluss;Unter deinem Acker liegt wertvoller Kies – ein neues Wasserschutzgesetz verbietet dir den Abbau.;Formaler Enteignungsbegriff, Trennungstheorie, kein 'dulde und liquidiere', Vorrang des Primärrechtsschutzes.;"Art. 14 I 2, III GG; WHG";BVerfGE 58, 300 (Nassauskiesung);1;Klassiker-Fall;5;3;ja;18.0;Grundrechtsprüfung: Schutzbereich, Eingriff, Rechtfertigung;"Teil B › 35. Die Kiesgrube; Einzelprobleme 10.10 Art. 14 GG: Inhaltsbestimmung oder Enteignung";
326;3;109;5;Mi;Examenswissen;Zivilrecht;Deliktsrecht;Eigentumsverletzung ohne Kratzer: Der Fleet-Fall;Eine Baustelle blockiert tagelang die einzige Ausfahrt deiner Tiefgarage – das Auto ist heil, aber gefangen.;Wann ist eine bloße Nutzungsbeeinträchtigung eine Eigentumsverletzung nach § 823 I BGB?;§ 823 I BGB;BGHZ 55, 153 (Fleet);1;Klassiker-Fall;4;4;ja;17.5;§ 823 I BGB: Das Prüfungsschema der unerlaubten Handlung;24.1 § 823 I BGB;
327;3;109;5;Fr;Klausurpraxis;Strafrecht;StGB BT;Raub oder räuberische Erpressung? Der Streit um die Verfügung;Ein Täter hält einem Tankwart eine Pistole vor, lässt ihn die Kasse öffnen und sich das Geld aushändigen.;Äußeres Erscheinungsbild (Rspr.) oder Vermögensverfügung und innere Willensrichtung (Lit.)?;§§ 249, 253, 255 StGB;BGHSt 7, 252;1+2;Streitstand;5;3;ja;17.0;Raub § 249: Gewalt, Wegnahme, Finalität + Erpressung § 253: Schutzgeld per Fake-Bewertung;"Teil C › 58. Der Gewaltwechsel an der Tankstelle; 13.12; Band 19 › Abgrenzung Raub / räuberische Erpressung";
328;3;110;6;Mo;Der Fall;Öffentliches Recht;Kommunalrecht;Kommunale Selbstverwaltung: Was darf deine Gemeinde selbst entscheiden?;Das Land will die Müllabfuhr aller Gemeinden auf die Landkreise übertragen.;Art. 28 II GG: Angelegenheiten der örtlichen Gemeinschaft, Kern- und Randbereich, Aufgabenverteilungsprinzip, Gemeindehoheiten.;"Art. 28 II GG; Landesverfassungen";BVerfGE 79, 127 (Rastede);1;Klassiker-Fall;5;3;ja;18.0;;"Band 2 › 23. Kommunalrecht; 35.1 Selbstverwaltungsgarantie; Band 12 › 32. › Selbstverwaltung";Länder: Gemeindeordnungen unterschiedlich (z. B. Art. 21 BayGO, § 8 GO NRW, § 10 GemO BW) – Zuschnitt: Art. 28 II GG + Normtabelle als Overlay
329;3;110;6;Mi;Examenswissen;Zivilrecht;Handelsrecht;Café übernommen, alter Name behalten: Haftung für alte Schulden?;Du kaufst das Café „Nordlicht“ und führst es unter gleichem Namen am selben Ort weiter.;Wann haftet der Erwerber eines Handelsgeschäfts nach § 25 HGB für Altverbindlichkeiten und wie schließt er das wirksam aus?;§§ 25, 27 HGB;;1;Klassiker-Fall;4;4;ja;17.5;Wer ist Kaufmann? Die §§ 1 bis 6 HGB erklärt;6.5 § 25 HGB und Firmenfortführung;
330;3;110;6;Fr;2. Examen;2. Examen;StPO-Praxis;Führerschein weg? §§ 69, 44 StGB und § 111a StPO;Nach einer Trunkenheitsfahrt mit 1,4 Promille will die Beschuldigte wissen, wann sie wieder fahren darf.;Wie unterscheiden sich Entziehung der Fahrerlaubnis mit Sperre, Fahrverbot und vorläufige Entziehung, und wo gehören sie in Anklage und Begleitverfügung?;"§§ 44, 69, 69a, 316 StGB; § 111a StPO";—;2;Sonderlage;4;5;;15.5;Begleitverfügung: Haft, Pflichtverteidiger, Mitteilungen;Band 6 – 13. Fahrerlaubnismaßnahmen;stabil
331;3;111;7;Mo;Der Fall;Strafrecht;StGB BT;Zu viel Wechselgeld: Betrug durch Schweigen?;"Eine Kassiererin gibt einem Kunden versehentlich 50 statt 5 Euro zurück; er steckt das Geld wortlos ein.";Besteht eine Aufklärungspflicht als Garant – oder ist bloßes Ausnutzen eines fremden Irrtums straflos?;§§ 13, 263, 246 StGB;;1;Alltagsfall;4;5;;17.0;Betrug § 263: Das Prüfungsschema + Garantenstellung: Wann muss ich einen Erfolg verhindern?;17.1 Betrug § 263 StGB;
332;3;111;7;Mi;Examenswissen;Öffentliches Recht;Staatsorganisationsrecht;Rückwirkende Gesetze: Darf der Staat die Regeln nachträglich ändern?;Du verkaufst eine Wohnung steuerfrei – ein Jahr später verlängert der Bundestag rückwirkend die Spekulationsfrist.;Abgrenzung echte/unechte Rückwirkung (Rückbewirkung von Rechtsfolgen vs. tatbestandliche Rückanknüpfung) und anerkannte Ausnahmen.;"Art. 20 III GG; Abgrenzung Art. 103 II GG";BVerfGE 127, 1 (Spekulationsfrist);1;Streitstand;5;4;ja;18.0;Rechtsstaatsprinzip;"Band 18 › Rückwirkung von Gesetzen; Einzelprobleme 10.3 Rückwirkung; Band 2 › 18.1";
333;3;111;7;Fr;Klausurpraxis;Zivilrecht;Arbeitsrecht;Angefochtener Arbeitsvertrag: Bekommt man trotzdem Lohn?;Der Arbeitgeber ficht den Vertrag nach Monaten wegen einer Lüge im Bewerbungsgespräch an.;Warum wirkt die Anfechtung eines in Vollzug gesetzten Arbeitsverhältnisses grundsätzlich nur ex nunc und wo liegen Ausnahmen?;§§ 119, 123, 142 BGB;;1;Klassiker-Fall;4;4;ja;17.5;Anfechtung in fünf Schritten: Das Prüfungsschema §§ 119 ff. BGB;Fehlerhaftes Arbeitsverhältnis;
334;3;112;8;Mo;Der Fall;Strafrecht;StGB BT;Fehlüberweisung aufs eigene Konto: Darf ich das Geld behalten?;"Auf dem Konto einer Studentin gehen versehentlich 8.000 Euro ein; sie hebt sie ab und gibt sie aus.";Täuscht sie die Bank beim Abheben, macht sie sich wegen Untreue oder Unterschlagung strafbar – oder nur zivilrechtlich haftbar?;"§§ 263, 266, 246 StGB; § 812 BGB";;1;Alltagsfall;4;5;;17.0;Betrug § 263: Das Prüfungsschema;Band 13 › 15. › Täuschung und Irrtum;
335;3;112;8;Mi;Examenswissen;Zivilrecht;Erbrecht;Bonifatius-Fall: Schenkung auf den Todesfall;Ein Schwerkranker beauftragt einen Bekannten, nach seinem Tod Geld an eine Stiftung auszuzahlen.;Wann gelten für eine Schenkung auf den Todesfall die Formvorschriften des Erbrechts (§ 2301 I BGB) und wann ist sie lebzeitig vollzogen (§ 2301 II BGB)?;§§ 2301, 331, 518 BGB;RGZ 83, 223 (Bonifatius);1;Klassiker-Fall;4;4;ja;17.5;Vertrag zugunsten Dritter: Die Lebensversicherung für die Tochter;7.10 Schenkung von Todes wegen;
336;3;112;8;Fr;2. Examen;2. Examen;VwGO-Praxis;§ 80 V VwGO: Anordnen oder wiederherstellen? Der Tenor-Check;Die Mandantin greift zugleich eine für sofort vollziehbar erklärte Abrissverfügung und einen kraft Gesetzes vollziehbaren Gebührenbescheid an.;Wann wird die aufschiebende Wirkung angeordnet, wann wiederhergestellt, wie läuft die Interessenabwägung, und wie gliedern sich die Gründe des Eilbeschlusses?;§ 80 I, II, V VwGO;—;2;Formulierung;5;2;ja;15.0;;"Band 5 – 12.2; 12.3; 11.3 Gründe im Eilverfahren; 38.3 § 80 V-Beschluss; 17.1 Tenor bei § 80 V";stabil
337;3;113;9;Mo;Der Fall;Öffentliches Recht;Europarecht;Francovich: Der Staat haftet für EU-Rechtsbrüche;Deine Firma geht pleite, niemand sichert deinen letzten Lohn ab – weil Deutschland eine EU-Richtlinie nicht umgesetzt hat.;"Unionsrechtlicher Staatshaftungsanspruch: Rechtsverleihung, hinreichend qualifizierter Verstoß, unmittelbare Kausalität; Durchsetzung nach nationalem Recht.";"Art. 4 III EUV; Art. 340 II AEUV (Rechtsgedanke)";EuGH, Urt. v. 19.11.1991 – C-6/90 u. C-9/90 (Francovich);1;Klassiker-Fall;5;3;ja;18.0;Nicht umgesetzte Richtlinie: Kann ich mich trotzdem darauf berufen? + Amtshaftung: Das Prüfungsschema von § 839 BGB und Art. 34 GG;"Teil B › 45. Die rechtswidrige EU-Richtlinie und Staatshaftung; Band 2 › 34.7 Unionsrechtlicher Staatshaftungsanspruch";
338;3;113;9;Mi;Examenswissen;Strafrecht;StGB BT;Steine von der Autobahnbrücke: § 315b;Jugendliche werfen von einer Brücke Steine auf fahrende Autos.;Wie prüft man den gefährlichen Eingriff von außen – und wann kommt Tötungsvorsatz hinzu?;§§ 315b, 211, 212 StGB;;1+2;Schema;4;5;;16.0;;"36.9 Gefaehrlicher Eingriff in den Strassenverkehr, § 315b StGB; Band 13 › 21. › § 315b";
339;3;113;9;Fr;Klausurpraxis;Zivilrecht;BGB AT;Auktion abgebrochen: Bekommt der Höchstbietende das Auto für 1 Euro?;Ein Verkäufer bricht die Online-Auktion für seinen Passat ab – das Höchstgebot lag bei 1 Euro.;Wie kommt bei Internetauktionen ohne Zuschlag ein Vertrag zustande und kann ein Schnäppchen-Bieter bei grundlosem Abbruch Schadensersatz verlangen?;§§ 145, 156, 242, 280 I, III, 281 BGB;"BGHZ 149, 129 (ricardo.de); BGH, Urt. v. 12.11.2014 – VIII ZR 42/14";1;Klassiker-Fall;3;5;ja;17.0;Angebot und Annahme: Wann ist ein Vertrag wirklich geschlossen?;Band 11 – 3. Vertragsschluss, Auslegung und Konsens – Streitstände, Abgrenzungen und Konkurrenzfragen;
340;3;114;10;Mo;Der Fall;Öffentliches Recht;Grundrechte;Wenn der Staat nur warnt: Klassischer und moderner Eingriff;Das Ministerium veröffentlicht eine Liste 'belasteter' Weine – dein Weingut steht drauf.;Klassischer Eingriffsbegriff, mittelbar-faktische Eingriffe, staatliches Informationshandeln und seine Grenzen.;Art. 12 I, 4 I, 2 I GG;"BVerfGE 105, 252 (Glykol); BVerfGE 105, 279 (Osho)";1;Klassiker-Fall;4;4;ja;17.5;Grundrechtsprüfung: Schutzbereich, Eingriff, Rechtfertigung;"Band 12 › 8. › Eingriff; Band 2 › 20.";Gering: Lebensmittelpranger (§ 40 Ia LFGB, BVerfGE 148, 40) als Folgefall
341;3;114;10;Mi;Examenswissen;Strafrecht;StGB AT;Ingerenz nach Notwehr? Der verletzte Angreifer;Eine Frau verletzt einen Angreifer in Notwehr schwer und geht dann nach Hause, ohne den Notruf zu wählen.;Begründet rechtmäßiges Vorverhalten eine Garantenstellung oder bleibt nur § 323c StGB?;§§ 13, 32, 323c StGB;BGHSt 23, 327;1;Streitstand;4;4;ja;16.5;Ingerenz: Wer die Gefahr schafft, muss sie beseitigen;8. Unterlassungsdelikte;
342;3;114;10;Fr;2. Examen;2. Examen;VwGO-Praxis;§ 80 III VwGO: Wenn der Sofortvollzug nur mit Floskeln begründet ist;Die Behörde begründet die sofortige Vollziehung mit dem einzigen Satz, dies liege „im öffentlichen Interesse“.;Welche Anforderungen stellt § 80 III VwGO, wie trennt man formelle Prüfung und materielle Abwägung, und wie wird bei bloßem Begründungsmangel tenoriert?;§ 80 II 1 Nr. 4, III, V VwGO;OVG-Rspr. uneinheitlich (Aufhebung der Vollziehungsanordnung vs. Wiederherstellung);2;Klausurfehler;5;2;ja;15.0;§ 80 V VwGO: Anordnen oder wiederherstellen? Der Tenor-Check;"Band 5 – 12.5 Formelle Fehler der Sofortvollzugsanordnung; 22.3 Sofortige Vollziehung";stabil
343;3;115;11;Mo;Der Fall;Zivilrecht;BGB AT;Kündigung per Mail, WhatsApp, Spamordner: Wann zählt sie?;Die Mail mit der Kündigung landet um 22 Uhr in deinem Spamordner.;Wann gehen elektronische Erklärungen zu und welche Rolle spielen eröffneter Kommunikationsweg und übliche Abrufzeiten?;§ 130 I BGB;BGH, Urt. v. 6.10.2022 – VII ZR 895/21;1+2;Alltagsfall;4;5;;16.5;Zugang unter Abwesenden: Wann ist der Brief „angekommen“?;33.3 Willenserklaerung, Zugang und Auslegung;"Rechtsprechung zum elektronischen Zugang in Entwicklung; aktuellen Stand vor Produktion prüfen"
344;3;115;11;Mi;Examenswissen;Öffentliches Recht;Staatsorganisationsrecht;Muss der Bundespräsident jedes Gesetz unterschreiben?;Der Bundespräsident hält ein neues Gesetz für verfassungswidrig und verweigert die Ausfertigung.;"Formelles und materielles Prüfungsrecht nach Art. 82 I GG; Evidenzkontrolle; Stellung im Gewaltenteilungsgefüge.";Art. 82 I, 58, 20 III, 56 GG;;1;Streitstand;5;4;ja;18.0;Wie ein Bundesgesetz entsteht: Formelle Verfassungsmäßigkeit prüfen;"Einzelprobleme 10.1 Bundespräsident: Prüfungsrecht; Band 18 › Materielles Prüfungsrecht des Bundespräsidenten";
345;3;115;11;Fr;Klausurpraxis;Strafrecht;StGB BT;Schockanruf und Enkeltrick: Betrug und die Rolle der Abholer;"Ein Anrufer gibt sich als Polizist aus; eine Seniorin legt Schmuck vor die Tür, ein „Abholer“ nimmt ihn mit.";Irrtum trotz Zweifeln, Vermögensverfügung statt Wegnahme, Bande – und ist der Abholer Mittäter oder Gehilfe?;§§ 263 I, III, V, 25 II, 27 StGB;;1+2;Alltagsfall;4;5;;17.0;Betrug § 263: Das Prüfungsschema + Mittäterschaft § 25 II: Gemeinsam geplant, gemeinsam verantwortlich;"Band 13 › 15. › Besondere Fallgruppen; Band 13 › 15. › Täuschung und Irrtum";
346;3;116;12;Mo;Der Fall;Zivilrecht;BGB AT;Einschreiben nicht abgeholt: Ist die Kündigung trotzdem zugegangen?;Der Mieter holt das Einschreiben mit der Kündigung einfach nicht bei der Post ab.;Wie werden Zugangshindernisse und Zugangsvereitelungen nach § 242 BGB behandelt und muss der Absender erneut zustellen?;§§ 130, 242 BGB;BGHZ 137, 205;1+2;Alltagsfall;4;5;;16.5;Zugang unter Abwesenden: Wann ist der Brief „angekommen“?;2.3 Zugangshindernisse;
347;3;116;12;Mi;Examenswissen;Strafrecht;StGB AT;Konkurrenzen: Tateinheit, Tatmehrheit, Gesetzeskonkurrenz;Ein Einbrecher zerschlägt ein Fenster, steigt ein, stiehlt Schmuck, schlägt beim Hinausgehen den Hausherrn und zerstört später die Beute.;Wie bestimmt man Handlungseinheit, Tateinheit/Tatmehrheit, Spezialität, Subsidiarität und mitbestrafte Nachtat?;§§ 52, 53 StGB;;1+2;Schema;5;2;;16.5;Straftat prüfen in 3 Schritten: Tatbestand, Rechtswidrigkeit, Schuld;"13. Konkurrenzen; 32. Konkurrenzen und Wahlfeststellung; Band 13 › 25.";
348;3;116;12;Fr;Klausurpraxis;Öffentliches Recht;Polizei- und Ordnungsrecht;Zweckveranlasser: Wer haftet für die Menge vor dem Laden?;Ein Handyladen verspricht den ersten 100 Kunden ein Gratis-Smartphone – vor der Tür bricht Chaos auf der Straße aus.;Subjektive vs. objektive Theorie, Grenzen bei Grundrechtsausübung (Versammlungen), Verhältnis zur Unmittelbarkeitslehre.;Landes-PolG;;1;Streitstand;5;4;ja;18.0;Verhaltensstörer: Die Theorie der unmittelbaren Verursachung;"Teil B › 36. Der Schaufenstermagnet - Zweckveranlasser; Einzelprobleme 9.2 Zweckveranlasser; Band 18 › Zweckveranlasser";Länder: Befugnisnormen je PolG/SOG/OBG (z. B. § 8 PolG NRW, Art. 11 PAG, § 11 HSOG) – Zuschnitt: bundeseinheitliche Dogmatik, Landesnormen als Overlay-Tabelle
349;3;117;13;Mo;Der Fall;Zivilrecht;BGB AT;Unterschrift unter Druck: Anfechtung wegen widerrechtlicher Drohung;Der Ladendetektiv droht mit Anzeige, wenn du nicht sofort eine „Bearbeitungsgebühr“ von 500 Euro anerkennst.;Wann ist eine Drohung nach § 123 I BGB widerrechtlich (Mittel, Zweck, Mittel-Zweck-Relation)?;§§ 123, 124 BGB;;1;Alltagsfall;4;5;;16.5;Anfechtung in fünf Schritten: Das Prüfungsschema §§ 119 ff. BGB;4.1 Anfechtungsgruende;
350;3;117;13;Mi;Examenswissen;Strafrecht;StGB BT;Gefährliches Werkzeug: Schuh, Hund, Hauswand;Bei einer Schlägerei tritt ein Mann mit Arbeitsschuhen gegen den Kopf eines am Boden Liegenden und stößt ihn danach gegen eine Hauswand.;Was ist ein gefährliches Werkzeug nach § 224 I Nr. 2 – und warum ist die Wand keines?;§ 224 I Nr. 2 StGB;BGHSt 30, 375;1+2;Abgrenzung;5;4;;16.5;Körperverletzung § 223: Ohrfeige, Haare ab, Spucke;"14.2 Gefährliches Werkzeug, § 224 I Nr. 2 StGB; Band 19 › Gefährliches Werkzeug bei §§ 224, 244, 250 StGB";
351;3;117;13;Fr;2. Examen;2. Examen;ZPO;Nach dem Einspruch: So tenorierst du das Versäumnisurteil richtig;Nach Einspruch gegen ein VU über 6.000 Euro stellt sich heraus, dass nur 4.500 Euro geschuldet sind.;Wie prüft man die Zulässigkeit des Einspruchs, was bewirkt § 342 ZPO, und wie lauten Aufrechterhaltung, Aufhebung und Säumniskosten?;§§ 338–344 ZPO;—;2;Formulierung;5;2;ja;15.0;Versäumnisurteil: Wann der Richter trotzdem prüfen muss;"Band 4 – 34.3 Einspruch; 7. Versaeumnisurteil und Einspruch; Teil D – 66. Zivilurteil - Versäumnisurteil und Einspruch";stabil
352;3;118;14;Mo;Der Fall;Zivilrecht;BGB AT;Mit Papas Account ersteigert: Handeln unter fremdem Namen;Der Sohn ersteigert mit dem Online-Konto seines Vaters ein Motorrad für 4.000 Euro.;Gelten bei Identitätstäuschung §§ 164 ff., 177, 179 BGB analog und haftet der Kontoinhaber aus Rechtsschein?;§§ 164, 177, 179 analog BGB;BGHZ 189, 346;1;Alltagsfall;4;5;;16.5;Stellvertretung in drei Schritten: Wann bindet der Vertreter den Chef?;Band 11 – 5. Stellvertretung – Eigene Willenserklärung und Offenkundigkeit;
353;3;118;14;Mi;Examenswissen;Öffentliches Recht;Grundrechte;Schmähkritik: Wann ist eine Beleidigung keine Meinung mehr?;In einem Facebook-Kommentar beschimpft ein Bürger die Bürgermeisterin mit sexistischen Ausdrücken.;"Schmähkritik, Formalbeleidigung und Menschenwürdeangriff als Ausnahmen von der Abwägung; Machtkritik; Kontext.";"Art. 5 I, II GG; §§ 185, 188 StGB";"BVerfG, Beschl. v. 19.05.2020 – 1 BvR 2397/19 u.a.; BVerfG (K), Beschl. v. 19.12.2021 – 1 BvR 1073/20 (Künast)";1;Streitstand;5;5;;17.5;Meinung oder Tatsache? Warum die Auschwitzlüge nicht geschützt ist;Band 12 › 11. › Art. 5 Abs. 1 (Schmähkritik);Mittel: § 188 StGB und Verfolgung von Politikerbeleidigungen in aktueller Debatte
354;3;118;14;Fr;Klausurpraxis;Strafrecht;StGB BT;Fake-Shop und Kleinanzeigen: Betrug beim Online-Kauf;Eine Käuferin zahlt per Vorkasse für eine Spielkonsole bei einem Kleinanzeigen-Verkäufer, der nie liefert.;Wann ist Nichtlieferung Betrug – Täuschung über Leistungswillen, Vorsatz bei Vertragsschluss, Schaden?;§ 263 StGB;;1+2;Alltagsfall;4;5;;17.0;Betrug § 263: Das Prüfungsschema;Band 13 › 15. › Besondere Fallgruppen;
355;3;119;15;Mo;Der Fall;Zivilrecht;Schuldrecht AT;„Zahlbar sofort“: Wann bist du ohne Mahnung im Verzug?;Auf der Rechnung steht „zahlbar sofort“ – bist du damit schon im Verzug?;Wann ist eine Mahnung nach § 286 II BGB entbehrlich und wie funktioniert die 30-Tage-Regel des § 286 III BGB gegenüber Verbrauchern?;§ 286 II, III BGB;;1+2;Alltagsfall;4;5;;16.5;Schuldnerverzug: Wann du Zinsen und Mahnkosten verlangen kannst;Band 11 – 12. Schuldnerverzug, Rücktritt, Minderung und Annahmeverzug – Schuldnerverzug;
356;3;119;15;Mi;Examenswissen;Öffentliches Recht;Verwaltungsrecht AT;Wann gilt ein Bescheid als bekannt gegeben? Die Vier-Tages-Fiktion;Der Bescheid ist auf Montag datiert, kommt aber erst am Samstag an – wann beginnt deine Frist?;Bekanntgabe nach § 41 II VwVfG (vierter Tag), Zugangszweifel und Beweislast, Zustellung nach VwZG, Fristberechnung.;"§§ 31, 41, 43 VwVfG; § 4 II VwZG; § 57 VwGO; §§ 187 ff. BGB";;1+2;Klausurfehler;5;5;;17.5;Was ist ein Verwaltungsakt? § 35 VwVfG in sechs Minuten;"Band 2 › 10.2 Wirksamkeit, Bekanntgabe und Nichtigkeit; 26.2";"Hoch: Vier-Tages-Fiktion seit 01.01.2025 (vorher drei Tage) – alte Schemata nicht übernehmen; Landes-VwVfG prüfen"
357;3;119;15;Fr;Methodik;Methodik;Gutachtenstil;Feststellungsstil: Wann du dich kurz fassen darfst;Du prüfst jedes unproblematische Merkmal zwei Seiten lang – und dir fehlt die Zeit für das Problem.;Schwerpunktsetzung zwischen Feststellungs- und Gutachtenstil;;;1+2;Methodik;5;2;;13.0;;B. Examensmethodik als eigener Pflichtstoff;
358;3;120;16;Mo;Der Fall;Zivilrecht;Schuldrecht AT;Ohne Helm Rad gefahren: Weniger Schadensersatz wegen Mitverschulden?;Eine Radfahrerin ohne Helm wird von einer plötzlich geöffneten Autotür zu Fall gebracht.;Wann mindert Mitverschulden (§ 254 BGB) den Anspruch, und gilt das Fahren ohne Helm als Obliegenheitsverletzung?;§ 254 BGB;BGH, Urt. v. 17.6.2014 – VI ZR 281/13;1+2;Alltagsfall;4;5;;16.5;Schadensrecht in fünf Minuten: Differenzhypothese und Naturalrestitution;10. Schadensrecht §§ 249 ff. BGB;"Rspr. stellt auf das Verkehrsbewusstsein zum Unfallzeitpunkt ab; Entwicklung möglich"
359;3;120;16;Mi;Examenswissen;Strafrecht;StGB BT;Wohnungseinbruch: Praxis unten, Wohnung oben;Ein Täter bricht nachts in das Erdgeschoss eines Hauses ein, das als Arztpraxis dient – oben wohnt die Ärztin.;Wann ist ein Einbruch in gemischt genutzte Gebäude, Keller oder Nebenräume ein Wohnungseinbruchdiebstahl?;§ 244 I Nr. 3, IV StGB;;1+2;Abgrenzung;4;4;ja;16.5;Besonders schwerer Fall § 243: Regelbeispiele statt Tatbestand;"Teil C › 60. Die gemischt genutzte Villa; 33.5 Wohnungseinbruchsdiebstahl";§ 244 IV (dauerhaft genutzte Privatwohnung) seit 2017 – aktuelle Fassung prüfen.
360;3;120;16;Fr;2. Examen;2. Examen;StPO-Praxis;Beweisantrag abgelehnt: Beweisantrags- oder Aufklärungsrüge?;Die Verteidigerin wollte einen Alibizeugen hören lassen, das Gericht lehnte ab: „für die Entscheidung ohne Bedeutung“.;Wann liegt ein Beweisantrag vor, welche Ablehnungsgründe sind zulässig, und wie unterscheidet sich die Aufklärungsrüge?;§ 244 II–VI StPO;—;2;Sonderlage;5;2;ja;15.0;Verfahrensrüge: Warum so viele an § 344 II 2 StPO scheitern;"Band 6 – 43. Beweisantragsrecht; 42. Aufklärungsrüge";Mittel: Beweisantragsrecht 2019 neu gefasst (Legaldefinition § 244 III 1 StPO) – ältere Literatur prüfen
361;3;121;17;Mo;Der Fall;Öffentliches Recht;Grundrechte;Nachtarbeitsverbot für Frauen: Wann Geschlecht kein Kriterium sein darf;Eine Bäckerei darf Frauen nachts nicht beschäftigen – eine Bäckerin will aber die Nachtschicht.;"Art. 3 II, III 1 GG; Differenzierung nach Geschlecht nur bei zwingenden biologischen Gründen oder kollidierendem Verfassungsrecht; Förderauftrag.";Art. 3 II, III 1 GG;BVerfGE 85, 191 (Nachtarbeitsverbot);1;Klassiker-Fall;4;4;ja;17.5;Gleichheitssatz: Willkürformel, Neue Formel und strenge Prüfung;Band 12 › 10. › Art. 3 Abs. 2 und 3;
362;3;121;17;Mi;Examenswissen;Zivilrecht;Schuldrecht AT;AGB im dunklen Treppenhaus: Wann werden sie Vertragsinhalt?;Die Haftungsbedingungen des Parkhauses hängen irgendwo im Treppenhaus an der Wand.;Welche Anforderungen stellt § 305 II BGB an die Einbeziehung von AGB – im Laden, im Parkhaus und online?;§§ 305 II, III, 305a BGB;;1;Alltagsfall;4;5;;16.5;AGB-Kontrolle in sieben Schritten: So prüfst du das Kleingedruckte;3.10 AGB-Einbeziehung und überraschende Klauseln;
363;3;121;17;Fr;Klausurpraxis;Strafrecht;StGB BT;Strafvereitelung: Das falsche Alibi;Eine Frau erklärt der Polizei wahrheitswidrig, ihr Freund sei in der Tatnacht bei ihr gewesen.;Wann ist die Strafverfolgung „vereitelt“ und wen schützt das Angehörigenprivileg des § 258 VI StGB?;§§ 258, 258a StGB;;1+2;Alltagsfall;4;5;;17.0;;Band 13 › 22. › §§ 258, 258a;
364;3;122;18;Mo;Der Fall;Öffentliches Recht;Grundrechte;Großer Lauschangriff: Wanzen im Schlafzimmer?;Ermittler verwanzen die Wohnung eines Verdächtigen und hören auch intime Gespräche mit seiner Frau mit.;Art. 13 III GG, Kernbereich privater Lebensgestaltung, Menschenwürde, Abbruch- und Verwertungsverbote.;"Art. 1 I, 13 III, 79 III GG; § 100c StPO";BVerfGE 109, 279 (Großer Lauschangriff);1;Klassiker-Fall;4;4;ja;17.5;Persönlichkeitsrecht: Die Sphärentheorie einfach erklärt;Band 2 › 32.14 Unverletzlichkeit der Wohnung, Art. 13 GG;
365;3;122;18;Mi;Examenswissen;Zivilrecht;Schuldrecht AT;Gratis-Probemonat mit Abo-Falle: Überraschende Klauseln;Beim kostenlosen Testmonat steht versteckt, dass danach 49,99 Euro monatlich fällig werden.;Wann ist eine Klausel überraschend (§ 305c I) und wie wirkt die Unklarheitenregel (§ 305c II BGB)?;§§ 305c, 307, 312j BGB;;1;Alltagsfall;4;5;;16.5;AGB-Kontrolle in sieben Schritten: So prüfst du das Kleingedruckte;3.10 AGB-Einbeziehung und überraschende Klauseln;
366;3;122;18;Fr;2. Examen;2. Examen;ZPO;Streitgegenstand und Rechtskraft: Was ist eigentlich entschieden?;Nach verlorener Kaufpreisklage verklagt der Verkäufer denselben Käufer wegen derselben Lieferung erneut, diesmal aus Bereicherungsrecht.;Wie bestimmt der zweigliedrige Streitgegenstandsbegriff Rechtshängigkeitssperre und Rechtskraft, und warum erwachsen Vorfragen nicht in Rechtskraft?;§§ 253 II Nr. 2, 256 II, 261 III Nr. 1, 322, 325 ZPO;BGH st. Rspr. zum zweigliedrigen Streitgegenstandsbegriff;2;Schema;4;2;;11.0;;"Band 4 – 30.4 Bestimmter Klageantrag und Streitgegenstand; 30.5 Rechtsschutzbeduerfnis und anderweitige Rechtshaengigkeit/Rechtskraft; Band 14 – 49. (Rechtskraft)";stabil
367;3;123;19;Mo;Der Fall;Strafrecht;StGB BT;Fremdes Kennzeichen ans Auto geschraubt;Ein Fahrer schraubt die Kennzeichen eines abgemeldeten Wagens an sein unversichertes Auto.;Ist das Kennzeichen am Fahrzeug eine zusammengesetzte Urkunde und was verwirklicht der Tausch?;"§§ 267, 274 StGB; § 22 StVG; § 6 PflVG";;1+2;Alltagsfall;4;5;;17.0;Zusammengesetzte Urkunde: Das vertauschte Preisschild;14.7 Zusammengesetzte Urkunde;
368;3;123;19;Mi;Examenswissen;Zivilrecht;Mietrecht;Streichen beim Auszug? Schönheitsreparaturen und AGB;Du ziehst nach fünf Jahren aus – der Vermieter verlangt frisch gestrichene Wände.;Wann sind formularmäßige Schönheitsreparaturklauseln unwirksam (starre Fristen, unrenoviert übergebene Wohnung)?;§§ 535 I 2, 307 BGB;BGHZ 204, 302;1+2;Alltagsfall;4;5;;16.5;AGB-Kontrolle in sieben Schritten: So prüfst du das Kleingedruckte;36.1 Mietrecht;
369;3;123;19;Fr;Klausurpraxis;Öffentliches Recht;Verfassungsprozessrecht;Keine Superrevision: Was prüft das BVerfG bei Urteilen?;Du verlierst einen Nachbarschaftsstreit vor dem Landgericht und willst, dass Karlsruhe 'richtig' entscheidet.;Urteilsverfassungsbeschwerde: spezifisches Verfassungsrecht, Heck'sche Formel, Willkürkontrolle, Verfahrensgrundrechte.;"Art. 1 III, 3 I, 103 I GG; § 90 BVerfGG";BVerfGE 18, 85 (Heck'sche Formel);1;Schema;5;2;ja;18.0;Verfassungsbeschwerde: Das Prüfungsschema in sechs Minuten + Lüth-Urteil: Warum Grundrechte auch zwischen Bürgern wirken;"Teil B › 29. Die kritische Filmrezension (Examenshinweis); 33. Verfassungsbeschwerde - Komplettschema";
370;3;124;20;Mo;Der Fall;Strafrecht;StGB BT;Das eigene Haus anzünden: Wann ist das strafbar?;Ein verschuldeter Hausbesitzer zündet sein allein bewohntes Einfamilienhaus an, um die Versicherung zu kassieren.;Fremdheit bei § 306, Entwidmung bei § 306a I Nr. 1 – und welche Delikte bleiben?;§§ 306, 306a, 265 StGB;;1;Alltagsfall;4;5;;17.0;Brandstiftungssystem;21. Brandstiftungsdelikte (Entwidmung);
371;3;124;20;Mi;Examenswissen;Zivilrecht;Mietrecht;Eigenbedarf: Wann darf der Vermieter kündigen?;Der Vermieter kündigt dir nach zwölf Jahren, weil seine Tochter einziehen soll.;Wann liegt ein berechtigtes Interesse nach § 573 BGB vor, wann greift die Sozialklausel und was folgt aus vorgetäuschtem Eigenbedarf?;§§ 573, 574, 280 I BGB;;1+2;Alltagsfall;4;5;;16.5;Mietvertrag: Wer muss was? Rechte und Pflichten im Überblick;Band 11 – 19. Mietrecht – Kündigung und Rückgabe;
372;3;124;20;Fr;2. Examen;2. Examen;ZPO;Klageänderung: Sachdienlich oder unzulässig? Das Prüfschema;Mitten im Prozess stellt die Klägerin von Rückzahlung des Kaufpreises auf Ersatz eines Folgeschadens um.;Wann liegt eine Klageänderung vor, wann greift § 264 ZPO, und wie begründet man Sachdienlichkeit im Urteil?;§§ 263, 264, 267, 268 ZPO;BGH st. Rspr.: Sachdienlichkeit nach Prozesswirtschaftlichkeit;2;Schema;4;1;;9.5;Streitgegenstand und Rechtskraft: Was ist eigentlich entschieden?;"Band 4 – 32.1 Objektive Klageänderung; 4. Klageaenderung, Parteiwechsel und Streitgenossenschaft";stabil
373;3;125;21;Mo;Der Fall;Öffentliches Recht;Verwaltungsrecht AT;Ermessensreduzierung auf Null: Wann du das Einschreiten erzwingst;Die Nachbarsfirma lagert brennbare Fässer an deiner Grundstücksgrenze – das Amt bleibt untätig.;"Anspruch auf ermessensfehlerfreie Entscheidung vs. Anspruch auf Einschreiten; Kriterien (Rang des Rechtsguts, Gefahrintensität).";"§ 40 VwVfG; §§ 113 V, 114 VwGO; Landes-PolG";BVerwGE 11, 95 (Bandsäge);1;Klassiker-Fall;4;4;ja;17.5;Ermessen und Ermessensfehler: Was darf das Gericht kontrollieren?;"Band 2 › 26.4; 25.4 Verpflichtungsklage";
374;3;125;21;Mi;Examenswissen;Strafrecht;StGB BT;Das Auto als Waffe: Verkehrsinterner Eingriff § 315b;Ein Fahrer fährt bei einer Polizeikontrolle gezielt auf einen Beamten zu, um die Sperre zu durchbrechen.;Wann wird ein Verkehrsvorgang zum „verkehrsfeindlichen Inneneingriff“ – und warum braucht es Schädigungsvorsatz?;§§ 315b, 113, 224 StGB;BGHSt 48, 233;1+2;Streitstand;4;4;ja;16.5;Steine von der Autobahnbrücke: § 315b;"14.14 § 315b StGB bei Inneneingriffen; Band 19 › Verkehrsspezifische Gefahr bei § 315b StGB";
375;3;125;21;Fr;Klausurpraxis;Zivilrecht;Werkvertragsrecht;Handwerker rührt sich nicht: Selbstvornahme und Kostenvorschuss;Du setzt dem Installateur eine Frist, er meldet sich nicht – jetzt holst du einen anderen.;Wann darf der Besteller den Mangel selbst beseitigen und Ersatz oder Vorschuss verlangen (§ 637 BGB)?;§ 637 BGB;;1+2;Alltagsfall;4;5;;16.5;Pfusch am Bau: Die Mängelrechte des Bestellers;Band 11 – 20. Werkvertragsrecht – Mängelrechte;
376;3;126;22;Mo;Der Fall;Öffentliches Recht;Polizei- und Ordnungsrecht;Zustandsstörer: Musst du für die Altlast unter deinem Haus zahlen?;Du erbst ein Grundstück – darunter liegt ein leckender Öltank eines Vorbesitzers.;Zustandsverantwortlichkeit von Eigentümer und Inhaber, Opfergrenze (Verkehrswert), Dereliktion, Bodenschutzrecht.;"Landes-PolG; § 4 III BBodSchG; Art. 14 GG";BVerfGE 102, 1 (Altlasten – Grenzen der Zustandsverantwortlichkeit);1;Klassiker-Fall;4;4;ja;17.5;Verhaltensstörer: Die Theorie der unmittelbaren Verursachung;"Band 2 › 15.2; 27.2 Verantwortlichkeit";
377;3;126;22;Mi;Examenswissen;Strafrecht;StGB BT;Den Unfall nicht bemerkt: Unvorsätzliches Entfernen;Ein Lkw-Fahrer streift beim Rangieren einen Poller, bemerkt es nicht und erfährt erst zu Hause davon.;Ist unvorsätzliches Entfernen „berechtigt oder entschuldigt“ im Sinne des § 142 II Nr. 2 StGB?;"§ 142 II StGB; Art. 103 II GG";BVerfG, Beschl. v. 19.3.2007 – 2 BvR 2273/06;1+2;Streitstand;4;4;ja;16.5;Unfallflucht § 142: Wie lange muss ich warten?;Band 19 › Unvorsätzliches Entfernen vom Unfallort;
378;3;126;22;Fr;2. Examen;2. Examen;ZPO;Zeugen würdigen wie ein Richter: Glaubhaftigkeit statt Floskeln;Die Ehefrau des Klägers will beim Handschlag über 8.000 Euro dabei gewesen sein, der Beklagte hält sie für befangen.;Welche Realkennzeichen tragen eine Beweiswürdigung nach § 286 ZPO, und warum ist Nähe zu einer Partei allein kein Grund, der Aussage nicht zu glauben?;§§ 286, 373 ff. ZPO;BGH st. Rspr.: keine pauschale Abwertung von Zeugen aus dem Lager einer Partei;2;Formulierung;5;3;;14.5;Relationstechnik: Mit 3 Stationen durch jede Zivilakte;"Band 4 – 31.2 Zeugenbeweis; Band 14 – 5. (Zeugen)";stabil
379;3;127;23;Mo;Der Fall;Zivilrecht;GoA;Falschparker auf deinem Stellplatz: Wer zahlt das Abschleppen?;Ein fremdes Auto blockiert deinen privaten Stellplatz – du lässt es abschleppen.;Kann der Besitzer die Abschleppkosten aus § 823 II i.V.m. § 858 BGB oder aus GoA verlangen und wie weit reicht das Selbsthilferecht?;§§ 858, 859, 823 II, 677, 683 BGB;BGHZ 181, 233;1+2;Alltagsfall;4;5;;16.5;Geschäftsführung ohne Auftrag: Wann bekommt der Helfer seine Kosten?;Band 11 – 25. Geschäftsführung ohne Auftrag – Konkurrenzen;
380;3;127;23;Mi;Examenswissen;Strafrecht;StGB AT;Schuldunfähig? §§ 19, 20, 21 StGB und die Promille-Legende;Ein Mann mit akuter Psychose greift in der Straßenbahn einen Fahrgast an – ein anderer beruft sich nach 3,2 Promille auf Schuldunfähigkeit.;Welche Eingangsmerkmale kennt § 20 StGB und warum ist die Blutalkoholkonzentration nur ein Indiz?;§§ 19, 20, 21, 63, 323a StGB;;1+2;Schema;4;5;;16.0;Straftat prüfen in 3 Schritten: Tatbestand, Rechtswidrigkeit, Schuld;"28.13 Schuld; Band 13 › 5. › Schuldfähigkeit";
381;3;127;23;Fr;Klausurpraxis;Öffentliches Recht;Baurecht;Schwarzbau: Baustopp, Nutzungsverbot oder Abriss?;Ohne Genehmigung baust du deine Garage zur Ferienwohnung um – das Bauamt ordnet den Rückbau an.;Formelle vs. materielle Illegalität, Baueinstellung, Nutzungsuntersagung, Beseitigungsanordnung, intendiertes Ermessen und Gleichbehandlung.;"LBO (z. B. Art. 75, 76 BayBO; §§ 81, 82 BauO NRW)";;1+2;Abgrenzung;5;5;;17.5;Bauplanungs- und Bauordnungsrecht: Zwei Ebenen, ein Bauantrag;"Band 2 › 16.3; 28.5 Bauordnungsverfuegungen; Band 12 › 30. › Bauaufsicht";Länder: Befugnisnormen und Anforderungen an die Beseitigung je LBO
382;3;128;24;Mo;Der Fall;Zivilrecht;Sachenrecht;Eigenes Fahrrad zurückgeklaut: Verbotene Eigenmacht?;Du siehst dein gestohlenes Fahrrad vor dem Supermarkt – und knackst das fremde Schloss.;Wann liegt verbotene Eigenmacht vor, wie weit reicht die Selbsthilfe (§§ 859, 860) und warum zählt beim Besitzschutz das Eigentum zunächst nicht (§ 863 BGB)?;§§ 858–864 BGB;;1;Alltagsfall;4;5;;16.5;Besitz ist nicht Eigentum: Der Unterschied, den fast alle verwechseln;Band 11 – 27. Besitz und Besitzschutz §§ 854 ff. BGB – Verbotene Eigenmacht und Ansprüche;
383;3;128;24;Mi;Examenswissen;Strafrecht;StGB BT;Verbotene Kraftfahrzeugrennen § 315d;Zwei Autofahrer liefern sich nach einem Blickwechsel an der Ampel ein spontanes Beschleunigungsduell durch die Innenstadt.;Was ist ein „Rennen“, was verlangen Abs. 2 und Abs. 5 – und wie verhält sich § 315d zu den Tötungsdelikten?;§ 315d StGB;;1+2;Schema;4;5;;16.0;Gefährdung des Straßenverkehrs § 315c: Die sieben Todsünden;36.10a Verbotene Kraftfahrzeugrennen, § 315d StGB;§ 315d StGB seit 13.10.2017.
384;3;128;24;Fr;2. Examen;2. Examen;ZPO;Falschen Beklagten verklagt? Der Parteiwechsel im Zivilprozess;Die Klage richtet sich gegen den Geschäftsführer persönlich, obwohl die GmbH Vertragspartnerin war.;Nach welchen Regeln werden gewillkürter Kläger- und Beklagtenwechsel behandelt, wie wirken sie auf Rubrum und Kosten, und wo endet die bloße Rubrumsberichtigung?;"§§ 263 ff. ZPO analog; §§ 269 III, 319 ZPO";BGH st. Rspr. (Zustimmung des ausscheidenden Beklagten nach mündlicher Verhandlung);2;Sonderlage;4;3;ja;14.5;Klageänderung: Sachdienlich oder unzulässig? Das Prüfschema;"Band 4 – 32.2 Gewillkuerte Parteiänderung; Band 20 – Gewillkürte Parteiänderung";stabil
385;3;129;25;Mo;Der Fall;Zivilrecht;Sachenrecht;Gebrauchtwagen ohne Fahrzeugbrief: Noch gutgläubig?;Der Verkäufer hat den Fahrzeugbrief „gerade nicht dabei“ – dafür ist der Preis unschlagbar.;Wann handelt der Erwerber eines Kfz grob fahrlässig (§ 932 II BGB) und welche Rolle spielt die Zulassungsbescheinigung Teil II?;§ 932 II BGB;BGH, Urt. v. 1.3.2013 – V ZR 92/12;1+2;Alltagsfall;4;5;;16.5;Gutgläubiger Erwerb: Eigentum vom Nichteigentümer?;20.2 Gutglaeubiger Erwerb §§ 932 ff. BGB;
386;3;129;25;Mi;Examenswissen;Öffentliches Recht;Baurecht;Abwägungsfehler: Wann ein Bebauungsplan scheitert;Die Stadt plant ein Gewerbegebiet direkt neben einer Grundschule, ohne den Lärm zu untersuchen.;"Abwägungsausfall, -defizit, -fehleinschätzung, -disproportionalität; Ermittlung (§ 2 III) vs. Abwägungsgebot (§ 1 VII).";§§ 1 VII, 2 III BauGB;BVerwGE 34, 301 (Abwägungsgebot);1;Schema;5;2;ja;18.0;Ist der Bebauungsplan wirksam? Das Prüfungsschema;Band 12 › 31. › Abwägung;
387;3;129;25;Fr;Klausurpraxis;Strafrecht;StPO;Darf die Polizei mein Smartphone auswerten?;Nach einer Schlägerei stellt die Polizei das Handy eines Tatverdächtigen sicher und liest seine Chats.;Sicherstellung, Beschlagnahme und Durchsicht nach §§ 94, 98, 110 StPO – und welche Grenzen setzt die Verhältnismäßigkeit?;§§ 94, 98, 110 StPO;;1+2;Alltagsfall;4;5;;17.0;Durchsuchung: Wann darf die Polizei in meine Wohnung?;Band 13 › 28. › Sicherstellung/Beschlagnahme §§ 94 ff.;Zugriff auf Mobiltelefondaten: EuGH, Urt. v. 4.10.2024 – C-548/21 (gerichtliche Vorabkontrolle) und Gesetzesvorhaben – Stand prüfen.
388;3;130;26;Mo;Der Fall;Zivilrecht;Sachenrecht;Bank gegen Lieferant: Globalzession vs. verlängerter Eigentumsvorbehalt;Bank und Warenlieferant streiten sich um dieselbe Kundenforderung des insolventen Händlers.;Setzt sich die frühere Globalzession nach dem Prioritätsprinzip durch oder ist sie nach der Vertragsbruchtheorie sittenwidrig?;§§ 138, 307, 398 BGB;BGHZ 30, 149;1;Klassiker-Fall;5;2;ja;16.5;Eigentumsvorbehalt: Das Sofa ist da, gehört aber noch dem Möbelhaus;4.4 Verlängerter Eigentumsvorbehalt und Globalzession;
389;3;130;26;Mi;Examenswissen;Öffentliches Recht;Verwaltungsrecht AT;Anhörung vergessen: Ist der Bescheid jetzt kaputt?;Die Behörde entzieht dir die Gaststättenerlaubnis, ohne dich vorher anzuhören.;Anhörungspflicht (§ 28 VwVfG) und Ausnahmen, Heilung (§ 45 I Nr. 3, II), Unbeachtlichkeit (§ 46).;§§ 28, 45, 46 VwVfG;;1;Schema;5;3;;17.5;Was ist ein Verwaltungsakt? § 35 VwVfG in sechs Minuten;"Band 2 › 11. Rechtmaessigkeit eines Verwaltungsakts; 26.3; Band 12 › 17. › Heilung/Unbeachtlichkeit";
390;3;130;26;Fr;2. Examen;2. Examen;ZPO;Zweites Versäumnisurteil: Die Falle bei erneuter Säumnis;Nach eingelegtem Einspruch verpasst der Beklagte auch den nächsten Termin, weil sein Anwalt im Stau steht.;Wann ergeht ein zweites VU, welcher Rechtsbehelf bleibt, und was prüft das Berufungsgericht nach § 514 II ZPO?;§§ 337, 345, 514 II ZPO;BGH st. Rspr. (Streit um die Gesetzmäßigkeitskontrolle des ersten VU);2;Sonderlage;4;3;ja;14.5;Einspruch gegen VU;"Band 14 – 3. Zivilurteil – besondere Prozesslagen vollständig (Säumnis); Band 20 – Versäumnisurteil und Einspruch";stabil
391;3;131;27;Mo;Der Fall;Strafrecht;StGB AT;Die Rettungskette: Wer haftet, wenn Helfer Fehler machen?;Nach einer Messerattacke verunglückt der Rettungswagen durch einen Fahrfehler – in einer Variante gibt der Notarzt grob fehlerhaft ein falsches Medikament.;Unterbricht das Fehlverhalten Dritter im Rettungsgeschehen die Zurechnung zum Ersttäter?;§§ 212, 222, 227 StGB;;1;Klassiker-Fall;4;3;ja;16.5;Objektive Zurechnung: Der Neffe, das Gewitter und der Blitz;"Teil C › 51. Die Rettungskette; 12.6 Dazwischentreten Dritter";
392;3;131;27;Mi;Examenswissen;Zivilrecht;Schuldrecht AT;Vorsatz, Fahrlässigkeit, Garantie: Was muss der Schuldner vertreten?;Der Lieferant bekommt trotz aller Mühe keine Chips mehr – muss er trotzdem Schadensersatz zahlen?;Welche Haftungsmaßstäbe gelten nach § 276 BGB (inkl. Garantie und Beschaffungsrisiko) und wie wirkt die Vermutung des § 280 I 2 BGB?;§§ 276, 277, 280 I 2 BGB;;1;Schema;4;3;;12.5;Das System der §§ 280 ff. BGB: Welcher Schadensersatz wann?;34.1 Pflichtverletzung und Vertretenmuessen;
393;3;131;27;Fr;Methodik;Methodik;Meinungsstreit;Meinungsstreit richtig darstellen – ohne Meinungen aufzuzählen;Drei Ansichten, eine Klausur: Wie viel Streit muss rein?;Entscheidungserheblichkeit, Argumente statt Autoritäten;;;1+2;Methodik;5;2;;13.0;;36.6 Gutachtenstil, Urteilsstil und Meinungsstreit;
394;3;132;28;Mo;Der Fall;Öffentliches Recht;Grundrechte;Klimabeschluss: Hat die Zukunft ein Grundrecht?;Eine 17-Jährige klagt gegen das Klimaschutzgesetz, weil ihr später drastische Freiheitseinschränkungen drohen.;Intertemporale Freiheitssicherung, Art. 20a GG als justiziable Norm, Schutzpflicht und eingriffsähnliche Vorwirkung.;"Art. 2 II, 20a GG; KSG";BVerfGE 157, 30 (Klimabeschluss);1;Klassiker-Fall;4;5;;17.0;Schutzpflichten: Muss der Staat dich vor anderen schützen?;"Band 2 › 18.1 (Art. 20a GG); 32.5 (Ergänzung)";Hoch: KSG-Novelle 2024 und neue Verfassungsbeschwerden – aktuellen Stand prüfen
395;3;132;28;Mi;Examenswissen;Zivilrecht;Handelsrecht;Wer ist Kaufmann? Die §§ 1 bis 6 HGB erklärt;Die Bäckerin mit drei Filialen und Onlineshop – ist sie schon Kauffrau?;Wann ist jemand Ist-, Kann- oder Formkaufmann und warum hängt die Anwendbarkeit des HGB daran?;§§ 1–6 HGB;;1+2;Schema;4;3;;12.5;;39.1 Kaufmann und Handelsregister;
396;3;132;28;Fr;Klausurpraxis;Strafrecht;StGB AT;Die Giftfalle: Versuchsbeginn bei mittelbarer Täterschaft;Ein Hausbesitzer stellt eine vergiftete Schnapsflasche in seine Küche, weil er mit einem erneuten Einbruch rechnet.;Wann setzt der mittelbare Täter unmittelbar an – beim Aus-der-Hand-Geben oder erst beim Handeln des Opfers?;§§ 22, 25 I Alt. 2, 211, 212 StGB;BGHSt 43, 177 (Bärwurz-Fall);1;Klassiker-Fall;4;3;ja;16.5;Versuch: Das Prüfungsschema mit Vorprüfung + Mittelbare Täterschaft: Mit fremden Händen;12.14 Unmittelbares Ansetzen bei mittelbarer Täterschaft;
397;3;133;29;Mo;Der Fall;Öffentliches Recht;Grundrechte;Numerus clausus: Gibt es ein Recht auf einen Studienplatz?;Mit einem Abi von 1,9 bekommst du keinen Medizinstudienplatz – verletzt das deine Berufsfreiheit?;"Derivatives Teilhaberecht aus Art. 12 I i.V.m. Art. 3 I GG und Sozialstaat; Kapazitätserschöpfung; Vorbehalt des Möglichen.";Art. 12 I, 3 I, 20 I GG;"BVerfGE 33, 303 (Numerus clausus I); BVerfGE 147, 253 (Numerus clausus III)";1;Klassiker-Fall;3;5;ja;17.0;Rauchverbot mit Ausnahmen: Gleichheit trifft Berufsfreiheit;Band 2 › 32.1 (Leistungs- und Teilhaberechte);Mittel: Staatsvertrag Hochschulzulassung und Quoten (z. B. Landarztquote) – Details prüfen
398;3;133;29;Mi;Examenswissen;Zivilrecht;BGB AT;Versehentlich abgeschickt: Die abhandengekommene Willenserklärung;Dein neuer Mitarbeiter schickt den Vertragsentwurf, den du noch prüfen wolltest, an den Kunden – der nimmt sofort an.;Fehlt bei ungewollter Versendung die Abgabe, und haftet der Erklärende dann aus Rechtsschein, § 122 BGB analog oder c.i.c.?;§§ 130, 122 analog, 280 I, 311 II, 241 II BGB;;1;Streitstand;4;4;ja;16.0;Trierer Weinversteigerung: Wer winkt, der kauft?;2.1 Abhandengekommene Willenserklärung;
399;3;133;29;Fr;Klausurpraxis;Strafrecht;StGB BT;Ärztlicher Heileingriff: Ist jede OP eine Körperverletzung?;Eine Chirurgin operiert erfolgreich ein Knie – der Patient zeigt sie an, weil sie ihn über ein Nervenrisiko nicht aufgeklärt hatte, dem er aber wohl zugestimmt hätte.;Tatbestand plus Einwilligung (Rspr.) oder schon kein Tatbestand (Lit.)? Und was taugt die hypothetische Einwilligung?;"§§ 223, 228 StGB; § 630e BGB";RGSt 25, 375;1;Streitstand;4;5;;16.0;Einwilligung: Wann ist eine Körperverletzung erlaubt?;"14.1 Ärztlicher Heileingriff; Band 19 › Ärztlicher Heileingriff als Körperverletzung";
400;3;134;30;Mo;Der Fall;Öffentliches Recht;Grundrechte;Cannabis: Gibt es ein Recht auf Rausch?;Ein Student wird wegen ein paar Gramm Gras verfolgt und beruft sich auf seine Freiheit.;"Art. 2 I GG, Einschätzungsprärogative des Gesetzgebers, Übermaßverbot; Wandel durch die Teillegalisierung.";"Art. 2 I, 2 II 2 GG; KCanG; BtMG";BVerfGE 90, 145 (Cannabis);1;Klassiker-Fall;3;5;ja;17.0;Elfes: Warum 'einfach tun, was man will' ein Grundrecht ist;Band 12 › 9. › Art. 2 Abs. 1 (Ergänzung);Hoch: KCanG seit 01.04.2024, politische Evaluierungs- und Änderungsdebatte – Stand prüfen
401;3;134;30;Mi;Examenswissen;Zivilrecht;Schuldrecht AT;§ 278 oder § 831? Erfüllungsgehilfe vs. Verrichtungsgehilfe;Der Monteur des Küchenstudios reißt beim Aufbau ein Loch in deine Wand.;Wann wird Verschulden eines Gehilfen nach § 278 BGB zugerechnet und worin liegt der Unterschied zur Haftung aus § 831 BGB?;§§ 278, 831 BGB;;1+2;Abgrenzung;5;4;;16.0;Vorsatz, Fahrlässigkeit, Garantie: Was muss der Schuldner vertreten?;24.3 §§ 823 II, 826, 831, 833 BGB und StVG;
402;3;134;30;Fr;2. Examen;2. Examen;VwGO-Praxis;Fortsetzungsfeststellungsklage: Tenor und Feststellungsinteresse;Die Polizei hat eine Versammlung aufgelöst, die längst vorbei ist, doch der Veranstalter plant schon die nächste.;Welche Fallgruppen des Fortsetzungsfeststellungsinteresses gibt es, und wie lautet der Tenor in Anfechtungs- und Verpflichtungssituation?;§ 113 I 4 VwGO (analog);BVerwG st. Rspr. (Wiederholungsgefahr, Rehabilitation, tiefgreifender Grundrechtseingriff);2;Schema;4;3;ja;14.5;Anfechtungsurteil: „in Gestalt des Widerspruchsbescheids“;"Band 5 – 3.5 Fortsetzungsfeststellungsklage; 16. Klageänderung, Haupt- und Hilfsanträge im Assessorexamen";stabil
403;3;135;31;Mo;Der Fall;Strafrecht;StGB BT;Die Gubener Hetzjagd: Das Opfer flieht in den Tod;"Eine Gruppe jagt einen Mann durch eine Siedlung; auf der Flucht tritt er eine Glastür ein und verblutet.";Realisiert sich in einer panischen Fluchtreaktion noch die spezifische Gefahr der versuchten Körperverletzung?;§§ 18, 22, 227 StGB;BGHSt 48, 34;1;Klassiker-Fall;4;3;ja;16.5;Erfolgsqualifizierte Delikte: Das Schema mit dem Gefahrzusammenhang;Band 19 › Versuch bei erfolgsqualifizierten Delikten;
404;3;135;31;Mi;Examenswissen;Zivilrecht;Bereicherungsrecht;Geliehene Gitarre verkauft: Muss der Freund den Erlös herausgeben?;Dein Freund verkauft deine geliehene Gitarre für 800 Euro – sie war nur 500 wert.;Wann ist die Verfügung eines Nichtberechtigten dem Berechtigten gegenüber wirksam und ist nach § 816 I 1 BGB der Erlös oder nur der Wert herauszugeben?;§§ 816 I 1, 932, 185 BGB;;1;Streitstand;5;4;;16.0;Dein Foto in fremder Werbung: Die Eingriffskondiktion;25.2 Nichtleistungskondiktion und § 816 BGB;
405;3;135;31;Fr;Klausurpraxis;Öffentliches Recht;Verwaltungsrecht AT;Widerruf nach § 49: Wenn das Fördergeld zweckwidrig verwendet wird;Ein Verein kauft mit der Förderung für Jugendarbeit einen Kleinbus für Vorstandsausflüge.;Widerruf rechtmäßiger begünstigender VA (§ 49 II, III), Zweckverfehlung, Auflagenverstoß, Rückwirkung, Erstattung und Verzinsung.;§§ 49, 49a VwVfG;;1;Schema;5;3;;17.5;Fördergeld zurück? Die Rücknahme nach § 48 VwVfG;"Band 2 › 26.8 Widerruf, § 49 VwVfG; Band 12 › 21. › § 49";
406;3;136;32;Mo;Der Fall;Strafrecht;StGB BT;Persönlicher Schadenseinschlag: Die Melkmaschine;Einem Kleinbauern wird ein teures Gerät aufgeschwatzt, das zum Marktpreis angemessen, für seinen Hof aber nutzlos ist.;Kann trotz gleichwertiger Gegenleistung ein Schaden vorliegen?;§ 263 StGB;BGHSt 16, 321;1;Klassiker-Fall;4;3;ja;16.5;Vermögensschaden: Gesamtsaldierung einfach erklärt;"13.8 Persönlicher Schadenseinschlag; Band 19 › Persönlicher Schadenseinschlag";
407;3;136;32;Mi;Examenswissen;Zivilrecht;Handelsrecht;Entlassener Prokurist kauft weiter ein: § 15 I HGB;Die Prokura wurde widerrufen, aber nie im Handelsregister gelöscht – der Ex-Prokurist bestellt weiter Ware.;Wann kann sich ein Dritter auf das Schweigen des Handelsregisters berufen (negative Publizität) und darf er dabei nach der Rosinentheorie selektiv vorgehen?;§ 15 I HGB;;1;Schema;5;2;;16.0;Wer ist Kaufmann? Die §§ 1 bis 6 HGB erklärt;6.2 § 15 HGB - negative Publizität;
408;3;136;32;Fr;2. Examen;2. Examen;VwGO-Praxis;Kosten und Vollstreckbarkeit im Verwaltungsurteil;Die Klage hat nur teilweise Erfolg, und der beigeladene Bauherr hat keinen eigenen Antrag gestellt.;Wie verteilt man die Kosten, wann trägt oder erhält der Beigeladene Kosten, und warum ist ein Anfechtungsurteil nur wegen der Kosten vorläufig vollstreckbar?;"§§ 154 I, III, 155 I, 162 III, 167 VwGO; §§ 708 Nr. 11, 711 ZPO";—;2;Schema;5;1;;14.5;Anfechtungsurteil: „in Gestalt des Widerspruchsbescheids“;"Band 5 – 4. Kostenentscheidung im Verwaltungsprozess (4.1–4.4); 5. Vorläufige Vollstreckbarkeit";stabil
409;3;137;33;Mo;Der Fall;Strafrecht;StGB BT;Schwarze Kassen: Untreue, ohne dass Geld verloren geht?;Manager eines Konzerns legen verdeckte Auslandskonten an, um später Aufträge durch Bestechung zu sichern.;Liegt schon im Entzug der Verfügungsmacht ein Vermögensnachteil – und wie bestimmt man ihn verfassungskonform?;§ 266 StGB;"BGHSt 52, 323 (Siemens); BGHSt 51, 100 (Kanther); BVerfGE 126, 170";1;Klassiker-Fall;3;4;ja;16.0;Untreue § 266: Der Kassenwart und die Vereinskasse;Band 13 › 16. › § 266 Untreue;
410;3;137;33;Mi;Examenswissen;Öffentliches Recht;Verwaltungsprozessrecht;Allgemeine Leistungsklage: Gegen Äußerungen, Lärm und Realakte;Die Stadt warnt auf ihrer Website fälschlich vor deinem Restaurant.;"Statthaftigkeit ohne VA, Klagebefugnis analog § 42 II, kein Vorverfahren und keine Frist; Unterlassungs- und Widerrufsbegehren.";§§ 43 II, 111, 113 IV VwGO;;1+2;Schema;5;3;;17.5;Welche Klage passt? Die Klagearten der VwGO im Überblick;"Band 2 › 6.; 25.6 Allgemeine Leistungs- und Feststellungsklage; Band 12 › 24. › Allgemeine Leistungsklage";
411;3;137;33;Fr;Klausurpraxis;Zivilrecht;Sachenrecht;Einbauküche in der Mietwohnung: Gehört sie plötzlich dem Vermieter?;Du baust in deine Mietwohnung eine teure Einbauküche ein – wem gehört sie danach?;Wann wird eine Sache wesentlicher Bestandteil eines Grundstücks (§§ 93, 94, 946 BGB) und wann bleibt sie Scheinbestandteil (§ 95 BGB)?;§§ 93–95, 946, 951, 539 II BGB;;1;Alltagsfall;4;5;;16.5;Eigentum übertragen: Einigung und Übergabe nach § 929 S. 1 BGB;Band 11 – 29. Gesetzlicher Eigentumserwerb §§ 946 ff. BGB und Fundrecht – Verbindung, Vermischung, Verarbeitung;
412;3;138;34;Mo;Der Fall;Strafrecht;StGB BT;Widerstand gegen Vollstreckungsbeamte und tätlicher Angriff;Bei einer Wohnungsräumung stemmt sich ein Mieter gegen die Tür – ein Partygast schubst einen Polizisten, der nur Personalien aufnimmt.;Vollstreckungshandlung, Gewalt, § 113 III/IV – und warum braucht § 114 keine Vollstreckungshandlung?;§§ 113, 114 StGB;;1+2;Schema;4;5;;16.0;Nötigung § 240: Das Prüfungsschema mit Verwerflichkeit;"37.3 Widerstand gegen Vollstreckungsbeamte; Band 13 › 23. › § 113";"§ 114 StGB seit 2017; Diskussion um erweiterten Schutz von Einsatzkräften – aktuellen Stand prüfen."
413;3;138;34;Mi;Examenswissen;Öffentliches Recht;Verwaltungsprozessrecht;Feststellungsklage: Rechtsverhältnis und Subsidiarität;Du willst vorab klären, ob dein E-Scooter-Verleih eine Sondernutzungserlaubnis braucht.;§ 43 VwGO: konkretes Rechtsverhältnis, Feststellungsinteresse, Subsidiarität und ihre Ausnahme gegenüber Hoheitsträgern, Nichtigkeitsfeststellung.;§ 43 VwGO;;1+2;Schema;5;3;;17.5;Welche Klage passt? Die Klagearten der VwGO im Überblick;"Band 2 › 6.; 25.6; Band 12 › 24. › Feststellungsklage § 43";
414;3;138;34;Fr;2. Examen;2. Examen;VwGO-Praxis;„Kann ich morgen öffnen?“ Das Mandantenbegehren im öffentlichen Recht;Ein Café-Betreiber legt eine sofort vollziehbare Schließungsverfügung auf den Tisch und fragt nur, ob er morgen öffnen darf.;Wie übersetzt man das laienhafte Ziel in Rechtsbehelfe, und welche Zweckmäßigkeitsfragen – Widerspruch oder Klage, Eilantrag, § 80 IV, PKH, Vergleich – sind zu klären?;§§ 42, 68, 80 IV, V, 88, 123 VwGO;—;2;Zweckmäßigkeit;5;3;;14.5;Anwaltsklausur: Gutachten, Zweckmäßigkeit, Schriftsatz;"Band 5 – 17. Die öffentlich-rechtliche Anwaltsklausur (17.2 Mandantenbegehren; 17.5 Zweckmäßigkeit); 39. Muster-Prüfungsprogramm für die Anwaltsklausur; Band 14 – 10.";Landesrecht: Abschaffung des Widerspruchsverfahrens je Land prüfen
415;3;139;35;Mo;Der Fall;Zivilrecht;Sachenrecht;Brummende Wärmepumpe nebenan: Was muss man vom Nachbarn dulden?;Die Wärmepumpe des Nachbarn brummt nachts direkt vor deinem Schlafzimmerfenster.;Wann müssen Immissionen nach § 906 BGB geduldet werden (Wesentlichkeit, Ortsüblichkeit) und wann gibt es Ausgleich?;§§ 906, 1004 BGB;BGHZ 92, 143 (Kupolofen);1+2;Alltagsfall;4;5;;16.5;Äste auf dem Garagendach: Der Beseitigungsanspruch aus § 1004 BGB;Band 11 – 31. Eigentumsbeeinträchtigung und § 1004 BGB – Duldung und Nachbarrecht;
416;3;139;35;Mi;Examenswissen;Strafrecht;StPO;Einstellung mangels Tatverdachts § 170 II;Die Staatsanwaltschaft stellt ein Verfahren wegen Körperverletzung ein, weil Aussage gegen Aussage steht.;Was bedeutet hinreichender Tatverdacht und warum tritt bei § 170 II kein Strafklageverbrauch ein?;§ 170 StPO;;1+2;Schema;4;4;;14.5;Verfahrensablauf;"Band 13 › 31. › § 170; 38.5 Einstellung";
417;3;139;35;Fr;Klausurpraxis;Öffentliches Recht;Verwaltungsrecht AT;Auflage oder Bedingung? Nebenbestimmungen richtig einordnen;Deine Gaststättenerlaubnis gilt 'nur, wenn' Schallschutzfenster eingebaut sind – oder 'mit der Auflage', sie einzubauen?;"Arten nach § 36 II VwVfG; Abgrenzung Auflage/Bedingung/modifizierende Auflage/Inhaltsbestimmung; Zulässigkeit nach § 36 I, III.";§ 36 VwVfG;;1;Abgrenzung;5;3;;14.5;Was ist ein Verwaltungsakt? § 35 VwVfG in sechs Minuten;"Band 2 › 12. Nebenbestimmungen und Zusicherung; 26.5; Band 12 › 19.";
418;3;140;36;Mo;Der Fall;Zivilrecht;Deliktsrecht;Dieselskandal: Haftet der Hersteller wegen sittenwidriger Täuschung?;Dein Diesel hatte eine illegale Abschalteinrichtung – der Hersteller wusste davon.;Wann haftet der Hersteller nach § 826 BGB (ungewollter Vertrag als Schaden) und wann auf den Differenzschaden aus § 823 II BGB i.V.m. EG-FGV?;§§ 826, 823 II, 249 BGB;"BGHZ 225, 316; BGH, Urt. v. 26.6.2023 – VIa ZR 335/21";1+2;Alltagsfall;4;5;;16.5;Schutzgesetzverletzung: Wann hilft § 823 II BGB?;24.3 §§ 823 II, 826, 831, 833 BGB und StVG;"Rspr. nach EuGH C-100/21 (2023) zum Differenzschaden; laufende Entwicklung"
419;3;140;36;Mi;Examenswissen;Strafrecht;StPO;Prozessmaximen: Legalität, Mündlichkeit, Unmittelbarkeit;Eine Staatsanwältin erfährt privat von einer Straftat – und ein Richter liest vor der Verhandlung einen Zeitungsbericht über den Fall.;Welche Grundsätze prägen den Strafprozess und welche Ausnahmen (Opportunität) gibt es?;"§§ 152 II, 160, 244 II, 250, 261 StPO; § 169 GVG";;1+2;Schema;4;3;;13.0;Verfahrensablauf;"38.3 Prozessmaximen; 24. Strafprozessrecht - Grundstruktur";
420;3;140;36;Fr;2. Examen;2. Examen;StPO-Praxis;Beruhen nach § 337 StPO: Hätte das Urteil anders ausfallen können?;Ein Beweisantrag wurde fehlerhaft abgelehnt, doch das Urteil stützt sich tragend auf ein Geständnis des Angeklagten.;Wie prüft man das Beruhen bei relativen Revisionsgründen, und wann kann es ausnahmsweise ausgeschlossen werden?;§§ 337, 338 StPO;—;2;Schema;5;1;;14.5;Absolute Revisionsgründe: Der § 338-Katalog und die Nr. 8;"Band 6 – 53. Beruhen, § 337 StPO; 41. Relative Revisionsgründe, § 337 StPO";stabil
421;3;141;37;Mo;Der Fall;Zivilrecht;Deliktsrecht;„Eltern haften für ihre Kinder“? Die Aufsichtspflicht;Der Siebenjährige zerkratzt mit seinem Roller ein parkendes Auto.;Wann haften Eltern nach § 832 BGB und wann das Kind selbst nach §§ 828, 829 BGB?;§§ 828, 829, 832 BGB;;1;Alltagsfall;4;5;;16.5;§ 823 I BGB: Das Prüfungsschema der unerlaubten Handlung;24.1 § 823 I BGB;
422;3;141;37;Mi;Examenswissen;Öffentliches Recht;Polizei- und Ordnungsrecht;Verwaltungsvollstreckung: Das gestreckte Verfahren;Du ignorierst die Anordnung, deinen Schrottwagen vom Grundstück zu entfernen – was passiert jetzt Schritt für Schritt?;"Grund-VA, Vollstreckbarkeit, Androhung, Festsetzung, Anwendung; Auswahl zwischen Zwangsgeld, Ersatzvornahme und unmittelbarem Zwang; Rechtsnatur der Stufen.";"§§ 6 ff. VwVG; Landes-VwVG/PolG";;1+2;Schema;5;3;;17.5;Was ist ein Verwaltungsakt? § 35 VwVfG in sechs Minuten;"Band 2 › 15.4; 27.5 Verwaltungsvollstreckung; Band 12 › 28.; Band 18 › Rechtsnatur von Vollstreckungsmaßnahmen";Länder: VwVG/LVwVG/BayVwZVG mit unterschiedlichen Modellen – Zuschnitt: Stufenschema bundeseinheitlich
423;3;141;37;Fr;Klausurpraxis;Strafrecht;StGB BT;HIV und ungeschützter Sex: Körperverletzung?;Ein Mann verschweigt seiner neuen Partnerin seine HIV-Infektion und hat ungeschützten Geschlechtsverkehr mit ihr.;Ist das Risiko einer Ansteckung Körperverletzung bzw. Versuch – und welche Rolle spielen Vorsatz und Einwilligung?;§§ 223, 224 I Nr. 1, 5, 22 StGB;BGHSt 36, 1;1;Streitstand;3;5;ja;16.0;Gefährliches Werkzeug: Schuh, Hund, Hauswand + Absicht, Wissen, Eventualvorsatz: Die drei Vorsatzformen;35.1 Koerperverletzung, § 223 StGB;Medizinischer Fortschritt (keine Übertragung bei Viruslast unter Nachweisgrenze) verändert die Bewertung – aktuelle Rspr. prüfen.
424;3;142;38;Mo;Der Fall;Zivilrecht;Handelsrecht;Kaufmännisches Bestätigungsschreiben: Wenn Schweigen doch Zustimmung ist;Nach dem Telefonat bestätigt der Lieferant schriftlich einen höheren Preis – du reagierst eine Woche nicht.;Welche Voraussetzungen hat das kaufmännische Bestätigungsschreiben und wie grenzt es sich von der Auftragsbestätigung ab?;"§ 346 HGB; §§ 133, 157 BGB";;1+2;Klassiker-Fall;5;2;ja;16.5;Schweigen ist Zustimmung? Warum das im BGB fast nie stimmt;6.3 Kaufmännisches Bestätigungsschreiben;
425;3;142;38;Mi;Examenswissen;Öffentliches Recht;Verwaltungsrecht AT;Nebenbestimmung isoliert anfechten: Der Klausurklassiker;Du bekommst die Baugenehmigung, aber mit der Pflicht, 30.000 Euro Stellplatzablöse zu zahlen – kannst du nur diese Pflicht angreifen?;Statthaftigkeit der isolierten Anfechtung, Teilbarkeit in der Begründetheit, Verpflichtungsklage bei Inhaltsbestimmungen.;"§ 36 VwVfG; §§ 42 I, 113 I 1 VwGO";"BVerwGE 112, 221 (isolierte Anfechtung); BVerwG, Beschl. v. 12.10.2022 – 8 AV 1.22 (laut Quelle)";1;Streitstand;5;3;ja;16.5;Auflage oder Bedingung? Nebenbestimmungen richtig einordnen;"Einzelprobleme 8.12 Isolierte Anfechtbarkeit von Nebenbestimmungen; Band 18 › Isolierte Anfechtbarkeit von Nebenbestimmungen";Mittel: Quelle stellt auf Rspr.-Änderung (8 AV 1.22) ab, Band 18 formuliert noch 'rechtmäßig und sinnvoll' – Entscheidung im Original prüfen
426;3;142;38;Fr;2. Examen;2. Examen;ZPO;Klagerücknahme: Kosten, Zustimmung und Zahlung vor Zustellung;Der Schuldner zahlt einen Tag nach Einreichung der Klage, aber noch bevor sie ihm zugestellt ist.;Wann braucht die Rücknahme die Zustimmung des Beklagten, wer trägt die Kosten, und warum hilft § 269 III 3 ZPO bei Erledigung vor Rechtshängigkeit?;§ 269 I–III ZPO;—;2;Sonderlage;4;4;;14.0;;"Band 4 – 33.1 Klageruecknahme; Band 20 – Einseitige Erledigung";stabil
427;3;143;39;Mo;Der Fall;Strafrecht;StGB AT;Verbotsirrtum § 17: „Ich wusste nicht, dass das verboten ist“;Ein Händler verkauft ein Produkt weiter, nachdem ihm ein Anwalt mündlich versichert hatte, das sei erlaubt – es war verboten.;Wann ist ein Verbotsirrtum unvermeidbar und wie viel Erkundigung ist zumutbar?;§§ 17, 49 I StGB;BGHSt 2, 194;1;Schema;4;5;;16.0;Schuldunfähig? §§ 19, 20, 21 StGB und die Promille-Legende;"28.16 Verbotsirrtum, § 17 StGB; Band 13 › 5. › Verbotsirrtum § 17";
428;3;143;39;Mi;Examenswissen;Zivilrecht;Erbrecht;Am Computer getippt, unterschrieben: Ist das Testament gültig?;Opa tippt sein Testament am Laptop, druckt es aus und unterschreibt es.;Welche Formerfordernisse hat das eigenhändige Testament (§ 2247 BGB) und welche Fehler machen es unwirksam?;§§ 2231, 2247 BGB;;1+2;Klausurfehler;4;5;;15.5;Kein Testament: Wer erbt nach der gesetzlichen Erbfolge?;Band 11 – 42. Erbrecht – Testament und Erbvertrag;
429;3;143;39;Fr;Methodik;Methodik;Klausurtechnik;Sachverhalt lesen wie ein Profi: Der Bearbeitervermerk;Der wichtigste Satz der Klausur steht ganz unten – und viele überlesen ihn.;Sachverhaltsarbeit, Zeitachse, Fallfrage;;;1+2;Methodik;5;2;;13.0;;B. Examensmethodik als eigener Pflichtstoff;
430;3;144;40;Mo;Der Fall;Öffentliches Recht;Grundrechte;Sterbehilfe: Gibt es ein Recht auf selbstbestimmtes Sterben?;Ein schwerkranker Mann findet keinen Arzt und keinen Verein mehr, der ihm beim Suizid hilft.;"Persönlichkeitsrecht umfasst selbstbestimmtes Sterben inkl. Hilfe Dritter; Nichtigkeit des § 217 StGB a.F.; Spielraum für Schutzkonzepte.";"Art. 2 I i.V.m. 1 I GG; § 217 StGB a.F.";BVerfGE 153, 182 (Geschäftsmäßige Förderung der Selbsttötung);1;Klassiker-Fall;4;5;;17.0;Persönlichkeitsrecht: Die Sphärentheorie einfach erklärt;Band 12 › 9. › Allgemeines Persönlichkeitsrecht (Ergänzung);Hoch: gesetzliche Neuregelung der Suizidhilfe weiter offen – Stand prüfen
431;3;144;40;Mi;Examenswissen;Strafrecht;StGB BT;„ACAB“ und „Soldaten sind Mörder“: Kann man ein Kollektiv beleidigen?;Ein Fußballfan läuft mit einem „ACAB“-Shirt an einer Polizeikette vorbei.;Wann ist eine Personengruppe so überschaubar, dass eine Kollektivbezeichnung jeden Einzelnen beleidigt?;"§ 185 StGB; Art. 5 I GG";"BVerfGE 93, 266; BVerfG, Beschl. v. 17.5.2016 – 1 BvR 257/14";1;Streitstand;3;5;ja;16.0;Beleidigung, üble Nachrede, Verleumdung: Der Unterschied;Band 13 › 12. › Beleidigung §§ 185 ff.;
432;3;144;40;Fr;Klausurpraxis;Zivilrecht;Bereicherungsrecht;Geld für die Hochzeit, die nie stattfand: Zweckverfehlungskondiktion;Die Eltern bezahlen die Anzahlung für die Hochzeitslocation – das Paar trennt sich vorher.;Wann greift die condictio ob rem (§ 812 I 2 Alt. 2 BGB) und wie grenzt sie sich von § 313 BGB ab?;§ 812 I 2 BGB;;1;Streitstand;3;5;;13.5;Leistungskondiktion: Etwas erlangt, durch Leistung, ohne Rechtsgrund;Band 11 – 26. Bereicherungsrecht – Leistungskondiktionen;
433;3;145;41;Mo;Der Fall;Öffentliches Recht;Grundrechte;Bundesnotbremse: Waren Ausgangssperren und Schulschließungen erlaubt?;Ab 22 Uhr durftest du nicht mehr allein spazieren gehen, und dein Kind durfte nicht in die Schule.;"Eingriffe in Freiheit der Person, Familie und Persönlichkeitsrecht; Recht auf schulische Bildung (Art. 2 I i.V.m. 7 I GG); Verhältnismäßigkeit unter Unsicherheit.";"Art. 2 I, 2 II 2, 6 I, 7 I GG; § 28b IfSG a.F.";"BVerfGE 159, 223 (Bundesnotbremse I); BVerfGE 159, 355 (Bundesnotbremse II – Schulschließungen)";1;Klassiker-Fall;4;5;;17.0;Verhältnismäßigkeit: Der wichtigste Prüfungspunkt im Öffentlichen Recht;Band 12 › 9. › Art. 2 Abs. 2 (Ergänzung);Mittel: Normen außer Kraft – als historischer Fall kennzeichnen
434;3;145;41;Mi;Examenswissen;Zivilrecht;BGB AT;Grundstück für die Enkelin: Müssen die Eltern zustimmen?;Die Großmutter überträgt ihrer 12-jährigen Enkelin ein Grundstück, auf dem eine Grundschuld lastet.;Ist der Erwerb eines belasteten oder vermieteten Grundstücks für Minderjährige lediglich rechtlich vorteilhaft und wie wirkt die Gesamtbetrachtung?;§§ 107, 181, 1643, 1850 BGB;"BGHZ 78, 28; BGHZ 162, 137";1;Klassiker-Fall;4;3;ja;16.0;Lediglich rechtlicher Vorteil: Wann ist ein Geschenk „nur gut“?;Teil A – 7. Das Grundstück mit Grundschuld - lediglich rechtlich vorteilhaft;Familiengerichtliche Genehmigung seit 1.1.2023 nach §§ 1643, 1850 ff. BGB (nicht mehr §§ 1821, 1822 a.F.)
435;3;145;41;Fr;Methodik;Methodik;Klausurtechnik;Unbekanntes Problem in der Klausur? So rettest du die Punkte;Ein Problem, das du nie gelernt hast – Panik oder Methode?;Argumentation mit Wortlaut, Systematik und Telos;;;1+2;Methodik;5;2;;13.0;;B. Examensmethodik als eigener Pflichtstoff;
436;3;146;42;Mo;Der Fall;Strafrecht;StGB AT;Notwehrexzess § 33: Aus Panik zu weit gegangen;Eine Frau schlägt einen Einbrecher mit einer Bratpfanne nieder und schlägt aus Todesangst noch zweimal zu.;Wann entschuldigt § 33 StGB die Überschreitung der Notwehr und warum nur bei asthenischen Affekten?;§§ 32, 33 StGB;;1;Schema;4;5;;16.0;Notwehr § 32: Das Prüfungsschema;Band 13 › 5. › § 33 Notwehrexzess;
437;3;146;42;Mi;Examenswissen;Zivilrecht;BGB AT;Schaufenster, Katalog, Webshop: Ist der Preis schon ein Angebot?;Im Schaufenster hängt die Jacke für 20 statt 200 Euro – musst du sie zu dem Preis bekommen?;Wann liegt eine bloße invitatio ad offerendum und wann schon ein bindendes Angebot vor?;§§ 145, 133, 157 BGB;;1;Abgrenzung;4;5;;15.5;Angebot und Annahme: Wann ist ein Vertrag wirklich geschlossen?;2.2 Angebot und Annahme;
438;3;146;42;Fr;2. Examen;2. Examen;ZPO;Arrest oder einstweilige Verfügung? Eilrechtsschutz in der ZPO;Ein Lieferant erfährt, dass sein zahlungsunwilliger Kunde gerade sein Lager ins Ausland verlagert.;Wie grenzen sich Arrest und einstweilige Verfügung ab, was ist glaubhaft zu machen, wann ist eine Leistungsverfügung zulässig, und welche Rolle spielen Vollziehungsfrist, Widerspruch und Schutzschrift?;§§ 916 ff., 924, 929 II, 935, 936, 940, 945a, 294 ZPO;—;2;Schema;4;4;;14.0;;"Band 4 – 38. Einstweiliger Rechtsschutz im Zivilprozess (38.1 Arrest; 38.2 Einstweilige Verfuegung; 38.3 Widerspruch und Aufhebung); 11. Einstweiliger Rechtsschutz";stabil
439;3;147;43;Mo;Der Fall;Öffentliches Recht;Europarecht;Bosman: Wie ein Fußballer den Transfermarkt veränderte;Ein Profi will nach Vertragsende ins EU-Ausland wechseln, doch sein Verein verlangt eine Ablöse.;Arbeitnehmerfreizügigkeit (Art. 45 AEUV), Bindung privater Verbände, Beschränkungsverbot, Rechtfertigung.;Art. 45 AEUV;EuGH, Urt. v. 15.12.1995 – C-415/93 (Bosman);1;Klassiker-Fall;3;5;ja;17.0;Warenverkehrsfreiheit: Das Prüfungsschema mit Dassonville;"Band 2 › 22.2; Band 12 › 35. › Arbeitnehmer/Niederlassung/Dienstleistung/Kapital";Gering: neuere Sport-Rspr. (Super League 2023, Diarra 2024) als Aktualisierung
440;3;147;43;Mi;Examenswissen;Strafrecht;StGB BT;Gewahrsam: Wem gehört die vergessene Geldbörse im Taxi?;"Ein Fahrgast vergisst sein Portemonnaie im Taxi; der nächste Fahrgast steckt es unbemerkt ein.";Wer hat Gewahrsam an vergessenen und verlorenen Sachen – und ist das Diebstahl oder Unterschlagung?;§§ 242, 246 StGB;;1+2;Abgrenzung;4;5;;16.0;Diebstahl § 242: Das Prüfungsschema;16.1 Diebstahl § 242 StGB;
441;3;147;43;Fr;Klausurpraxis;Zivilrecht;GoA;Funkenflug-Fall: Muss die Bahn den Feuerwehreinsatz bezahlen?;Eine Lokomotive setzt durch Funkenflug einen Acker in Brand – die Feuerwehr löscht und will Geld.;Kann auch bei Erfüllung einer öffentlich-rechtlichen Pflicht ein auch-fremdes Geschäft mit Fremdgeschäftsführungswillen vorliegen?;§§ 677, 683, 670 BGB;BGHZ 40, 18 (Funkenflug);1;Klassiker-Fall;4;3;ja;16.0;Geschäftsführung ohne Auftrag: Wann bekommt der Helfer seine Kosten?;Band 11 – 25. Geschäftsführung ohne Auftrag – Konkurrenzen;
442;3;148;44;Mo;Der Fall;Strafrecht;StGB BT;Selbstbedienungskasse: Diebstahl, Betrug oder Computerbetrug?;Eine Kundin scannt an der SB-Kasse teure Avocados als billige Kartoffeln ein und bezahlt nur diese.;Überträgt der Supermarkt über die SB-Kasse Gewahrsam oder liegt ein Gewahrsamsbruch vor?;§§ 242, 263, 263a StGB;;1+2;Streitstand;4;5;;16.0;Diebstahl § 242: Das Prüfungsschema + Fremde Karte am Geldautomaten: Computerbetrug § 263a;16.1 Diebstahl § 242 StGB (Selbstbedienungskassen und Automatenfaelle);Rechtsprechung zu SB-Kassen noch nicht einheitlich (OLG-Ebene) – aktuelle Linie prüfen.
443;3;148;44;Mi;Examenswissen;Öffentliches Recht;Baurecht;Normenkontrolle: So greifst du einen Bebauungsplan an;Ein neuer Bebauungsplan erlaubt ein Parkhaus direkt vor deinem Schlafzimmerfenster.;§ 47 VwGO: Statthaftigkeit, Antragsbefugnis (abwägungserheblicher Belang), Jahresfrist, Antragsgegner, Rechtsschutzbedürfnis, Wirkung inter omnes, Eilantrag § 47 VI.;"§ 47 VwGO; § 1 VII BauGB";BVerwGE 107, 215 (Antragsbefugnis);1+2;Schema;5;3;;17.5;Ist der Bebauungsplan wirksam? Das Prüfungsschema;"Band 2 › 7.; 25.7 Normenkontrolle, § 47 VwGO; Band 12 › 31. › Normenkontrolle § 47 VwGO";Länder: Normenkontrolle gegen sonstige Satzungen/Verordnungen (§ 47 I Nr. 2 VwGO) nicht überall eröffnet
444;3;148;44;Fr;2. Examen;2. Examen;ZPO;Berufung erst ab 1.000 Euro: Neue Wertgrenze und Fristen;Die Mandantin hat erstinstanzlich 850 Euro verloren und will unbedingt in Berufung gehen.;Wann ist die Berufung statthaft, welche Fristen gelten nach §§ 517, 520 ZPO, und was muss die Berufungsbegründung enthalten?;§§ 511, 517, 519, 520 ZPO;—;2;Schema;4;4;;14.0;;"Band 4 – 43.5 Berufungsklausur; 21. Einspruchs- und Berufungsklausur";"Hoch: Wertgrenze § 511 II Nr. 1 ZPO seit 1.1.2026 über 1.000 Euro (vorher 600 Euro), NZB-Grenze § 544 II Nr. 1 ZPO 25.000 Euro; Übergangsrecht beachten"
445;3;149;45;Mo;Der Fall;Zivilrecht;Gesellschaftsrecht;Fehlerhafte Gesellschaft: Warum ein nichtiger Vertrag trotzdem gilt;Zwei Freundinnen betreiben seit Monaten ein Café – dann stellt sich der Gesellschaftsvertrag als unwirksam heraus.;Warum wird eine in Vollzug gesetzte Gesellschaft für die Vergangenheit als wirksam behandelt und wo liegen die Grenzen?;§§ 705 ff. BGB;;1;Klassiker-Fall;4;3;ja;16.0;Die GbR nach dem MoPeG: Rechtsfähig, eingetragen, haftend;6.7 Fehlerhafte Gesellschaft;
446;3;149;45;Mi;Examenswissen;Strafrecht;StGB BT;Nur geliehen? Gebrauchsanmaßung und Joyride;Ein Jugendlicher „leiht“ sich nachts das Auto des Nachbarn für eine Spritztour und stellt es morgens zurück.;Warum fehlt der Enteignungsvorsatz und welche Tatbestände (§ 248b, Benzin) bleiben?;§§ 242, 248b StGB;;1;Abgrenzung;4;5;;16.0;Diebstahl § 242: Das Prüfungsschema;16.1 Diebstahl § 242 StGB (Reine Gebrauchsanmaßung);
447;3;149;45;Fr;Klausurpraxis;Öffentliches Recht;Grundrechte;Stadionverbot: Darf ein Fußballverein dich einfach aussperren?;Nach einer Schlägerei vor dem Stadion bekommt ein Fan ein bundesweites Stadionverbot – ohne vorher angehört zu werden.;"Mittelbare Drittwirkung des Art. 3 I GG bei Großveranstaltungen; Verfahrensanforderungen an Private; Übertragbarkeit auf Plattformsperren.";"Art. 3 I GG; §§ 862, 1004 BGB";"BVerfGE 148, 267 (Stadionverbot); BGH, Urt. v. 29.07.2021 – III ZR 179/20 (Facebook)";1;Alltagsfall;4;5;;16.5;Lüth-Urteil: Warum Grundrechte auch zwischen Bürgern wirken;Band 18 › Drittwirkung der Grundrechte;Mittel: Plattformsperren inzwischen zusätzlich vom Digital Services Act überlagert
448;3;150;46;Mo;Der Fall;Zivilrecht;Handelsrecht;Zu spät reklamiert: Die Rügeobliegenheit des § 377 HGB;Der Großhändler öffnet die Lieferung erst nach sechs Wochen – die Ware ist fehlerhaft.;Welche Voraussetzungen hat die Untersuchungs- und Rügeobliegenheit beim beiderseitigen Handelskauf und was folgt aus ihrer Verletzung?;"§ 377 HGB; § 437 BGB";;1+2;Schema;5;2;;16.0;Die Käuferrechte des § 437 BGB auf einen Blick;39.4 Handelsgeschaefte;
449;3;150;46;Mi;Examenswissen;Strafrecht;StGB BT;Probefahrt ohne Rückkehr: Betrug oder Diebstahl?;Ein Kaufinteressent darf mit einem Gebrauchtwagen allein eine Probefahrt machen – und kehrt nie zurück.;Hat der Händler Gewahrsam übertragen (Betrug) oder nur gelockert (Diebstahl)?;§§ 242, 263 StGB;;1+2;Abgrenzung;4;5;;16.0;Trickdiebstahl oder Sachbetrug? Die versteckte Ware an der Kasse;Band 19 › Abgrenzung Trickdiebstahl / Sachbetrug;
450;3;150;46;Fr;Klausurpraxis;Öffentliches Recht;Grundrechte;Helmpflicht: Darf der Staat dich vor dir selbst schützen?;Wer ohne Helm Quad oder Motorrad fährt, gefährdet vor allem sich selbst – trotzdem gibt es ein Bußgeld.;Selbstgefährdung, staatlicher Paternalismus, Allgemeininteressen (Rettungskosten, Verkehrssicherheit), Verhältnismäßigkeit.;"Art. 2 I, 2 II 1 GG; § 21a II StVO";BVerfGE 59, 275 (Schutzhelmpflicht);1;Alltagsfall;3;5;ja;16.5;Elfes: Warum 'einfach tun, was man will' ein Grundrecht ist;Band 12 › 9. › Art. 2 Abs. 1 (Fallanker 'Quadhelmpflicht' laut Klassikerliste);
451;3;151;47;Mo;Der Fall;Zivilrecht;Schuldrecht AT;Annahmeverzug: Der Lieferant klingelt, du bist nicht da;Der Spediteur steht zum vereinbarten Termin mit dem Sofa vor deiner Tür – niemand öffnet.;Welche Voraussetzungen hat der Annahmeverzug (§§ 293 ff. BGB) und welche Rechtsfolgen hat er für Haftung und Gefahr?;§§ 293–304, 326 II BGB;;1;Schema;4;5;;15.5;Konzert fällt aus: Wer trägt die Gegenleistungsgefahr? (§ 326 BGB);34.6 Annahmeverzug, §§ 293 ff. BGB;
452;3;151;47;Mi;Examenswissen;Strafrecht;StGB BT;Spendenbetrug: Schaden trotz freiwilliger Spende?;Ein Mann sammelt mit Fotos kranker Kinder Spenden in der Fußgängerzone und behält das Geld.;Wie begründet die Zweckverfehlungslehre einen Schaden bei bewusster Selbstschädigung?;§ 263 StGB;;1;Streitstand;4;5;;16.0;Vermögensschaden: Gesamtsaldierung einfach erklärt;13.9 Zweckverfehlungslehre;
453;3;151;47;Fr;2. Examen;2. Examen;StPO-Praxis;Einziehung von Taterträgen: Was der Staat wegnehmen darf;Ein Beschuldigter hat mit Online-Betrug 25.000 Euro erlangt und davon bereits ein Motorrad gekauft.;Wie grenzt man Einziehung von Taterträgen, Wertersatz und Tatmitteln ab, und wie berücksichtigt man sie in Anklage und Urteil?;"§§ 73, 73a, 73c, 74 StGB; §§ 111b ff. StPO";—;2;Sonderlage;4;4;;14.0;Anklageschrift nach § 200 StPO: Aufbau Schritt für Schritt;Band 6 – 14. Einziehung;stabil
454;3;152;48;Mo;Der Fall;Zivilrecht;BGB AT;Notar, Unterschrift oder Textform? Die Formvorschriften des BGB;Ihr verkauft ein Grundstück per Handschlag unter Nachbarn – ist das gültig?;Welche gesetzlichen Formen gibt es, welche Zwecke verfolgen sie, wann heilt ein Formmangel?;§§ 125–129, 311b I, 518, 766 BGB;;1+2;Schema;4;4;;14.0;Angebot und Annahme: Wann ist ein Vertrag wirklich geschlossen?;3.3 Formmangel, Verbotsgesetz, Sittenwidrigkeit und Wucher;
455;3;152;48;Mi;Examenswissen;Öffentliches Recht;Grundrechte;Impfpflicht: Darf der Staat dich zur Spritze zwingen?;Ohne Masernimpfung darf dein Kind nicht in die Kita, und eine Pflegekraft verlor ohne Corona-Impfung ihre Stelle.;"Art. 2 II 1 GG (mittelbarer Eingriff), Art. 6 II und 12 I GG; Verhältnismäßigkeit beim Schutz vulnerabler Gruppen.";"Art. 2 II 1, 6 II, 12 I GG; § 20 VIII IfSG; § 20a IfSG a.F.";"BVerfG, Beschl. v. 27.04.2022 – 1 BvR 2649/21 (einrichtungsbezogene Impfpflicht); BVerfG, Beschl. v. 21.07.2022 – 1 BvR 469/20 u.a. (Masernschutz)";1;Alltagsfall;4;5;;16.5;Schutzpflichten: Muss der Staat dich vor anderen schützen?;Band 12 › 9. › Art. 2 Abs. 2;Mittel: § 20a IfSG außer Kraft, Masernschutz fortgeltend
456;3;152;48;Fr;Klausurpraxis;Strafrecht;StGB BT;Karte überlassen – und zu viel abgehoben;"Ein Mann gibt seiner Freundin Karte und PIN, um 100 Euro abzuheben; sie hebt 1.000 Euro ab.";Ist die abredewidrige Nutzung einer überlassenen Karte „unbefugt“ im Sinne des § 263a StGB?;§§ 263a, 266 StGB;;1;Streitstand;4;5;;16.0;Fremde Karte am Geldautomaten: Computerbetrug § 263a;Band 13 › 16. › § 263a;
457;3;153;49;Mo;Der Fall;Zivilrecht;Mietrecht;Mietvertrag: Wer muss was? Rechte und Pflichten im Überblick;Die Heizung fällt mitten im Januar aus – wer muss sich kümmern und wer zahlt?;Welche Hauptpflichten begründet § 535 BGB und wie ist das Mietrecht in der Klausur aufgebaut?;§ 535 BGB;;1+2;Schema;4;5;;15.5;Angebot und Annahme: Wann ist ein Vertrag wirklich geschlossen?;15. Mietrecht;
458;3;153;49;Mi;Examenswissen;Öffentliches Recht;Polizei- und Ordnungsrecht;Ausweis bitte! Wann darf die Polizei deine Identität feststellen?;Am Bahnhof wirst du als Einziger aus der Menge kontrolliert – offenbar wegen deiner Hautfarbe.;Identitätsfeststellung (gefährliche Orte, Schleierfahndung), Art. 3 III GG und Racial Profiling, Rechtsschutz über die FFK.;"Landes-PolG; §§ 22 Ia, 23 BPolG; Art. 3 III GG";"OVG Koblenz, Urt. v. 21.04.2016 – 7 A 11108/14; EGMR, Urt. v. 18.10.2022 – 215/19 (Basu/Deutschland)";1;Alltagsfall;4;5;;16.5;Polizeirecht-Schema: Standardmaßnahme vor Generalklausel;"Band 2 › 27.4 Standardmassnahmen; Band 12 › 27. › Standardmaßnahmen";Mittel: BPolG-Reform (u. a. Kontrollquittungen) und Landesnormen – Stand prüfen
459;3;153;49;Fr;2. Examen;2. Examen;StPO-Praxis;Revision einlegen oder nicht? Verschlechterungsverbot und Beschränkung;Der Mandant hat zwei Jahre mit Bewährung bekommen und fragt, ob er nach einer Revision ohne Bewährung dastehen könnte.;Welche Zweckmäßigkeitsüberlegungen gehören in die Revisionsklausur – § 358 II, Beschränkung auf Rechtsfolgen, Gegenrevision, Kosten – und wie formuliert man die Anträge?;§§ 318, 344 I, 353, 354, 358 II StPO;—;2;Zweckmäßigkeit;4;4;;14.0;Revisionsfristen: Eine Woche, ein Monat – und die Wiedereinsetzung + Sachrüge: Wenn die Feststellungen das Urteil nicht tragen;"Band 6 – 55. Verbot der Schlechterstellung; 56. Zweckmäßigkeitsüberlegungen in der Revisionsklausur; 57. Revisionsanträge; 58. Revisionsbegründungsschrift";stabil
460;3;154;50;Mo;Der Fall;Strafrecht;StGB BT;Kontaktlos zahlen mit fremder Karte;Ein Finder bezahlt mit einer gefundenen Kreditkarte mehrere kleine Einkäufe kontaktlos ohne PIN.;Täuscht er die Kassiererin (§ 263) oder beeinflusst er einen Datenverarbeitungsvorgang (§ 263a)?;§§ 263, 263a, 246 StGB;;1+2;Streitstand;4;5;;16.0;Fremde Karte am Geldautomaten: Computerbetrug § 263a;17.2 Computerbetrug § 263a StGB (kontaktlose Zahlungskonstellationen);Rechtsprechung zu NFC-Zahlungen noch in Entwicklung – aktuellen Stand prüfen.
461;3;154;50;Mi;Examenswissen;Zivilrecht;Arbeitsrecht;Nach Hause geschickt: Ohne Arbeit kein Lohn?;Der Chef schickt dich heim, weil gerade zu wenig Aufträge da sind.;Wann behält der Arbeitnehmer trotz ausgefallener Arbeit seinen Lohn (Annahmeverzug, § 615 S. 1 BGB) und was muss er sich anrechnen lassen?;§§ 293 ff., 615, 326 BGB;;1+2;Schema;4;5;;15.5;Annahmeverzug: Der Lieferant klingelt, du bist nicht da;Band 11 – 21. Dienstvertrag und Arbeitsvertrag – Vergütung ohne Arbeit;
462;3;154;50;Fr;Klausurpraxis;Öffentliches Recht;Polizei- und Ordnungsrecht;Polizeigewahrsam: Wie lange darf die Polizei dich festhalten?;Klimaaktivisten kündigen neue Straßenblockaden an und werden präventiv für Wochen in Gewahrsam genommen.;Unterbindungs- und Schutzgewahrsam, Art. 104 II GG (unverzügliche richterliche Entscheidung), Höchstdauer, Verhältnismäßigkeit.;"Art. 2 II 2, 104 GG; Landes-PolG; FamFG";;1;Alltagsfall;4;5;;16.5;Polizeirecht-Schema: Standardmaßnahme vor Generalklausel;"Band 2 › 15.3 Standardmassnahmen und Generalklausel; 27.4";Hoch: Höchstdauern stark länderunterschiedlich (Bayern bis zu einem Monat, verlängerbar auf zwei) – Normtabelle aktuell halten
463;3;155;51;Mo;Der Fall;Strafrecht;StGB BT;Hehlerei: Das verdächtig billige E-Bike;Ein Student kauft über eine Kleinanzeige ein fast neues E-Bike für 150 Euro vom „Freund eines Freundes“.;Vortat, Sichverschaffen, Bereicherungsabsicht – und reicht der Verdacht wegen des Preises für den Vorsatz?;§ 259 StGB;;1+2;Schema;4;5;;16.0;Diebstahl § 242: Das Prüfungsschema;"33.11 Hehlerei, § 259 StGB; Band 13 › 17. › Hehlerei";
464;3;155;51;Mi;Examenswissen;Zivilrecht;BGB AT;Verbotsgesetz: Macht jeder Gesetzesverstoß den Vertrag nichtig?;Der Kiosk verkauft nach Ladenschluss noch Bier – ist der Kauf deshalb unwirksam?;Nach welchen Kriterien (Normzweck, Adressatenkreis) führt ein Gesetzesverstoß zur Nichtigkeit nach § 134 BGB?;§ 134 BGB;;1;Streitstand;4;3;;12.5;Notar, Unterschrift oder Textform? Die Formvorschriften des BGB;2.10 Gesetzliches Verbot, § 134 BGB;
465;3;155;51;Fr;2. Examen;2. Examen;StPO-Praxis;Abstrakter Anklagesatz: Gesetzliche Merkmale richtig formulieren;Der Beschuldigte soll mit einem Messer einen Kiosk überfallen und die Tageseinnahmen mitgenommen haben.;Wie übersetzt man Tatbestandsmerkmale in den abstrakten Anklagesatz, ohne das Gesetz nur abzuschreiben, und wie gliedert man mehrere Taten und Angeschuldigte?;"§ 200 I 1 StPO; §§ 249, 250 StGB";—;2;Formulierung;5;1;ja;13.5;Anklageschrift nach § 200 StPO: Aufbau Schritt für Schritt;"Band 6 – 17. Abstrakter Anklagesatz (17.1–17.3); 18.2 Abstrakter und konkreter Anklagesatz";stabil
466;3;156;52;Mo;Der Fall;Öffentliches Recht;Polizei- und Ordnungsrecht;Ruhestörung um 3 Uhr: Darf die Polizei in deine Wohnung?;Die Nachbarn beschweren sich über deine Party, die Polizei will rein und die Musikanlage mitnehmen.;Betreten und Durchsuchen von Wohnungen (Art. 13 VII GG, dringende Gefahr), Nachtzeit, Sicherstellung der Anlage, Richtervorbehalt.;"Art. 13 II, VII GG; Landes-PolG; § 117 OWiG";;1;Alltagsfall;4;5;;16.5;Durchsuchung ohne Richter? 'Gefahr im Verzug' erklärt;"Band 2 › 27.4; Band 12 › 14. › Art. 13";Länder: Befugnisnormen je PolG/SOG/OBG (z. B. § 8 PolG NRW, Art. 11 PAG, § 11 HSOG) – Zuschnitt: bundeseinheitliche Dogmatik, Landesnormen als Overlay-Tabelle
467;3;156;52;Mi;Examenswissen;Strafrecht;StGB BT;Handtasche entrissen: Raub oder „nur“ Diebstahl?;Ein Radfahrer reißt einer Fußgängerin im Vorbeifahren die locker gehaltene Handtasche von der Schulter.;Wann ist das Entreißen Gewalt gegen die Person – und wann bloß Ausnutzen eines Überraschungsmoments?;§§ 242, 249 StGB;;1+2;Abgrenzung;4;5;;16.0;Raub § 249: Gewalt, Wegnahme, Finalität;34.1 Raub, § 249 StGB;
468;3;156;52;Fr;Klausurpraxis;Zivilrecht;Sachenrecht;Hypothek: Die Sicherheit, die an der Forderung hängt;Die Bank gibt dir einen Kredit und lässt dafür eine Hypothek auf dein Haus eintragen.;Wie entsteht eine Hypothek, was bedeutet Akzessorietät und wann entsteht eine Eigentümergrundschuld (§ 1163 BGB)?;§§ 1113, 1147, 1163, 1177 BGB;;1;Schema;4;3;;12.5;Hauskauf in drei Schritten: Kaufvertrag, Auflassung, Grundbuch;22.3 Hypothek und Grundschuld;
469;4;157;1;Mo;Der Fall;Strafrecht;StPO;Die Hörfalle: Heimlich mitgehört am Telefon;"Die Polizei lässt eine Bekannte den Verdächtigen anrufen und hört mit; er gibt Details zur Tat preis.";Umgeht die Hörfalle das Schweigerecht – und wann ist sie nach dem Großen Senat verwertbar?;§§ 136, 136a, 163a StPO;BGHSt 42, 139 (GS);1+2;Klassiker-Fall;3;4;ja;16.0;Belehrung vergessen: Ist das Geständnis verwertbar?;Band 13 › 27. › Spontanäußerung und informatorische Befragung;
470;4;157;1;Mi;Examenswissen;Zivilrecht;BGB AT;Schweigen ist Zustimmung? Warum das im BGB fast nie stimmt;Der Handwerker schickt ein Angebot „Wenn Sie nicht widersprechen, fangen wir Montag an“ – du reagierst nicht.;Wann hat Schweigen ausnahmsweise Erklärungswert (Gesetz, Vereinbarung, Handelsbrauch) und wann nicht?;"§§ 145 ff., 151 BGB; § 362 HGB";;1;Schema;4;5;;15.5;Angebot und Annahme: Wann ist ein Vertrag wirklich geschlossen?;2.5 Schweigen im Rechtsverkehr;
471;4;157;1;Fr;Methodik;Methodik;Gesetz lesen;Normenhierarchie: Grundgesetz, Gesetz, Verordnung, Satzung;Die Stadt verbietet per Satzung etwas, das das Gesetz erlaubt – was gilt?;Rangordnung und Kollisionsregeln (lex superior, specialis, posterior);;;1+2;Methodik;4;3;;12.5;;36.5 Arbeit mit dem Gesetz, Auslegung und Analogie;
472;4;158;2;Mo;Der Fall;Öffentliches Recht;Polizei- und Ordnungsrecht;Umzug und mobiles Halteverbot: Wie früh muss das Schild stehen?;Du parkst legal und fährst in den Urlaub – drei Tage später steht dort ein Umzugs-Halteverbot und dein Auto wird abgeschleppt.;Bekanntgabe mobiler Verkehrszeichen, Vorlaufzeit von drei vollen Tagen, Kostentragung des Halters, Verhältnismäßigkeit.;"§ 41 StVO; §§ 35 S. 2, 43 VwVfG; Landeskostenrecht";BVerwG, Urt. v. 24.05.2018 – 3 C 25.16 (Vorlaufzeit mobiles Halteverbot);1;Alltagsfall;4;5;;16.5;Abgeschleppt: Musst du die Kosten zahlen?;"Band 18 › Abschleppfälle; Einzelprobleme 8.11 Verkehrszeichen";
473;4;158;2;Mi;Examenswissen;Zivilrecht;BGB AT;Sittenwidrig oder Wucher: Wann ist ein Vertrag zu unfair?;Ein Kredithai verlangt von einem Mann in akuter Geldnot 40 Prozent Zinsen.;Wann ist ein Geschäft nach § 138 I BGB wucherähnlich (auffälliges Missverhältnis plus verwerfliche Gesinnung) und wann liegt Wucher nach § 138 II vor?;§ 138 I, II BGB;BGHZ 80, 153 (Ratenkredit);1;Streitstand;4;5;;15.5;Verbotsgesetz: Macht jeder Gesetzesverstoß den Vertrag nichtig?;2.11 Sittenwidrigkeit und Wucher, § 138 BGB;
474;4;158;2;Fr;Methodik;Methodik;Lernen;Wie liest man ein Urteil? Leitsatz, Tatbestand, Gründe;Ein 30-seitiges BGH-Urteil – was davon musst du wirklich lesen?;Aufbau von Urteilen und Examensnutzen;;;1+2;Methodik;4;3;;12.5;;36.8 Lernseiten, Fallseiten und Wissensübertragung;
475;4;159;3;Mo;Der Fall;Strafrecht;StPO;Das Tagebuch als Beweismittel;In der Wohnung eines Tatverdächtigen findet die Polizei ein Tagebuch mit sehr persönlichen Gedanken über das Opfer.;Wie schützt die Drei-Sphären-Theorie den Kernbereich privater Lebensgestaltung im Strafprozess?;"Art. 2 I, 1 I GG; § 100d StPO";BVerfGE 80, 367;1;Klassiker-Fall;3;4;ja;16.0;Beweisverwertungsverbote: Das System in 6 Minuten;40.3 Verwertungsverbote;
476;4;159;3;Mi;Examenswissen;Öffentliches Recht;Europarecht;Keck: Wann Verkaufsregeln keine Handelsbeschränkung sind;Ein Supermarkt will Waren unter Einkaufspreis verkaufen – das nationale Recht verbietet es.;Bestimmte Verkaufsmodalitäten, rechtlich und tatsächlich gleiche Berührung, Marktzugangstest (DocMorris).;Art. 34 AEUV;"EuGH, Urt. v. 24.11.1993 – C-267/91 u. C-268/91 (Keck); EuGH, Urt. v. 11.12.2003 – C-322/01 (DocMorris)";1;Abgrenzung;5;3;ja;16.5;Warenverkehrsfreiheit: Das Prüfungsschema mit Dassonville + Cassis de Dijon: Warum fremdes Bier trotz Reinheitsgebot rein darf;"Band 2 › 22.2; 34.3; Einzelprobleme 11.4";
477;4;159;3;Fr;Methodik;Methodik;Lernen;Karteikarten und aktives Wiederholen im Jurastudium;Du liest alles dreimal und vergisst es trotzdem.;Active Recall, Spaced Repetition für Jura;;;1+2;Methodik;4;3;;12.5;;36.8 Lernseiten, Fallseiten und Wissensübertragung;
478;4;160;4;Mo;Der Fall;Zivilrecht;Schuldrecht AT;Die Hochzeitstorte kommt einen Tag zu spät: Fixgeschäft;Die bestellte Torte wird am Tag nach der Hochzeit geliefert – musst du sie bezahlen?;Wie unterscheiden sich absolutes Fixgeschäft (Unmöglichkeit) und relatives Fixgeschäft (§ 323 II Nr. 2 BGB)?;"§§ 275, 323 II Nr. 2 BGB; § 376 HGB";;1;Abgrenzung;4;5;;15.5;Unmöglichkeit: Wenn die Leistung einfach nicht mehr geht (§ 275 BGB);Band 11 – 10. Unmöglichkeit und Gegenleistungsgefahr – § 275;
479;4;160;4;Mi;Examenswissen;Strafrecht;StGB BT;Das Alleinrennen: Ist eine Polizeiflucht ein Rennen?;Ein Fahrer ohne Führerschein flieht mit 150 km/h vor einer Polizeistreife durch den Ort.;Reicht die Absicht, möglichst schnell zu sein, wenn das eigentliche Ziel die Flucht ist?;§ 315d I Nr. 3 StGB;"BGH, Beschl. v. 17.2.2021 – 4 StR 225/20; BVerfG, Beschl. v. 9.2.2022 – 2 BvL 1/20";1+2;Streitstand;4;5;;16.0;Verbotene Kraftfahrzeugrennen § 315d;36.10a Verbotene Kraftfahrzeugrennen, § 315d StGB;
480;4;160;4;Fr;2. Examen;2. Examen;ZPO;Hilfsaufrechnung: Die Prüfungsreihenfolge, die jeder falsch macht;Die Beklagte bestreitet den Werklohn und rechnet „vorsorglich“ mit Mängelbeseitigungskosten auf.;Warum muss bei der Hilfsaufrechnung zuerst die Klageforderung feststehen, und wie unterscheidet sie sich von der Primäraufrechnung?;"§§ 387 ff. BGB; §§ 145 III, 322 II ZPO";BGH st. Rspr. (Beweiserhebungstheorie: erst Klageforderung klären);2;Klausurfehler;5;1;ja;13.5;Relationstechnik: Mit 3 Stationen durch jede Zivilakte;"Band 4 – 35.1 Primaer- und Hilfsaufrechnung; 16.3 Primär- und Hilfsaufrechnung; Band 20 – Primär- und Hilfsaufrechnung";stabil
481;4;161;5;Mo;Der Fall;Öffentliches Recht;Polizei- und Ordnungsrecht;Abschleppkosten: Zahlt der Halter oder der Fahrer?;Dein Mitbewohner parkt dein Auto im Halteverbot – der Kostenbescheid kommt an dich.;Kostenschuldner (Verhaltens- vs. Zustandsverantwortlicher), Auswahlermessen auf der Kostenebene, Gebührenhöhe.;"Landes-VwVG/Kostenrecht; Landes-PolG";;1;Alltagsfall;4;5;;16.5;Abgeschleppt: Musst du die Kosten zahlen? + Störerauswahl: Wen darf die Behörde in Anspruch nehmen?;"Einzelprobleme 9.7 Kostentragung nach Vollstreckung; Band 18 › Abschleppfälle";Länder: Kostengrundlagen unterschiedlich
482;4;161;5;Mi;Examenswissen;Zivilrecht;Schuldrecht AT;Nach dem Rücktritt: Muss man für gefahrene Kilometer zahlen?;Du gibst das mangelhafte Auto nach 20.000 Kilometern zurück – der Händler will Nutzungsersatz.;Was ist nach §§ 346 ff. BGB zurückzugewähren und wann schuldet der Rücktrittsberechtigte Wert- oder Nutzungsersatz?;§§ 346–348 BGB;;1+2;Schema;4;5;;15.5;Rücktritt nach § 323 BGB: Das Prüfungsschema;34.9 Ruecktritt und Rueckabwicklung;
483;4;161;5;Fr;Klausurpraxis;Strafrecht;StGB BT;Rechtswidrige Polizeimaßnahme: Darf ich mich wehren?;Ein Mann wird ohne erkennbaren Grund festgehalten und reißt sich los.;Was bedeutet der strafrechtliche Rechtmäßigkeitsbegriff des § 113 III StGB und wann gibt es Notwehr gegen Amtsträger?;§§ 113 III, IV, 32 StGB;;1;Streitstand;4;5;;16.0;Widerstand gegen Vollstreckungsbeamte und tätlicher Angriff + Notwehr § 32: Das Prüfungsschema;23. Aussagedelikte, Delikte gegen Rechtspflege und Amtsdelikte (Rechtmaessigkeit der Diensthandlung);
484;4;162;6;Mo;Der Fall;Öffentliches Recht;Polizei- und Ordnungsrecht;Demo und Gegendemo: Wen trifft das Verbot?;Eine rechte Kundgebung soll verboten werden, weil eine zehnmal größere Gegendemo Gewalt ankündigt.;"Störer ist die gewaltbereite Gegenseite; Notstand gegen die Erstversammlung nur ausnahmsweise; Zweckveranlasser-Figur ungeeignet.";"Art. 8 GG; Landesversammlungsgesetze bzw. § 15 VersG";;1;Alltagsfall;4;5;;16.5;Zweckveranlasser: Wer haftet für die Menge vor dem Laden? + Polizeilicher Notstand: Muss ein Vermieter Obdachlose aufnehmen? + Versammlung gegen Polizeirecht: Die Polizeifestigkeit;"Einzelprobleme 9.2 Zweckveranlasser (Grundrechtsausübung); Band 2 › 15.2";Länder: eigene Versammlungsgesetze (u. a. BY, NI, SN, ST, SH, BE, NRW, HE) bzw. fortgeltendes VersG – Zuschnitt: Art. 8 GG + Normtabelle
485;4;162;6;Mi;Examenswissen;Zivilrecht;Schuldrecht AT;Auto in der Werkstatt: Geld für den Nutzungsausfall?;Nach dem Unfall stehst du drei Wochen ohne Auto da – einen Mietwagen hast du nicht genommen.;Ist der Verlust der Gebrauchsmöglichkeit ein ersatzfähiger Vermögensschaden und welche Voraussetzungen gelten?;§§ 249, 251, 252 BGB;BGHZ 98, 212 (GSZ);1+2;Streitstand;4;5;;15.5;Schadensrecht in fünf Minuten: Differenzhypothese und Naturalrestitution;Entgangener Gewinn und Nutzungsausfall im Schadensrecht;
486;4;162;6;Fr;2. Examen;2. Examen;ZPO;§ 91a ZPO: Wer zahlt, wenn sich der Streit von selbst erledigt?;Während des Räumungsprozesses zieht der Mieter aus, und beide Anwälte erklären die Sache für erledigt.;Wie entscheidet das Gericht nach übereinstimmender Erledigung über die Kosten, welcher Prüfungsmaßstab gilt, und wie tenoriert man eine Teilerledigung?;§ 91a ZPO;—;2;Schema;4;3;;12.5;Kostenquote in 5 Minuten: §§ 91, 92 ZPO sicher anwenden;"Band 4 – 33.3 Uebereinstimmende Erledigung; 16.4 Einseitige und übereinstimmende Erledigung; Band 20 – Übereinstimmende Erledigung";stabil
487;4;163;7;Mo;Der Fall;Strafrecht;StGB AT;Keine Strafe ohne Gesetz: Ist ein Auto eine „Waffe“?;Ein Mann fährt bei einer Kontrolle langsam auf einen Polizisten zu – das Gericht wertet sein Auto als „Waffe“ im Sinne des Widerstandsparagrafen.;Wo endet zulässige Auslegung und wo beginnt das verbotene Analogieverbot zulasten des Täters (Art. 103 II GG)?;"Art. 103 II GG; § 1 StGB; § 113 II Nr. 1 StGB";BVerfG, Beschl. v. 1.9.2008 – 2 BvR 2238/07;1;Alltagsfall;4;4;;15.5;;28.1 Gesetzlichkeitsprinzip und Deliktstypen;
488;4;163;7;Mi;Examenswissen;Öffentliches Recht;Staatsorganisationsrecht;Freies Mandat: Darf die Fraktion vorschreiben, wie du abstimmst?;Eine Abgeordnete stimmt gegen die eigene Fraktion und soll dafür ihren Ausschusssitz verlieren.;"Freies Mandat nach Art. 38 I 2 GG: Fraktionsdisziplin zulässig, Fraktionszwang unzulässig; Rückruf aus Ausschüssen; Rechte Fraktionsloser.";"Art. 38 I 2, 21 GG; §§ 10, 57 GO-BT";BVerfGE 80, 188 (Wüppesahl);1;Streitstand;4;4;ja;16.0;;"Band 2 › 18.2; Band 12 › 2. › Abgeordnetenstatus; Fraktionen und Gruppen";
489;4;163;7;Fr;Klausurpraxis;Zivilrecht;Schuldrecht AT;Zu früh zurückgetreten: Warum die Nachfrist fast immer nötig ist;Die Maßküche kommt am vereinbarten Termin nicht – du erklärst am nächsten Morgen den Rücktritt.;Macht die bloße Terminüberschreitung die Fristsetzung entbehrlich oder braucht es ein relatives Fixgeschäft bzw. besondere Umstände?;§ 323 I, II BGB;;1;Klausurfehler;4;5;;15.5;Rücktritt nach § 323 BGB: Das Prüfungsschema;Teil A – 10. Der verfrühte Rücktritt - Fristsetzung und § 323 BGB;
490;4;164;8;Mo;Der Fall;Strafrecht;StGB BT;Anstiftung zur Falschaussage: Das bestellte Alibi;Ein Angeklagter bittet einen Kumpel, vor Gericht zu bezeugen, er habe zur Tatzeit mit ihm Fußball gespielt.;Anstiftung zu § 153, versuchte Anstiftung nach § 159 – und schützt den Angeklagten die Selbstbegünstigung?;§§ 153, 159, 26, 258 StGB;;1;Alltagsfall;4;4;;15.5;Falschaussage: Wann ist eine Aussage „falsch“? + Anstiftung § 26: Wer den Tatentschluss weckt;Band 13 › 22. › §§ 153 ff.;
491;4;164;8;Mi;Examenswissen;Zivilrecht;Schuldrecht AT;Schmerzensgeld: Wann gibt es Geld für immaterielle Schäden?;Nach einem Hundebiss bleibt eine sichtbare Narbe im Gesicht – wie viel ist das wert?;Wann ist ein Nichtvermögensschaden nach § 253 BGB zu ersetzen und wie wird Schmerzensgeld bemessen?;§§ 253 II, 823 I BGB;;1+2;Schema;4;5;;15.5;Schadensrecht in fünf Minuten: Differenzhypothese und Naturalrestitution;10. Schadensrecht §§ 249 ff. BGB;
492;4;164;8;Fr;2. Examen;2. Examen;ZPO;Einseitige Erledigung: Die Feststellungsklage, die niemand beantragt;Der Kläger erklärt nach der Zahlung für erledigt, doch die Beklagte besteht darauf, dass die Klage von Anfang an unbegründet war.;Wie wird die einseitige Erledigungserklärung als Feststellungsantrag behandelt, was wird geprüft, und wie lautet der Tenor?;§§ 256, 264 Nr. 2, 91 ZPO;BGH st. Rspr. (Klageänderungstheorie);2;Sonderlage;5;1;ja;13.5;§ 91a ZPO: Wer zahlt, wenn sich der Streit von selbst erledigt?;"Band 4 – 33.4 Einseitige Erledigungserklaerung; Teil D – 67. Zivilurteil - einseitige Erledigung";stabil
493;4;165;9;Mo;Der Fall;Öffentliches Recht;Kommunalrecht;Darf der Oberbürgermeister zum Protest gegen eine Demo aufrufen?;Der OB schaltet am Rathaus das Licht aus und ruft zur Teilnahme an einer Gegendemonstration auf.;Neutralitäts- und Sachlichkeitsgebot kommunaler Amtsträger, Äußerungsbefugnis, Unterlassungs- und Feststellungsbegehren.;"Art. 20 II, 21, 28 II GG; Gemeindeordnungen";BVerwG, Urt. v. 13.09.2017 – 10 C 6.16 (Licht aus);1;Alltagsfall;4;5;;16.5;Darf eine Ministerin gegen eine Partei posten? Die Neutralitätspflicht;"Band 12 › 3. › Parteien (Neutralität); 32. Kommunalrecht";
494;4;165;9;Mi;Examenswissen;Strafrecht;StPO;Der Ablauf eines Strafverfahrens: Von der Anzeige bis zum Urteil;Eine Frau zeigt ihren Nachbarn wegen Körperverletzung an – was passiert jetzt Schritt für Schritt?;Ermittlungs-, Zwischen-, Haupt- und Rechtsmittelverfahren: Wer entscheidet wann worüber?;§§ 152, 160, 170, 199 ff., 226 ff. StPO;;1+2;Schema;4;5;;16.0;;"24. Strafprozessrecht - Grundstruktur; Band 13 › 26.";
495;4;165;9;Fr;Klausurpraxis;Zivilrecht;Schuldrecht AT;„Erst Geld, dann Auto“: Zurückbehaltungsrechte nach §§ 273, 320 BGB;Die Werkstatt gibt dein repariertes Auto erst heraus, wenn du bezahlt hast.;Wie unterscheiden sich die Einrede des nicht erfüllten Vertrags (§ 320) und das allgemeine Zurückbehaltungsrecht (§ 273 BGB)?;§§ 273, 274, 320, 322 BGB;;1+2;Abgrenzung;4;5;;15.5;Einwendung oder Einrede? Warum Verjährung den Anspruch nicht tötet;Band 11 – 15. Aufrechnung, Zurückbehaltungsrechte und Synallagma – §§ 273, 320;
496;4;166;10;Mo;Der Fall;Öffentliches Recht;Staatshaftungsrecht;Unterlassungsanspruch gegen den Staat: Glockenschlag und Sirene;Die Kirchturmuhr neben deinem Schlafzimmer schlägt jede Viertelstunde – auch nachts.;Herleitung (Grundrechte, § 1004 BGB analog), Wiederholungs- und Erstbegehungsgefahr, Duldungspflicht (Immissionsschutz, Ortsüblichkeit), Rechtsweg.;"§ 1004 BGB analog; Art. 2 II, 14 GG; § 22 BImSchG";BVerwGE 68, 62 (Glockengeläut);1;Alltagsfall;4;5;;16.5;Folgenbeseitigungsanspruch: Die Stadt muss es wieder gutmachen;Band 2 › 29.2 Oeffentlich-rechtlicher Unterlassungsanspruch;
497;4;166;10;Mi;Examenswissen;Strafrecht;StPO;Nemo tenetur: Muss ich mein Handy entsperren?;Die Polizei verlangt von einem Beschuldigten das Passwort seines Smartphones und hält später seinen Finger auf den Sensor.;Wie weit reicht die Selbstbelastungsfreiheit – aktive Mitwirkung vs. Duldung körperlicher Maßnahmen?;"§§ 81b, 136 StPO; Art. 2 I, 1 I GG";;1+2;Streitstand;4;5;;16.0;Prozessmaximen: Legalität, Mündlichkeit, Unmittelbarkeit;38.3 Prozessmaximen;Zwangsweise Fingerabdruck-Entsperrung (§ 81b StPO) – höchstrichterliche Rspr. seit 2025 prüfen.
498;4;166;10;Fr;2. Examen;2. Examen;ZPO;Vorläufige Vollstreckbarkeit: §§ 708, 709, 711 ohne Angst;Das Urteil lautet auf 900 Euro plus Kosten – brauchst du Sicherheitsleistung, Abwendungsbefugnis oder keins von beidem?;Wie bestimmt man den einschlägigen Tatbestand der §§ 708 ff. ZPO, wann ist § 711 oder § 713 anzuwenden, und wie formuliert man die Sicherheitsleistung?;§§ 708 Nr. 11, 709, 711, 713 ZPO;—;2;Formulierung;5;1;ja;13.5;Kostenquote in 5 Minuten: §§ 91, 92 ZPO sicher anwenden;"Band 4 – 41.4 Vorlaeufige Vollstreckbarkeit; 14.4 Vorlaeufige Vollstreckbarkeit; Band 20 – Vorläufige Vollstreckbarkeit";Mittel: Betragsgrenzen § 708 Nr. 11 (1.250/1.500 Euro) und Zusammenspiel § 713 mit neuer Berufungsgrenze (§ 511 II Nr. 1: 1.000 Euro seit 1.1.2026) prüfen
499;4;167;11;Mo;Der Fall;Zivilrecht;Schuldrecht AT;Aufrechnung: Schulden gegeneinander verrechnen;Du schuldest deinem Nachbarn 200 Euro, er dir 150 – musst du trotzdem die vollen 200 zahlen?;Welche Voraussetzungen hat die Aufrechnung (Aufrechnungslage, Erklärung, kein Ausschluss) und wann ist sie nach § 393 BGB ausgeschlossen?;§§ 387–396 BGB;;1+2;Schema;4;5;;15.5;Einwendung oder Einrede? Warum Verjährung den Anspruch nicht tötet;8.2 Aufrechnung;
500;4;167;11;Mi;Examenswissen;Öffentliches Recht;Verfassungsprozessrecht;Organstreit: Wenn Verfassungsorgane sich verklagen;Eine Fraktion fühlt sich von der Bundestagspräsidentin bei der Redezeitverteilung benachteiligt.;Beteiligtenfähigkeit, Antragsgegenstand, Antragsbefugnis, Frist (§ 64 III BVerfGG), Prozessstandschaft der Fraktion.;"Art. 94 I Nr. 1 GG (laut Quelle; vormals Art. 93 I Nr. 1); §§ 13 Nr. 5, 63 ff. BVerfGG";;1;Schema;5;2;;16.0;;"Band 2 › 19.1 Organstreit; 31.1 Organstreit; Band 12 › 7. › Organstreit";Mittel: BVerfG-Zuständigkeiten nach GG-Änderung (in Kraft 28.12.2024) laut Quelle in Art. 94 GG – Zitierweise vor Produktion am amtlichen GG-Text verifizieren
501;4;167;11;Fr;Klausurpraxis;Strafrecht;StPO;„Ich will einen Anwalt!“: Verteidigerkonsultation;"Ein Festgenommener verlangt nachts nach einem Anwalt; die Polizei sagt, es sei keiner erreichbar, und vernimmt ihn weiter.";Wann führt die Vereitelung der Verteidigerkonsultation zu einem Verwertungsverbot?;§§ 136 I 2, 137 StPO;BGHSt 38, 372;1+2;Streitstand;4;5;;16.0;Belehrung vergessen: Ist das Geständnis verwertbar?;"Band 13 › 27. › Belehrung; Band 13 › 27. › Verteidiger";
502;4;168;12;Mo;Der Fall;Zivilrecht;Kaufrecht;„Unfallfrei“ im Inserat: Beschaffenheit, Garantie oder bloße Werbung?;Im Online-Inserat stand „unfallfrei“ – der Gutachter findet einen reparierten Frontschaden.;Wird eine Angabe im Inserat Beschaffenheitsvereinbarung oder Garantie und wie wirkt sie gegenüber einem Gewährleistungsausschluss?;§§ 434, 443, 444 BGB;;1+2;Abgrenzung;4;5;;15.5;„Gekauft wie gesehen“: Hält der Gewährleistungsausschluss?;35.2 Sach- und Rechtsmangel;
503;4;168;12;Mi;Examenswissen;Strafrecht;StPO;Verbotene Vernehmungsmethoden § 136a;Ein Ermittler erzählt einem Beschuldigten wahrheitswidrig, sein Komplize habe bereits alles gestanden.;Wo endet kriminalistische List und beginnt verbotene Täuschung – und warum ist das Verwertungsverbot absolut?;§ 136a StPO;;1+2;Schema;4;5;;16.0;Beschuldigtenvernehmung;"40.1 Beschuldigtenvernehmung; Band 13 › 27. › Belehrung";
504;4;168;12;Fr;Klausurpraxis;Öffentliches Recht;Verwaltungsrecht AT;Rechtswidrig, aber wirksam: Warum auch falsche Bescheide gelten;Das Amt setzt deine Gebühr doppelt so hoch an wie erlaubt – musst du trotzdem zahlen?;Trennung von Wirksamkeit und Rechtmäßigkeit, Bestandskraft, Nichtigkeit nur nach § 44 VwVfG (Evidenz, Kataloge).;§§ 43, 44 VwVfG;;1;Klausurfehler;5;4;;16.0;Was ist ein Verwaltungsakt? § 35 VwVfG in sechs Minuten;"Band 2 › 26.2 Bekanntgabe, Wirksamkeit, Bestandskraft und Nichtigkeit; Band 12 › 17. › Wirksamkeit/Nichtigkeit";
505;4;169;13;Mo;Der Fall;Zivilrecht;Kaufrecht;Minderung: Das Sofa behalten, aber weniger bezahlen;Das neue Sofa hat einen Farbfehler – du willst es behalten, aber nicht den vollen Preis zahlen.;Wie wird die Minderung erklärt und berechnet (§ 441 BGB) und gilt sie auch bei unerheblichen Mängeln?;§§ 437 Nr. 2, 441 BGB;;1+2;Schema;4;5;;15.5;Die Käuferrechte des § 437 BGB auf einen Blick;35.4 Ruecktritt, Minderung, Schadensersatz;
506;4;169;13;Mi;Examenswissen;Strafrecht;StPO;Telefonüberwachung § 100a: Wer darf mithören?;Die Polizei will das Handy eines mutmaßlichen Drogenhändlers überwachen.;Katalogtat, qualifizierter Verdacht, Subsidiarität, Richtervorbehalt, Kernbereich und Zufallsfunde.;§§ 100a, 100d, 100e, 479 StPO;;1+2;Schema;4;5;;16.0;Zwangsmaßnahmen;"39.4 Telekommunikations- und verdeckte Massnahmen; Band 13 › 28. › Telekommunikation/Onlinezugriff";
507;4;169;13;Fr;2. Examen;2. Examen;ZPO;Prozesskostenhilfe: Klagen ohne Geld – und das Risiko danach;Eine Bürgergeld-Empfängerin will ihren früheren Vermieter auf Rückzahlung der Kaution verklagen, kann aber keinen Anwalt bezahlen.;Welche Voraussetzungen hat PKH, wann wird ein Anwalt beigeordnet, und warum schützt PKH nicht vor den Kosten des Gegners?;§§ 114, 115, 121, 123 ZPO;—;2;Sonderlage;3;5;;13.5;;"Band 4 – 22. Rechtsanwaltsgebuehren und Prozesskostenhilfe; 44. Anwaltsgebuehren, Prozesskostenhilfe und Kostenfestsetzung";stabil
508;4;170;14;Mo;Der Fall;Zivilrecht;Kaufrecht;Kratzer gesehen, trotzdem reklamiert: Kenntnis, Arglist und Garantie;Der Käufer sieht bei der Besichtigung den Kratzer im Lack – und reklamiert ihn nach dem Kauf.;Wann schließt Kenntnis oder grob fahrlässige Unkenntnis des Käufers Mängelrechte aus (§ 442 BGB) und wann helfen Arglist und Garantie?;§§ 442, 443, 444 BGB;;1;Schema;4;5;;15.5;Die Käuferrechte des § 437 BGB auf einen Blick;3.14 Kaufrecht: Kenntnis, Arglist und Garantie;
509;4;170;14;Mi;Examenswissen;Öffentliches Recht;Verwaltungsprozessrecht;Klagefrist verpasst? Monatsfrist, Jahresfrist, Wiedereinsetzung;Die Rechtsbehelfsbelehrung nennt die falsche Gerichtsadresse – du klagst erst nach drei Monaten.;Klagefrist (§ 74), Jahresfrist bei fehlerhafter Belehrung (§ 58 II), Wiedereinsetzung (§ 60), elektronische Einreichung.;§§ 55d, 58, 60, 74 VwGO;;1+2;Klausurfehler;5;4;;16.0;Wann gilt ein Bescheid als bekannt gegeben? Die Vier-Tages-Fiktion;Band 12 › 22. › Vorverfahren/Fristen;Mittel: elektronischer Rechtsverkehr nach § 55d VwGO (Fassung seit 01.01.2026) für Anwälte/Behörden verpflichtend
510;4;170;14;Fr;Klausurpraxis;Strafrecht;StPO;Einstellung gegen Geldauflage: Freikaufen im Strafprozess?;Ein prominenter Manager zahlt eine Millionensumme, und das Bestechungsverfahren gegen ihn wird eingestellt.;Voraussetzungen und Wirkung der §§ 153, 153a StPO – und die Kritik an der „Deal-Justiz“.;§§ 153, 153a StPO;LG München I, Beschl. v. 5.8.2014 (Ecclestone);1+2;Streitstand;4;5;;16.0;Einstellung mangels Tatverdachts § 170 II;"38.5 Einstellung; Band 13 › 31. › Opportunität §§ 153 ff.";
511;4;171;15;Mo;Der Fall;Zivilrecht;Kaufrecht;Wie lange hat man Gewährleistung? Die Fristen des § 438 BGB;Das Dach des gekauften Hauses leckt nach vier Jahren zum ersten Mal.;Welche Verjährungsfristen gelten nach § 438 BGB, wann beginnen sie und was ändert Arglist?;§§ 438, 475e BGB;;1+2;Schema;4;5;;15.5;Die Käuferrechte des § 437 BGB auf einen Blick;Band 11 – 8. Verjährung, Fristen und Verwirkung – Sonderfristen;Ablaufhemmung § 475e BGB im Verbrauchsgüterkauf seit 1.1.2022
512;4;171;15;Mi;Examenswissen;Öffentliches Recht;Polizei- und Ordnungsrecht;Versammlung gegen Polizeirecht: Die Polizeifestigkeit;Die Polizei erteilt einem Demonstranten mitten in der laufenden Versammlung einen Platzverweis nach Polizeigesetz.;Sperrwirkung des Versammlungsrechts, Minusmaßnahmen, Maßnahmen vor und nach der Versammlung, Ausschluss und Auflösung zuerst.;"Art. 8 GG; VersG bzw. Landesversammlungsgesetze; Landes-PolG";;1;Streitstand;5;4;;16.0;Brokdorf: Warum eine Demo fast nie verboten werden darf + Polizeirecht-Schema: Standardmaßnahme vor Generalklausel;"Band 12 › 29. Versammlungsrecht und Abgrenzung zum Polizeirecht; Band 2 › 21.6";Länder: eigene Versammlungsgesetze (u. a. BY, NI, SN, ST, SH, BE, NRW, HE) bzw. fortgeltendes VersG – Zuschnitt: Art. 8 GG + Normtabelle
513;4;171;15;Fr;Methodik;Methodik;Examen;Die mündliche Prüfung im Staatsexamen: Ablauf und Tipps;Fünf Prüfer, ein Tisch – was erwartet dich in der Mündlichen?;Ablauf, Prüfungsgespräch, Vorbereitung;;;1+2;Methodik;4;3;;12.5;;;Länderrecht/Prüfungsordnung prüfen
514;4;172;16;Mo;Der Fall;Zivilrecht;Schuldrecht AT;Beim Blumengießen die Wohnung geflutet: Haftet die Nachbarin?;Die Nachbarin gießt während deines Urlaubs die Pflanzen – und lässt den Wasserhahn laufen.;Wird bei unentgeltlichen Gefälligkeiten die deliktische Haftung stillschweigend auf Vorsatz und grobe Fahrlässigkeit beschränkt?;§§ 823 I, 276, 254 BGB;BGH, Urt. v. 26.4.2016 – VI ZR 467/15;1;Alltagsfall;3;5;;14.5;Tippgemeinschaft ohne Tippschein: Haftet der Kollege für den Jackpot?;Band 11 – 3. Vertragsschluss, Auslegung und Konsens – Streitstände, Abgrenzungen und Konkurrenzfragen;
515;4;172;16;Mi;Examenswissen;Strafrecht;StPO;In dubio pro reo: Was „im Zweifel für den Angeklagten“ wirklich heißt;Ob der Angeklagte beim tödlichen Unfall 49 oder 61 km/h fuhr, lässt sich nicht aufklären.;Ist in dubio eine Beweis- oder eine Entscheidungsregel – und gilt sie auch für Rechtsfragen?;"Art. 6 II EMRK; § 261 StPO";;1+2;Klausurfehler;4;5;;16.0;;"Teil C › 64. Die widersprüchlichen Spuren; 38.3 Prozessmaximen";
516;4;172;16;Fr;2. Examen;2. Examen;ZV;§ 767 II ZPO: Ist die späte Aufrechnung präkludiert?;Erst nach Rechtskraft erklärt der Schuldner die Aufrechnung mit einer Forderung, die er schon während des Prozesses hatte.;Kommt es für die Präklusion nach § 767 II ZPO auf die Entstehung oder die Ausübung des Gestaltungsrechts an?;"§ 767 II ZPO; §§ 387, 389 BGB";BGH st. Rspr.: objektive Gestaltungslage maßgeblich (a.A. Teile der Lit.: Ausübung);2;Sonderlage;5;1;ja;13.5;Vollstreckungsabwehrklage: Bezahlt und trotzdem vollstreckt?;"Band 4 – 16.13 § 767 ZPO und Gestaltungsrechte; Band 20 – Vollstreckungsabwehrklage und Gestaltungsrechte";stabil
517;4;173;17;Mo;Der Fall;Öffentliches Recht;Grundrechte;Ausgleichspflichtige Inhaltsbestimmung: Der Pflichtexemplar-Fall;Ein kleiner Kunstbuchverlag muss von jeder 500-Euro-Luxusausgabe ein Gratisexemplar an die Landesbibliothek abgeben.;"Unverhältnismäßige Sonderbelastung, Ausgleichsregelung als Rettung der Norm; Denkmalschutz als Parallelfall.";"Art. 14 I 2 GG; Pflichtexemplargesetze";"BVerfGE 58, 137 (Pflichtexemplar); BVerfGE 100, 226 (Denkmalschutz)";1;Klassiker-Fall;4;3;ja;16.0;Enteignung oder Inhaltsbestimmung? Der Nassauskiesungsbeschluss;Teil B › 43. Der Pflichtexemplar-Verlag - Art. 14 und Berufsfreiheit;
518;4;173;17;Mi;Examenswissen;Zivilrecht;Kaufrecht;Paket verschwunden: Wer trägt beim Versendungskauf das Risiko?;Das Paket mit deinen neuen Kopfhörern kommt nie an – der Shop sagt: Pech, es ist verschickt.;Geht die Preisgefahr beim Versendungskauf nach § 447 BGB über und warum gilt das im Verbrauchsgüterkauf regelmäßig nicht (§ 475 II BGB)?;§§ 446, 447, 475 II BGB;;1+2;Abgrenzung;4;5;;15.5;Konzert fällt aus: Wer trägt die Gegenleistungsgefahr? (§ 326 BGB);35.1 Kaufvertrag und Gefahrtragung;
519;4;173;17;Fr;Klausurpraxis;Strafrecht;StGB AT;Rücktrittshorizont: Der zweite Schuss, der nicht fiel;Nach einem verfehlten Schuss hat der Täter noch fünf Patronen im Magazin, verzichtet aber auf weitere Schüsse.;Einzelaktstheorie oder Gesamtbetrachtung: Welche Vorstellung nach der letzten Ausführungshandlung zählt?;§ 24 I StGB;BGHSt 31, 170;1;Streitstand;5;2;ja;15.5;Rücktritt vom Versuch: Das Schema des § 24;Band 19 › Mehraktiger Versuch und Rücktrittshorizont;
520;4;174;18;Mo;Der Fall;Öffentliches Recht;Staatshaftungsrecht;Drittbezogene Amtspflicht: Wem schuldet der Beamte etwas?;Die Gemeinde weist ein Wohngebiet auf einer alten Giftmülldeponie aus – später erkranken die Bewohner.;"Drittbezogenheit nach dem Schutzzweck der Pflicht; Bauleitplanung und künftige Bewohner; Gegenbeispiel Bankenaufsicht.";"§ 839 BGB; Art. 34 GG; § 1 VI BauGB";BGHZ 106, 323 (Altlasten);1;Klassiker-Fall;4;3;ja;16.0;Amtshaftung: Das Prüfungsschema von § 839 BGB und Art. 34 GG;Band 2 › 17.2 Amtshaftung (Drittbezogenheit);
521;4;174;18;Mi;Examenswissen;Zivilrecht;Mietrecht;Möbel verschimmelt: Die Garantiehaftung des Vermieters;Wegen eines alten Baufehlers verschimmeln deine Möbel – der Vermieter wusste von nichts.;Haftet der Vermieter nach § 536a I BGB für anfängliche Mängel verschuldensunabhängig und kann er das per AGB ausschließen?;§§ 536a I, II, 307 BGB;;1+2;Streitstand;4;5;;15.5;Mietminderung: Schimmel, Baulärm, kalte Heizung;Teil A – 12. Der schwarze Schimmel - Mietminderung und Schadensersatz;
522;4;174;18;Fr;2. Examen;2. Examen;ZV;§ 765a ZPO: Vollstreckungsschutz bei unzumutbarer Härte;Einer schwer depressiven Mieterin droht die Zwangsräumung, und ihr Arzt warnt vor akuter Suizidgefahr.;Wann liegt eine sittenwidrige Härte vor, wie werden Schuldnergrundrechte gegen Gläubigerinteressen abgewogen, und welche Maßnahmen kommen in Betracht?;"§ 765a ZPO; Art. 2 II 1 GG";"BVerfGE 52, 214 (Suizidgefahr in der Zwangsversteigerung); BGH st. Rspr.";2;Sonderlage;3;5;;13.5;Titel, Klausel, Zustellung: Das Grundschema der Zwangsvollstreckung;"Band 4 – 46.6 Vollstreckungsschutz, § 765a ZPO; 26.5";stabil
523;4;175;19;Mo;Der Fall;Strafrecht;StPO;Freispruch ist Freispruch: Das Ende von § 362 Nr. 5 StPO;Jahrzehnte nach einem Freispruch belastet eine neue DNA-Analyse den damaligen Angeklagten eines Tötungsdelikts.;Warum verbietet Art. 103 III GG eine Wiederaufnahme zuungunsten wegen neuer Beweise?;"Art. 103 III GG; § 362 StPO";BVerfG, Urt. v. 31.10.2023 – 2 BvR 900/22;1+2;Klassiker-Fall;3;5;;15.5;Rechtskraft;"38.6b Wiederaufnahme zuungunsten, § 362 StPO; Band 13 › 33. › Rechtskraft";"§ 362 Nr. 5 StPO nichtig (BVerfG 31.10.2023); nur Nr. 1–4 wirksam."
524;4;175;19;Mi;Examenswissen;Zivilrecht;GoA;Beim Helfen verletzt: Risikotypische Begleitschäden;Beim Einfangen des entlaufenen Nachbarhundes wirst du gebissen.;Sind unfreiwillige Schäden des Geschäftsführers als Aufwendungen analog § 670 BGB ersatzfähig?;§§ 683 S. 1, 670 analog, 254 BGB;;1;Streitstand;4;5;;15.5;Geschäftsführung ohne Auftrag: Wann bekommt der Helfer seine Kosten?;3.22 GoA: risikotypische Begleitschäden;
525;4;175;19;Fr;Klausurpraxis;Öffentliches Recht;Grundrechte;Vorbehaltlose Grundrechte: Wo endet die Kunst- und Glaubensfreiheit?;Ein Künstler plant auf dem Marktplatz eine Performance mit Tierkadavern – kein Gesetz scheint das ausdrücklich zu verbieten.;"Einfacher und qualifizierter Gesetzesvorbehalt vs. verfassungsimmanente Schranken; praktische Konkordanz; Gesetzeserfordernis.";Art. 4, 5 III, 20 III GG;BVerfGE 28, 243 (Dienstpflichtverweigerung);1;Schema;5;2;;16.0;Grundrechtsprüfung: Schutzbereich, Eingriff, Rechtfertigung;Band 12 › 8. › Schranken und Schranken-Schranken;
526;4;176;20;Mo;Der Fall;Strafrecht;StGB AT;Zwei Giftmischer, ein Opfer: alternative und kumulative Kausalität;Zwei Mitbewohner geben unabhängig voneinander Gift in denselben Tee – einmal reicht jede Dosis allein, einmal nur beide zusammen.;Wie wird die csqn-Formel bei alternativer und kumulativer Kausalität modifiziert?;§§ 212, 22, 23 StGB;;1;Klassiker-Fall;4;2;ja;15.0;Kausalität einfach erklärt: die conditio-sine-qua-non-Formel;12.1 Alternative und kumulative Kausalität;
527;4;176;20;Mi;Examenswissen;Zivilrecht;Sachenrecht;Sturm wirft Nachbars Baum auf dein Haus: Wer ist Störer?;Nach einem Sturm liegt der gesunde Baum des Nachbarn quer über deinem Carport.;Wann ist jemand Handlungs- oder Zustandsstörer und wie wird die Beeinträchtigung bei Naturereignissen zugerechnet?;§ 1004 BGB;;1;Streitstand;4;5;;15.5;Äste auf dem Garagendach: Der Beseitigungsanspruch aus § 1004 BGB;4.11 § 1004 BGB und mittelbare Störer;
528;4;176;20;Fr;2. Examen;2. Examen;StPO-Praxis;Strafzumessungsfehler: Doppelverwertung und falscher Strafrahmen;Das Urteil wertet beim Totschlag strafschärfend, dass der Angeklagte „ein Menschenleben ausgelöscht“ habe.;Welche Strafzumessungsfehler sind revisibel – Strafrahmenwahl, minder schwerer Fall, § 46 III StGB, Gesamtstrafe – und wie wirkt sich das auf den Aufhebungsumfang aus?;"§§ 46, 49, 53–55 StGB; § 353 StPO";—;2;Klausurfehler;4;2;ja;13.0;Sachrüge: Wenn die Feststellungen das Urteil nicht tragen;"Band 6 – 51. Rechtsfolgenausspruch und Strafzumessung; 24. Gesamtstrafenbildung";stabil
529;4;177;21;Mo;Der Fall;Öffentliches Recht;Europarecht;Solange I und II: Wer schützt deine Grundrechte gegen die EU?;Ein Exporteur verliert wegen einer EU-Verordnung seine Kaution und sieht seine Berufsfreiheit verletzt.;Internationale Handelsgesellschaft, Solange I und II, Reservevorbehalt des BVerfG.;Art. 23 I, 79 III GG;"BVerfGE 37, 271 (Solange I); BVerfGE 73, 339 (Solange II); EuGH, Urt. v. 17.12.1970 – Rs. 11/70 (Internationale Handelsgesellschaft)";1;Klassiker-Fall;4;3;ja;16.0;Costa/ENEL: Warum EU-Recht deutsches Recht verdrängt;Band 2 › 22.1 (Integrationsverantwortung, Identitäts- und Ultra-vires-Kontrolle);
530;4;177;21;Mi;Examenswissen;Strafrecht;StPO;Untersuchungshaft: Haftgründe und Verhältnismäßigkeit;Ein Beschuldigter mit festem Job und Familie soll wegen Raubverdachts in U-Haft, weil er „vielleicht flieht“.;Dringender Tatverdacht, Haftgründe, § 112 III verfassungskonform, Außervollzugsetzung und Haftprüfung.;§§ 112–121 StPO;;1+2;Schema;4;5;;16.0;Zwangsmaßnahmen;"39.1 Untersuchungshaft; 15.2; Band 13 › 28. › Untersuchungshaft §§ 112 ff.";
531;4;177;21;Fr;Klausurpraxis;Zivilrecht;Deliktsrecht;Auto brennt nachts in der Tiefgarage: „Bei dem Betrieb“?;Ein geparktes Auto fängt über Nacht durch einen Kurzschluss Feuer und beschädigt den Wagen daneben.;Wie weit reicht das Merkmal „bei dem Betrieb eines Kraftfahrzeugs“ in § 7 I StVG, auch bei abgestellten Fahrzeugen?;§ 7 I StVG;BGH, Urt. v. 21.1.2014 – VI ZR 253/13;1+2;Streitstand;4;5;;15.5;Parkplatzrempler: Halterhaftung nach § 7 StVG;Band 11 – 36. StVG, Produzentenhaftung und Produkthaftungsgesetz – StVG;
532;4;178;22;Mo;Der Fall;Öffentliches Recht;Europarecht;Brasserie du pêcheur und Köbler: Haftung für Gesetzgeber und Gerichte;Ein französischer Brauer darf wegen des Reinheitsgebots jahrelang nicht nach Deutschland liefern und verlangt Schadensersatz.;Haftung für legislatives Unrecht, 'hinreichend qualifiziert' bei Ermessensspielraum, Haftung für letztinstanzliche Gerichte (offenkundiger Verstoß).;"Art. 4 III EUV; § 839 BGB; Art. 34 GG";"EuGH, Urt. v. 05.03.1996 – C-46/93 u. C-48/93 (Brasserie du pêcheur); EuGH, Urt. v. 30.09.2003 – C-224/01 (Köbler)";1;Klassiker-Fall;4;3;ja;16.0;Francovich: Der Staat haftet für EU-Rechtsbrüche;Band 12 › 35. › Staatshaftung;
533;4;178;22;Mi;Examenswissen;Strafrecht;StPO;Strafbefehl: Verurteilt ohne Verhandlung;Ein Mann findet in der Post einen Strafbefehl über 60 Tagessätze wegen Beleidigung.;Voraussetzungen, zulässige Rechtsfolgen, Einspruch binnen zwei Wochen – und warum kann es danach schlimmer werden?;§§ 407–412 StPO;;1+2;Schema;4;5;;16.0;Verfahrensablauf;"15.7 Strafbefehl; Band 13 › 31. › Strafbefehl";
534;4;178;22;Fr;2. Examen;2. Examen;StPO-Praxis;Konkreter Anklagesatz: Umgrenzung statt Beweiswürdigung;Die Tat ist in der Akte nur mit „irgendwann im Frühjahr 2025“ datiert.;Welche Angaben braucht der konkrete Anklagesatz für Umgrenzungs- und Informationsfunktion, und warum gehört keine Beweiswürdigung hinein?;§§ 200, 264 StPO;BGH st. Rspr. zur Umgrenzungsfunktion (insbesondere bei Serientaten);2;Formulierung;5;1;ja;13.5;Abstrakter Anklagesatz: Gesetzliche Merkmale richtig formulieren;"Band 6 – 18. Konkreter Anklagesatz; 18.2 Abstrakter und konkreter Anklagesatz";stabil
535;4;179;23;Mo;Der Fall;Zivilrecht;BGB AT;Haakjöringsköd: Wenn beide „Wal“ sagen und „Hai“ meinen;Beide Seiten schreiben „Walfleisch“ in den Vertrag, meinen aber übereinstimmend Haifischfleisch.;Geht der übereinstimmende wirkliche Wille einer objektiven Falschbezeichnung vor (falsa demonstratio non nocet)?;§§ 133, 157 BGB;RGZ 99, 147 (Haakjöringsköd);1;Klassiker-Fall;4;2;ja;14.5;Auslegung nach Empfängerhorizont: Was du sagst vs. was du meinst;2.3 Auslegung von Willenserklaerungen und Vertraegen;
536;4;179;23;Mi;Examenswissen;Strafrecht;StGB AT;§ 28 StGB und Mordmerkmale: Der Streit um die Teilnehmer;Eine Frau hilft ihrem Freund bei einer Tötung, die er aus Habgier begeht – sie selbst will nur ihn nicht verlieren.;Ist § 211 selbstständiger Tatbestand (Rspr., § 28 I) oder Qualifikation (Lit., § 28 II) – und was folgt für den Gehilfen?;§§ 28, 211, 212, 27 StGB;BGHSt 1, 368;1;Streitstand;5;2;ja;15.5;Mord oder Totschlag? Die Mordmerkmale im Überblick;"12.21 § 28 StGB bei Tötungsdelikten; Band 19 › § 28 StGB bei Mordmerkmalen; 30.6";"Mordmerkmale-/Reformdiskussion; BGH hat Aufgabe der Selbstständigkeitsthese angedeutet – aktuelle Linie prüfen."
537;4;179;23;Fr;Klausurpraxis;Öffentliches Recht;Grundrechte;Folter zur Lebensrettung? Das Tabu der 'Rettungsfolter';Ein Entführer schweigt über das Versteck eines Kindes – die Polizei droht ihm Schmerzen an.;"Absolutheit der Menschenwürde, Art. 104 I 2 GG, Art. 3 EMRK; Kollision 'Würde gegen Würde'; Beweisverwertung.";"Art. 1 I, 104 I 2 GG; Art. 3 EMRK; § 136a StPO";EGMR (GK), Urt. v. 01.06.2010 – 22978/05 (Gäfgen/Deutschland);1;Streitstand;3;5;ja;15.5;Menschenwürde: Darf der Staat ein entführtes Flugzeug abschießen?;Band 12 › 9. › Menschenwürde Art. 1 Abs. 1;
538;4;180;24;Mo;Der Fall;Zivilrecht;BGB AT;In-App-Käufe von Kindern: Müssen die Eltern zahlen?;Der 10-Jährige kauft im Handyspiel für 300 Euro virtuelle Edelsteine über das Konto der Mutter.;Sind In-App-Käufe Minderjähriger wirksam, greift § 110 BGB bei digitalen Leistungen und haften Eltern aus Rechtsschein?;§§ 106–110, 812, 818 III BGB;;1;Alltagsfall;3;5;;14.5;Taschengeldparagraph: Darf ein 16-Jähriger ein E-Bike auf Raten kaufen?;33.4 Geschaeftsfaehigkeit, §§ 104 ff. BGB;Bei digitalen Inhalten zusätzlich §§ 327 ff. BGB (seit 2022) beachten
539;4;180;24;Mi;Examenswissen;Strafrecht;StGB AT;Der Denkzettel-Fall: Ziel erreicht – Rücktritt trotzdem möglich?;Ein Mann sticht auf einen Rivalen ein, um ihm „eine Lektion zu erteilen“, hält dessen Tod für möglich und lässt dann zufrieden von ihm ab.;Kann man von einem Versuch zurücktreten, wenn man sein außertatbestandliches Ziel schon erreicht hat?;§ 24 I StGB;BGHSt 39, 221 (GS);1;Streitstand;5;2;ja;15.5;Rücktrittshorizont: Der zweite Schuss, der nicht fiel;12.16 Rücktritt und außertatbestandliche Zielerreichung;
540;4;180;24;Fr;2. Examen;2. Examen;StPO-Praxis;Vorladung als Beschuldigte: Was die Verteidigung jetzt tun sollte;Eine Mandantin hat eine Vorladung als Beschuldigte wegen Betrugs erhalten und will „das schnell aufklären“.;Welche Strategie verfolgt die Verteidigung im Ermittlungsverfahren – Akteneinsicht, Schweigen, Einlassung, Einstellungsanregung – und wann Berufung statt Revision?;§§ 136, 147, 153a, 170 II, 312, 335 StPO;—;2;Zweckmäßigkeit;3;5;;13.5;;Band 14 – 14. Strafverteidigerklausur und Rechtsbehelfsstrategie;stabil
541;4;181;25;Mo;Der Fall;Zivilrecht;Schuldrecht AT;Fitnessstudio im Lockdown: Beiträge zurück oder Vertragsverlängerung?;Dein Studio war monatelang zu – die Beiträge wurden trotzdem abgebucht.;Ist die Leistung bei behördlicher Schließung unmöglich (§§ 275, 326 IV BGB) oder ist der Vertrag nach § 313 BGB anzupassen?;§§ 275, 326 I, IV, 313 BGB;BGH, Urt. v. 4.5.2022 – XII ZR 64/21;1;Alltagsfall;3;5;;14.5;Konzert fällt aus: Wer trägt die Gegenleistungsgefahr? (§ 326 BGB);34.4 Unmoeglichkeit, §§ 275, 283, 311a II, 326 BGB;
542;4;181;25;Mi;Examenswissen;Öffentliches Recht;Grundrechte;Schutzpflichten: Muss der Staat dich vor anderen schützen?;Anwohner eines Großflughafens verlangen vom Staat strengere Nachtfluggrenzen.;Schutzpflicht aus Art. 2 II 1 GG, Untermaßverbot, Evidenzkontrolle, Einschätzungs- und Gestaltungsspielraum.;Art. 1 I 2, 2 II 1 GG;"BVerfGE 39, 1 (Schwangerschaftsabbruch I); BVerfGE 56, 54 (Fluglärm)";1;Schema;4;4;ja;16.0;Grundrechtsprüfung: Schutzbereich, Eingriff, Rechtfertigung;"Band 2 › 32.5 Leben und koerperliche Unversehrtheit; Band 12 › 8. › Schutzpflichten und Drittwirkung";
543;4;181;25;Fr;Klausurpraxis;Strafrecht;StGB AT;Parallelwertung in der Laiensphäre: Der Bierdeckel als Urkunde;Ein Gast radiert heimlich Striche vom Bierdeckel und meint, das sei doch „nur Pappe“ und keine Urkunde.;Wann ist ein Irrtum über normative Tatbestandsmerkmale ein Tatbestandsirrtum und wann ein unbeachtlicher Subsumtionsirrtum?;§§ 16, 17, 267 StGB;;1;Abgrenzung;4;3;ja;15.0;Tatbestandsirrtum § 16: Der Jäger und der Pilzsammler;Band 13 › 3. › Tatbestandsirrtum;
544;4;182;26;Mo;Der Fall;Zivilrecht;Schuldrecht AT;Unfallauto: Reparieren bis 130 Prozent oder Totalschaden?;Die Reparatur deines alten Golfs kostet mehr, als er noch wert ist – du hängst aber an ihm.;Bis zu welcher Grenze darf der Geschädigte reparieren lassen (130-%-Rechtsprechung) und wann darf er fiktiv abrechnen?;§§ 249 II, 251 BGB;BGHZ 115, 364;1+2;Alltagsfall;3;5;;14.5;Schadensrecht in fünf Minuten: Differenzhypothese und Naturalrestitution;Band 11 – 11. Schadensersatzsystem – Schadensrecht;
545;4;182;26;Mi;Examenswissen;Öffentliches Recht;Grundrechte;Persönlichkeitsrecht: Die Sphärentheorie einfach erklärt;Das private Tagebuch einer Beschuldigten soll im Strafprozess verlesen werden.;Herleitung des allgemeinen Persönlichkeitsrechts, Fallgruppen, Intim-, Privat- und Sozialsphäre, absolut geschützter Kernbereich.;Art. 2 I i.V.m. 1 I GG;BVerfGE 80, 367 (Tagebuch);1;Schema;4;4;ja;16.0;Grundrechtsprüfung: Schutzbereich, Eingriff, Rechtfertigung;"Band 2 › 21.1; 32.4 Allgemeine Handlungsfreiheit und allgemeines Persoenlichkeitsrecht";
546;4;182;26;Fr;2. Examen;2. Examen;ZPO;Bestreiten, Nichtwissen, Geständnis: Was ist wirklich streitig?;Der beklagte Geschäftsführer bestreitet „mit Nichtwissen“, dass seine eigene Firma die Ware je erhalten hat.;Wann ist Beklagtenvortrag erheblich, wann ist Bestreiten mit Nichtwissen zulässig, und wie unterscheiden sich Nichtbestreiten und gerichtliches Geständnis?;§§ 138 II–IV, 288, 290 ZPO;BGH st. Rspr. zur Erkundigungspflicht im eigenen Unternehmensbereich bei § 138 IV ZPO;2;Sonderlage;5;2;;13.0;Schlüssigkeit prüfen: Der Test, den jede Klage bestehen muss;"Band 4 – 2.1 Darlegungs- und Beweislast; 2.3 Beklagtenstation - Erheblichkeit; 29.4 Geständnis und unstreitiger Vortrag";stabil
547;4;183;27;Mo;Der Fall;Strafrecht;StGB AT;Irrtum über den Kausalverlauf: Der Brückenpfeiler;Ein Täter stößt sein Opfer von einer Brücke, damit es ertrinkt – es stirbt aber schon beim Aufprall auf einen Pfeiler.;Wann ist die Abweichung vom vorgestellten Kausalverlauf wesentlich und schließt den Vorsatz aus?;§§ 16 I, 212 StGB;;1;Klassiker-Fall;4;2;ja;15.0;Tatbestandsirrtum § 16: Der Jäger und der Pilzsammler;Band 19 › Irrtum über den Kausalverlauf;
548;4;183;27;Mi;Examenswissen;Zivilrecht;Mietrecht;Zwei Monatsmieten offen: Fristlose Kündigung und Schonfrist;Der Mieter zahlt zwei Monate keine Miete – kann der Vermieter sofort kündigen?;Wann berechtigt Zahlungsverzug zur fristlosen Kündigung (§ 543 II 1 Nr. 3 BGB) und wie wirkt die Schonfristzahlung (§ 569 III BGB)?;§§ 543, 569, 573 BGB;;1+2;Schema;4;5;;15.5;Mietvertrag: Wer muss was? Rechte und Pflichten im Überblick;Band 11 – 19. Mietrecht – Kündigung und Rückgabe;
549;4;183;27;Fr;Methodik;Methodik;Examen;Schwerpunktbereich wählen: Worauf es ankommt;Strafverteidigung, Steuerrecht oder Völkerrecht – wie entscheidest du?;Kriterien der Schwerpunktwahl;;;1+2;Methodik;3;4;;12.0;;;Länderrecht/Prüfungsordnung prüfen
550;4;184;28;Mo;Der Fall;Öffentliches Recht;Staatsorganisationsrecht;Bundeswehr ins Ausland: Wer entscheidet – Regierung oder Parlament?;Die Regierung schickt Soldaten zu einer Evakuierungsmission, ohne vorher den Bundestag zu fragen.;Wehrverfassungsrechtlicher Parlamentsvorbehalt, Art. 24 II und 87a GG, Eilfälle und nachträgliche Befassung.;"Art. 24 II, 87a, 115a GG; ParlBG";"BVerfGE 90, 286 (Out-of-area/AWACS); BVerfGE 140, 160 (Evakuierung Libyen)";1;Klassiker-Fall;3;4;ja;15.5;Organstreit: Wenn Verfassungsorgane sich verklagen;Band 12 › 2. Bundestag (Ergänzung Wehrverfassung);Mittel: Wehrdienst- und Verteidigungsgesetzgebung 2025/26 beobachten
551;4;184;28;Mi;Examenswissen;Zivilrecht;Weitere Vertragstypen;Versprochen ist versprochen? Schenkung und Notarform;Der Onkel verspricht dir beim Geburtstag vor allen Gästen 10.000 Euro – und zahlt nie.;Warum bedarf das Schenkungsversprechen der notariellen Form (§ 518 I BGB) und wann wird der Formmangel geheilt?;§§ 516, 518 BGB;;1;Schema;4;5;;15.5;Notar, Unterschrift oder Textform? Die Formvorschriften des BGB;23. Schenkung, Leihe, Auftrag, Verwahrung und Maklervertrag – Schenkung;
552;4;184;28;Fr;Klausurpraxis;Strafrecht;StGB AT;Mittäter-Exzess: Einer geht zu weit – haften alle?;"Zwei Männer vereinbaren einen gewaltfreien Einbruch; als der Hausherr auftaucht, schlägt einer ihn mit einem Brecheisen nieder.";Wo endet die Zurechnung über den gemeinsamen Tatplan und was ist ein Exzess?;§ 25 II StGB;;1;Abgrenzung;5;3;;15.0;Mittäterschaft § 25 II: Gemeinsam geplant, gemeinsam verantwortlich;"11.1 Mittaeterschaft § 25 II StGB; 30.3";
553;4;185;29;Mo;Der Fall;Öffentliches Recht;Staatsorganisationsrecht;Gesetz im Eiltempo: Wie viel Beratungszeit steht Abgeordneten zu?;Ein 100-seitiger Änderungsantrag landet am Freitag im Postfach, am Dienstag soll abgestimmt werden.;"Beteiligungsrechte aus Art. 38 I 2 GG (Beratung, Information) gegen Verfahrensautonomie der Mehrheit; Organstreit und einstweilige Anordnung.";"Art. 38 I 2, 42, 77 GG; § 32 BVerfGG";BVerfG, Beschl. v. 05.07.2023 – 2 BvE 4/23 (Gebäudeenergiegesetz);1;Alltagsfall;4;4;;15.0;Freies Mandat: Darf die Fraktion vorschreiben, wie du abstimmst? + Organstreit: Wenn Verfassungsorgane sich verklagen;Band 12 › 2. › Abgeordnetenstatus;"Mittel: Eilentscheidung 2023; Hauptsache- und Folgeentscheidungen vor Produktion prüfen"
554;4;185;29;Mi;Examenswissen;Zivilrecht;Sachenrecht;Kredit abbezahlt – warum steht die Grundschuld noch im Grundbuch?;Der Hauskredit ist vollständig getilgt, aber die Grundschuld der Bank ist immer noch eingetragen.;Warum ist die Grundschuld nicht akzessorisch und welche Rückgewähransprüche und Einreden folgen aus dem Sicherungsvertrag?;§§ 1191, 1192 BGB;;1+2;Schema;4;5;;15.5;Hypothek: Die Sicherheit, die an der Forderung hängt;Teil A – 20. Die Sicherungsgrundschuld nach Tilgung;
555;4;185;29;Fr;Klausurpraxis;Strafrecht;StGB AT;Wahlfeststellung: Dieb oder Hehler – Hauptsache verurteilt?;"Bei einem Mann wird ein gestohlenes E-Bike gefunden; ob er es selbst gestohlen oder vom Dieb gekauft hat, bleibt unklar.";Wann erlaubt die gesetzesalternative Verurteilung eine Bestrafung trotz Zweifel – und ist das verfassungsgemäß?;"§§ 242, 259 StGB; Art. 103 II GG";"BGH, Beschl. v. 8.5.2017 – GSSt 1/17; BVerfG, Beschl. v. 5.7.2019 – 2 BvR 167/18";1+2;Streitstand;4;3;ja;15.0;In dubio pro reo: Was „im Zweifel für den Angeklagten“ wirklich heißt;"Teil C › 64. Die widersprüchlichen Spuren - Wahlfeststellung; 32.";
556;4;186;30;Mo;Der Fall;Öffentliches Recht;Grundrechte;Freispruch – und trotzdem nochmal vor Gericht?;Ein Mann wird vom Mordvorwurf freigesprochen, Jahre später belastet ihn eine neue DNA-Analyse.;"Ne bis in idem (Art. 103 III GG) als abwägungsfester Grundsatz; Nichtigkeit von § 362 Nr. 5 StPO; Rückwirkungsaspekt.";"Art. 103 III, 20 III GG; § 362 StPO";BVerfG, Urt. v. 31.10.2023 – 2 BvR 900/22;1;Klassiker-Fall;3;5;;15.0;Rückwirkende Gesetze: Darf der Staat die Regeln nachträglich ändern?;klassiker.txt › 9.1 Harte Rechtsstands-Sperrliste (Ergänzung Justizgrundrechte);Mittel: § 362 Nr. 5 StPO nichtig – nicht als geltendes Recht darstellen
557;4;186;30;Mi;Examenswissen;Zivilrecht;Deliktsrecht;Hund springt Joggerin an: Tierhalterhaftung;Beim Spaziergang springt ein freilaufender Hund eine Joggerin an, sie stürzt schwer.;Wann haftet der Tierhalter ohne Verschulden (§ 833 S. 1 BGB), wann kann er sich entlasten (S. 2) und was gilt bei Mitverschulden?;§§ 833, 834, 254 BGB;;1+2;Schema;4;5;;15.5;§ 823 I BGB: Das Prüfungsschema der unerlaubten Handlung;24.3 §§ 823 II, 826, 831, 833 BGB und StVG;
558;4;186;30;Fr;2. Examen;2. Examen;ZPO;Streitverkündung: Der Regress-Schutzschild für deinen Mandanten;Der Bauherr verklagt den Generalunternehmer wegen feuchter Kellerwände, und der sieht die Schuld beim Subunternehmer.;Wie und wann verkündet man den Streit, und wie weit bindet die Interventionswirkung den Dritten im Folgeprozess?;§§ 68, 72–74 ZPO;—;2;Zweckmäßigkeit;4;2;ja;13.0;;"Band 4 – 39. Streitverkündung und Interventionswirkung; 16.8 Streitverkündung; Band 20 – Streitverkündung und Folgeprozess";stabil
559;4;187;31;Mo;Der Fall;Strafrecht;StGB AT;Nothilfe: Darf ich für Fremde zuschlagen?;Ein Passant sieht in der U-Bahn, wie eine Frau angegriffen wird, und schlägt den Angreifer nieder.;Welche Grenzen gelten für Notwehrhilfe, insbesondere wenn der Angegriffene keine Hilfe will?;§ 32 StGB;;1;Alltagsfall;3;5;;15.0;Notwehr § 32: Das Prüfungsschema;5.1 Notwehr § 32 StGB;
560;4;187;31;Mi;Examenswissen;Zivilrecht;Deliktsrecht;E-Scooter-Akku explodiert: Haftung nach dem Produkthaftungsgesetz;Der Akku deines E-Scooters explodiert beim Laden und verbrennt dir die Hand.;Wann haftet der Hersteller verschuldensunabhängig nach dem ProdHaftG und welche Ausschlüsse, Selbstbeteiligung und Höchstbeträge gelten?;§§ 1, 3, 4, 8, 10, 11 ProdHaftG;;1+2;Schema;4;5;;15.5;Explodierende Flasche: Die Produzentenhaftung nach § 823 I BGB;Band 11 – 36. StVG, Produzentenhaftung und Produkthaftungsgesetz – ProdHaftG;Neue Produkthaftungsrichtlinie (EU) 2024/2853 (u. a. Software als Produkt) – Umsetzung bis 9.12.2026 prüfen
561;4;187;31;Fr;Klausurpraxis;Öffentliches Recht;Verwaltungsrecht AT;Die Behörde hat's versprochen! Zusicherung oder bloße Auskunft?;Die Sachbearbeiterin sagt am Telefon: 'Die Genehmigung kriegen Sie sicher' – dann kommt die Ablehnung.;"§ 38 VwVfG: Schriftform, Bindungswille, Wegfall bei Änderung der Sach- oder Rechtslage; Abgrenzung zur Auskunft; Amtshaftung bei Falschauskunft.";"§ 38 VwVfG; § 839 BGB";;1;Abgrenzung;4;5;;15.5;Was ist ein Verwaltungsakt? § 35 VwVfG in sechs Minuten;"Band 2 › 26.6 Zusicherung, § 38 VwVfG; Band 12 › 20. › Zusicherung";
562;4;188;32;Mo;Der Fall;Strafrecht;StGB AT;Tierschützer im Stall: Hausfriedensbruch gerechtfertigt?;Aktivisten dringen nachts in eine Schweinemastanlage ein, um Verstöße gegen das Tierschutzrecht zu filmen.;Kann § 34 StGB den Einbruch zugunsten von Tierschutz rechtfertigen, obwohl Behörden zuständig wären?;"§§ 34, 123 StGB; TierSchG";OLG Naumburg, Urt. v. 22.2.2018 – 2 Rv 157/17;1;Alltagsfall;3;5;;15.0;Rechtfertigender Notstand § 34: Einbruch in die Berghütte;"Band 13 › 18. › § 123; 28.9 Rechtfertigender Notstand";"Instanzrechtsprechung zu Tierschutz- und Klimaaktivismus uneinheitlich; aktuelle OLG-Linie prüfen."
563;4;188;32;Mi;Examenswissen;Zivilrecht;Deliktsrecht;Schockschaden und Hinterbliebenengeld: Leid durch fremdes Unglück;Eine Mutter erfährt am Telefon vom tödlichen Unfall ihres Sohnes und bricht zusammen.;Wann ist eine psychische Beeinträchtigung Dritter eine Gesundheitsverletzung und wie verhält sie sich zum Hinterbliebenengeld (§ 844 III BGB)?;§§ 823 I, 253 II, 844 III BGB;"BGHZ 56, 163; BGH, Urt. v. 6.12.2022 – VI ZR 168/21";1;Streitstand;4;5;;15.5;§ 823 I BGB: Das Prüfungsschema der unerlaubten Handlung;Band 11 – 11. Schadensersatzsystem – Streitstände, Abgrenzungen und Konkurrenzfragen;"Rspr.-Änderung 2022 zum Maßstab beim Schockschaden; § 844 III BGB seit 22.7.2017"
564;4;188;32;Fr;2. Examen;2. Examen;ZPO;Zu spät vorgetragen? Präklusion nach §§ 296, 296a ZPO;Zwei Tage vor dem Termin benennt der Beklagte drei neue Zeugen, obwohl die Erwiderungsfrist längst abgelaufen ist.;Welche Präklusionstatbestände gibt es, wann verzögert Vorbringen den Rechtsstreit, und wie begrenzt Art. 103 I GG die Zurückweisung?;"§§ 139, 156, 282, 296, 296a ZPO; Art. 103 I GG";BVerfG st. Rspr. zu Präklusion und rechtlichem Gehör;2;Sonderlage;4;2;ja;13.0;Relationstechnik: Mit 3 Stationen durch jede Zivilakte;"Band 4 – 40. Verspaetung und Praeklusion; 16.9 Präklusion verspäteten Vorbringens; Band 20 – Präklusion verspäteten Vorbringens";stabil
565;4;189;33;Mo;Der Fall;Strafrecht;StGB AT;Der Verfolger-Fall: Ein Mittäter schießt auf den eigenen Komplizen;Nach einem Einbruch schießt einer der Flüchtenden auf einen vermeintlichen Verfolger – es ist sein eigener Komplize.;Wird der error in persona des einen Mittäters dem anderen zugerechnet – sogar als Versuch gegen sich selbst?;§§ 16, 22, 25 II, 212 StGB;BGHSt 11, 268;1;Klassiker-Fall;4;2;ja;15.0;Mittäterschaft § 25 II: Gemeinsam geplant, gemeinsam verantwortlich + Error in persona: Die Verwechslung im Dunkeln;Band 13 › 9. › Mittäterschaft § 25 Abs. 2;
566;4;189;33;Mi;Examenswissen;Öffentliches Recht;Verwaltungsprozessrecht;Verwaltungsrechtsweg: § 40 VwGO Schritt für Schritt;Du streitest mit der Stadt über eine Rechnung fürs Freibad – welches Gericht ist zuständig?;Aufdrängende Sonderzuweisung, öffentlich-rechtliche Streitigkeit, nichtverfassungsrechtlicher Art, abdrängende Zuweisungen, Verweisung nach § 17a GVG.;"§§ 40, 173 VwGO; § 17a GVG";;1+2;Schema;5;2;;16.0;Öffentliches oder privates Recht? Die Abgrenzungstheorien;"Band 2 › 2.; 25.1 Eroeffnung des Verwaltungsrechtswegs; Band 12 › 22. › Rechtsweg § 40";
567;4;189;33;Fr;Klausurpraxis;Zivilrecht;Bereicherungsrecht;Doktorarbeit gekauft, nichts geliefert: Kein Geld zurück? (§ 817 S. 2);Du zahlst einem Ghostwriter 5.000 Euro für deine Doktorarbeit – er liefert nie.;Wann sperrt § 817 S. 2 BGB die Rückforderung und wann ist die Norm nach dem Zweck des Verbots einzuschränken?;§§ 134, 138, 812, 817 BGB;BGH, Urt. v. 10.11.2005 – III ZR 72/05 (Schenkkreis);1;Streitstand;4;5;;15.5;Leistungskondiktion: Etwas erlangt, durch Leistung, ohne Rechtsgrund;5.6 § 817 S. 2 BGB;
568;4;190;34;Mo;Der Fall;Strafrecht;StGB BT;K.-o.-Tropfen im Drink: Gift und gesundheitsschädliche Stoffe;Ein Mann mischt einer Bekannten im Club heimlich K.-o.-Tropfen ins Getränk.;Wann ist ein Stoff „gesundheitsschädlich“ und was bedeutet „Beibringen“ in § 224 I Nr. 1 StGB?;§ 224 I Nr. 1 StGB;;1;Alltagsfall;3;5;;15.0;Körperverletzung § 223: Ohrfeige, Haare ab, Spucke;35.2 Gefaehrliche Koerperverletzung, § 224 StGB;
569;4;190;34;Mi;Examenswissen;Öffentliches Recht;Kommunalrecht;Kommunalverfassungsstreit: Wenn der Gemeinderat sich selbst verklagt;Die Bürgermeisterin entzieht einem Ratsmitglied nach Zwischenrufen das Wort und schließt es von der Sitzung aus.;Innenrechtsstreit, organschaftliche Rechte, Beteiligtenfähigkeit (§ 61 Nr. 2 VwGO analog), Feststellungs- oder Leistungsklage, Klagebefugnis.;"§§ 40, 42 II analog, 43, 61 VwGO; Gemeindeordnungen";;1;Schema;5;2;;16.0;Feststellungsklage: Rechtsverhältnis und Subsidiarität + Allgemeine Leistungsklage: Gegen Äußerungen, Lärm und Realakte;"Band 2 › 35.4 Kommunalverfassungsstreit; Einzelprobleme 9.13 Kommunalverfassungsstreit";Länder: Gemeindeordnungen unterschiedlich (z. B. Art. 21 BayGO, § 8 GO NRW, § 10 GemO BW) – Zuschnitt: Art. 28 II GG + Normtabelle als Overlay
570;4;190;34;Fr;2. Examen;2. Examen;ZV;Sicherungseigentum und Vorbehalt: § 771 oder § 805 ZPO?;Die Bank hat sich den Firmen-Lkw sicherungsübereignen lassen, nun lässt ihn ein anderer Gläubiger des Unternehmers pfänden.;Kann der Sicherungseigentümer nach § 771 intervenieren oder nur vorzugsweise Befriedigung verlangen, und wie ist die Lage beim Vorbehaltsverkäufer?;"§§ 771, 805 ZPO; §§ 449, 930 BGB";h.M./BGH: Sicherungseigentümer grundsätzlich interventionsberechtigt nach § 771 ZPO;2;Sonderlage;4;2;ja;13.0;Drittwiderspruchsklage: Wenn fremde Sachen gepfändet werden;"Band 4 – 16.14 Vorbehalts- und Sicherungseigentum bei § 771 ZPO; Band 14 – 48. (Sicherungsübereignung)";stabil
571;4;191;35;Mo;Der Fall;Zivilrecht;Schuldrecht AT;Automatische Vertragsverlängerung: Was gilt seit 2022?;Dein Handy- oder Fitnessvertrag soll sich automatisch um ein weiteres Jahr verlängern.;Welche Laufzeit-, Verlängerungs- und Kündigungsklauseln sind gegenüber Verbrauchern zulässig und was verlangt der Kündigungsbutton?;§§ 309 Nr. 9, 312k BGB;;1+2;Alltagsfall;3;5;;14.5;AGB-Kontrolle in sieben Schritten: So prüfst du das Kleingedruckte;Band 11 – 7. Form, Verbotsgesetz, Sittenwidrigkeit, AGB und Verbraucherschutz – AGB-Kontrolle;Gesetz für faire Verbraucherverträge: § 309 Nr. 9 BGB n.F. seit 1.3.2022, § 312k BGB seit 1.7.2022
572;4;191;35;Mi;Examenswissen;Strafrecht;StGB BT;Rechtsfolgenlösung: Wenn „lebenslang“ unverhältnismäßig wäre;Ein Mann tötet nach Jahren massiver Bedrohung seinen Peiniger aus dem Hinterhalt – muss zwingend lebenslange Freiheitsstrafe folgen?;Wie begrenzen Rechtsprechung (Rechtsfolgenlösung) und Literatur (Typenkorrektur, Vertrauensbruch) die Heimtücke?;§§ 211, 49 I StGB;BGHSt 30, 105 (GS);1;Streitstand;4;3;ja;15.0;Heimtücke: arglos, wehrlos – und was ist mit Schlafenden?;Band 19 › Verwerflicher Vertrauensbruch bei Heimtücke;"Reformdiskussion zu §§ 211 ff. StGB (Expertengruppe 2015); Gesetzesstand vor Veröffentlichung prüfen."
573;4;191;35;Fr;Klausurpraxis;Öffentliches Recht;Polizei- und Ordnungsrecht;Platzverweis und Aufenthaltsverbot: Aus der Stadt verbannt?;Ein Dealer darf drei Monate lang das Bahnhofsviertel nicht betreten.;Platzverweis vs. Aufenthaltsverbot, Art. 11 GG und Zitiergebot, Gesetzgebungskompetenz, Verhältnismäßigkeit.;"Landes-PolG; Art. 11 II GG";;1;Abgrenzung;4;5;;15.5;Polizeirecht-Schema: Standardmaßnahme vor Generalklausel;"Band 2 › 27.4; Band 12 › 13. › Art. 11";Länder: Befugnisnormen je PolG/SOG/OBG (z. B. § 8 PolG NRW, Art. 11 PAG, § 11 HSOG) – Zuschnitt: bundeseinheitliche Dogmatik, Landesnormen als Overlay-Tabelle
574;4;192;36;Mo;Der Fall;Zivilrecht;Schuldrecht AT;Drei Nächte probegeschlafen: Widerruf der Matratze und Wertersatz;Du schläfst drei Nächte auf der online bestellten Matratze und widerrufst dann.;Schließt die Hygieneausnahme den Widerruf aus und wann schuldet der Verbraucher Wertersatz für Benutzung?;§§ 312g II Nr. 3, 355, 357a BGB;"EuGH, Urt. v. 27.3.2019 – C-681/17 (slewo); BGH, Urt. v. 3.11.2010 – VIII ZR 337/09";1;Alltagsfall;3;5;;14.5;Widerruf im Onlinehandel: 14 Tage und die Ausnahmen;Band 11 – 7. Form, Verbotsgesetz, Sittenwidrigkeit, AGB und Verbraucherschutz – Verbrauchervertrag und Widerruf;Rechtsfolgen des Widerrufs seit 28.5.2022 in §§ 357 ff., 357a BGB n.F.
575;4;192;36;Mi;Examenswissen;Strafrecht;StGB BT;Sachwerttheorie: Das Sparbuch und das Pfand;Eine Mitbewohnerin nimmt das Sparbuch der anderen, hebt 500 Euro ab und legt es zurück.;Kann sich die Zueignungsabsicht auf den in der Sache verkörperten Wert richten (Sachsubstanz-, Sachwert-, Vereinigungstheorie)?;§§ 242, 263 StGB;;1;Streitstand;4;3;ja;15.0;Diebstahl § 242: Das Prüfungsschema;13.1 Zueignungsabsicht: Sachwerttheorie;
576;4;192;36;Fr;2. Examen;2. Examen;VwGO-Praxis;Beiladung: Einfach, notwendig – und was passiert, wenn sie fehlt;Ein Konkurrent klagt gegen die einem anderen Taxiunternehmer erteilte Genehmigung, und der weiß nichts vom Prozess.;Wann muss beigeladen werden, welche Rechtsstellung hat der Beigeladene, und welche Folgen hat eine unterlassene notwendige Beiladung?;§§ 63 Nr. 3, 65, 66, 121 Nr. 1, 154 III, 162 III VwGO;—;2;Schema;4;2;ja;13.0;;"Band 5 – 13. Beiladung, § 65 VwGO (13.1–13.3); 17.3 Beiladung, § 65 VwGO";stabil
577;4;193;37;Mo;Der Fall;Zivilrecht;Schuldrecht AT;Die Button-Lösung: „Weiter“ geklickt – trotzdem gekauft?;Der Bestellknopf heißt nur „Weiter“ – und trotzdem kommt eine Rechnung über ein Jahresabo.;Kommt ein Verbrauchervertrag im elektronischen Geschäftsverkehr zustande, wenn die Schaltfläche nicht eindeutig auf die Zahlungspflicht hinweist?;§ 312j III, IV BGB;;1;Alltagsfall;3;5;;14.5;Widerruf im Onlinehandel: 14 Tage und die Ausnahmen;2.5 Schweigen und Vertragsschluss im Internet;"Button-Lösung § 312j BGB; ergänzend Kündigungsbutton § 312k BGB seit 1.7.2022"
578;4;193;37;Mi;Examenswissen;Öffentliches Recht;Staatsorganisationsrecht;Die fünf Wahlrechtsgrundsätze: Was macht eine Wahl demokratisch?;Im Pflegeheim füllt eine Pflegerin die Briefwahlzettel der Bewohner aus, und das Rathaus wirbt am Wahltag für die Regierungspartei.;Allgemeinheit, Unmittelbarkeit, Freiheit, Gleichheit, Geheimheit sowie Öffentlichkeit der Wahl – je mit Verstoßbeispiel.;"Art. 38 I 1, 28 I 2 GG; BWahlG";BVerfGE 123, 39 (Wahlcomputer);1;Schema;4;4;;14.0;;Band 12 › 3. Wahlrecht und Parteienrecht › Wahlrechtsgrundsätze;
579;4;193;37;Fr;Klausurpraxis;Strafrecht;StGB BT;Körperverletzung im Amt: Wann wird Polizeigewalt strafbar?;Ein Polizist schlägt einem bereits gefesselten Festgenommenen ins Gesicht, weil dieser ihn beleidigt hat.;Wann ist unmittelbarer Zwang gerechtfertigt und wann greift § 340 StGB?;"§§ 340, 223 StGB; Polizeigesetze";;1;Alltagsfall;3;5;;15.0;Körperverletzung § 223: Ohrfeige, Haare ab, Spucke + Rechtfertigender Notstand § 34: Einbruch in die Berghütte;37.5 Amtsdelikte;
580;4;194;38;Mo;Der Fall;Zivilrecht;Kaufrecht;Der kranke Welpe vom Züchter: Tierkauf im Gewährleistungsrecht;Drei Monate nach dem Kauf wird beim Welpen eine Hüftdysplasie festgestellt.;Wie wird das Kaufrecht auf Tiere angewendet (Mangel, Nacherfüllung, Tierarztkosten) und welche Vermutungsfrist gilt?;§§ 90a, 434, 437, 477 I 2 BGB;;1;Alltagsfall;3;5;;14.5;Akku nach zehn Monaten tot: Wer muss was beweisen?;14.2 Rechte des Kaeufers nach § 437 BGB;§ 477 I 2 BGB: bei lebenden Tieren Vermutung nur sechs Monate
581;4;194;38;Mi;Examenswissen;Öffentliches Recht;Staatsorganisationsrecht;Wahlrechtsreform: Warum der Wahlkreissieger nicht mehr sicher einzieht;Kandidatin K gewinnt ihren Wahlkreis deutlich – und sitzt trotzdem nicht im Bundestag.;Zweitstimmendeckung, Wegfall von Überhang- und Ausgleichsmandaten, Sperrklausel und Grundmandatsklausel am Maßstab der Wahl- und Chancengleichheit.;"Art. 38 I 1, 21 I GG; §§ 4, 6 BWahlG";BVerfG, Urt. v. 30.07.2024 – 2 BvF 1/23 u.a. (Wahlrechtsreform 2023);1;Streitstand;4;5;;15.5;Die fünf Wahlrechtsgrundsätze: Was macht eine Wahl demokratisch?;Band 12 › 3. Wahlrecht und Parteienrecht (Ergänzung);Hoch: BWahlG 2023, BVerfG 2024 (Grundmandatsklausel bis zur Neuregelung fortgeltend), Reformdebatte 2025/26 – aktuellen BWahlG-Stand prüfen
582;4;194;38;Fr;2. Examen;2. Examen;Klausurtechnik;Urteilsstil statt Gutachtenstil: Der Stilwechsel im 2. Examen;Deine Entscheidungsgründe beginnen mit „Fraglich ist, ob …“ – und der Korrektor streicht die ganze Seite an.;Wie unterscheiden sich Gutachten-, Urteils-, Bescheid- und Schriftsatzstil, und wie formuliert man Obersätze im Urteilsstil?;"§ 313 III ZPO; § 117 II Nr. 5 VwGO";—;2;Formulierung;5;2;;13.0;;"Band 5 – 36. Entscheidungsstil: Gutachtenstil versus Urteilsstil; Band 4 – 41.6 Entscheidungsgruende im Urteilsstil; Band 20 – Entscheidungsgründe im Urteilsstil";stabil
583;4;195;39;Mo;Der Fall;Strafrecht;StGB BT;Gaffer am Unfallort: Filmen statt helfen ist strafbar;Nach einem schweren Autobahnunfall filmen Autofahrer die Verletzten und behindern dabei die Rettungskräfte.;Welche Tatbestände erfassen Gaffen, Filmen und Behindern von Helfern?;§§ 323c II, 201a I Nr. 2, 3, 115 III StGB;;1;Alltagsfall;3;5;;15.0;Unterlassene Hilfeleistung: Muss ich jedem helfen?;29.2 Echte Unterlassungsdelikte (§ 201a als Ergänzung, in der Quelle nicht behandelt);"§ 323c II seit 2017; § 201a I Nr. 3 (Bildaufnahmen Verstorbener) seit 2021 – aktuelle Fassung prüfen."
584;4;195;39;Mi;Examenswissen;Zivilrecht;Arbeitsrecht;Arbeitnehmer oder selbstständig? Der Test des § 611a BGB;Die Fahrradkurierin hat eine „eigene Firma“ – arbeitet aber nur für eine einzige App.;Nach welchen Kriterien (Weisungsbindung, Eingliederung, persönliche Abhängigkeit) ist jemand Arbeitnehmer?;§ 611a BGB;BAG, Urt. v. 1.12.2020 – 9 AZR 102/20 (Crowdworker);1+2;Abgrenzung;4;5;;15.5;Werkvertrag oder Dienstvertrag? Erfolg vs. Tätigkeit;28. Arbeitsrecht;
585;4;195;39;Fr;Methodik;Methodik;Auslegung;Teleologische Reduktion: Wenn das Gesetz zu viel sagt;Der Wortlaut passt – aber das Ergebnis wäre absurd.;Voraussetzungen und Abgrenzung zur restriktiven Auslegung;;;1+2;Methodik;4;2;;11.0;;1.2 Auslegung, Analogie und teleologische Reduktion;
586;4;196;40;Mo;Der Fall;Öffentliches Recht;Kommunalrecht;Weihnachtsmarkt: Wer bekommt den Standplatz?;Zum zehnten Mal bekommt derselbe Glühweinstand den besten Platz – ein Neuling geht leer aus.;Kapazitätserschöpfung, transparentes und sachgerechtes Auswahlverfahren, 'bekannt und bewährt' vs. Rotation, Konkurrentenrechtsschutz.;"§ 70 GewO; Gemeindeordnungen; Art. 3 I, 12 I GG";;1;Alltagsfall;4;4;;15.0;Stadthalle für alle? Der Anspruch auf Zulassung + Einstweilige Anordnung nach § 123: Schnell etwas bekommen;Band 12 › 32. › Öffentliche Einrichtungen (Kapazitätsmangel);Länder/Satzungen: Vergaberichtlinien unterschiedlich
587;4;196;40;Mi;Examenswissen;Strafrecht;StGB BT;Hausfriedensbruch: Hausverbot im Supermarkt;Ein Mann mit Hausverbot betritt während der Öffnungszeiten eine Supermarktfiliale – ein anderer betritt sie nur, um zu stehlen.;Wann „dringt“ man trotz genereller Zutrittserlaubnis ein und was bewirkt ein Hausverbot?;§ 123 StGB;;1;Alltagsfall;3;5;;15.0;;Band 13 › 18. › § 123;
588;4;196;40;Fr;Klausurpraxis;Zivilrecht;Arbeitsrecht;Gelogen im Vorstellungsgespräch: Gibt es ein Recht zur Lüge?;Die Bewerberin verneint die Frage nach einer Schwangerschaft – obwohl sie schwanger ist.;Welche Fragen sind unzulässig, wann besteht ein „Recht zur Lüge“ und scheidet dann die Anfechtung nach § 123 BGB aus?;"§ 123 BGB; §§ 1, 7 AGG";EuGH, Urt. v. 4.10.2001 – C-109/00 (Tele Danmark);1;Streitstand;4;5;;15.5;Angefochtener Arbeitsvertrag: Bekommt man trotzdem Lohn?;Band 11 – 40. Arbeitsrecht – Fehlerhaftes Arbeitsverhältnis;
589;4;197;41;Mo;Der Fall;Öffentliches Recht;Staatshaftungsrecht;Unbeteiligt und trotzdem betroffen: Entschädigung für Nichtstörer;Die Polizei nimmt dein Auto in Anspruch, um einen Schwerverletzten in die Klinik zu bringen – danach ist der Sitz ruiniert.;Landesrechtliche Entschädigung Nichtverantwortlicher (und teils bei rechtswidrigen Maßnahmen), Umfang, Anscheinsstörer, Rechtsweg.;Landes-PolG/OBG (Entschädigungsnormen);;1;Alltagsfall;4;4;;15.0;Polizeilicher Notstand: Muss ein Vermieter Obdachlose aufnehmen?;"Band 2 › 29.7 Landesrechtliche Entschaedigungsansprueche; Einzelprobleme 9.12 Polizei- und ordnungsrechtliche Entschädigung";Länder: Entschädigungsnormen stark unterschiedlich – Zuschnitt: gemeinsame Struktur plus Normtabelle
590;4;197;41;Mi;Examenswissen;Zivilrecht;Arbeitsrecht;Brand, Stromausfall, Lockdown: Wer trägt das Betriebsrisiko?;Nach einem Brand in der Fabrikhalle kann wochenlang niemand arbeiten.;Wann trägt der Arbeitgeber das Betriebsrisiko (§ 615 S. 3 BGB) und warum gilt das nicht bei allgemeinen behördlichen Schließungen?;§ 615 S. 3 BGB;BAG, Urt. v. 13.10.2021 – 5 AZR 211/21;1;Streitstand;4;5;;15.5;Nach Hause geschickt: Ohne Arbeit kein Lohn?;7.1 Betriebsrisiko, § 615 S. 3 BGB;
591;4;197;41;Fr;Methodik;Methodik;Auslegung;Verfassungskonforme Auslegung einfach erklärt;Ein Gesetz lässt zwei Lesarten zu – eine davon wäre verfassungswidrig.;Grenzen und Vorrang verfassungskonformer Auslegung;;;1+2;Methodik;4;2;;11.0;;B. Examensmethodik als eigener Pflichtstoff;
592;4;198;42;Mo;Der Fall;Strafrecht;StGB BT;Graffiti und Farbe: Wann ist das Sachbeschädigung?;Klimaaktivisten besprühen eine Hausfassade mit abwaschbarer Farbe – andere malen mit Kreide auf den Gehweg.;Substanzverletzung, Brauchbarkeitsminderung, Veränderung des Erscheinungsbildes – wann greifen § 303 I, II und § 304?;§§ 303, 304 StGB;;1;Alltagsfall;3;5;;15.0;;"33.1 Sachbeschaedigung, § 303 StGB; Band 13 › 18. › § 303";
593;4;198;42;Mi;Examenswissen;Zivilrecht;Familienrecht;Haus ohne Zustimmung verkauft: Verfügung über das ganze Vermögen;Der Ehemann verkauft das Haus – sein einziges Vermögen –, ohne seine Frau zu fragen.;Wann erfasst § 1365 BGB auch Einzelgegenstände (Einzeltheorie, subjektive Theorie, Schwellenwerte) und bleiben Gegenleistung oder bloße Belastung außer Betracht?;§§ 1365, 1366, 1368 BGB;"BGHZ 35, 135; BGHZ 77, 293";1;Streitstand;4;5;;15.5;;7.5 § 1365 BGB - Einzelgegenstandstheorie;
594;4;198;42;Fr;2. Examen;2. Examen;ZPO;Der perfekte Tenor: Zinsen, Zug um Zug, Annahmeverzug;Der Käufer soll 14.000 Euro nebst Zinsen zahlen, aber nur gegen Übergabe des reparierten Wagens.;Wie formuliert man einen vollstreckungsfähigen Leistungstenor mit Zinsen, Zug-um-Zug-Einschränkung und Feststellung des Annahmeverzugs?;"§§ 253 II Nr. 2, 308, 756, 765 ZPO; §§ 288, 291, 322 BGB";—;2;Formulierung;5;1;;11.5;;"Band 4 – 41.2 Tenor zur Hauptsache; 14.2 Hauptsachetenor; Band 14 – 2. (Tenor Hauptsache)";stabil
595;4;199;43;Mo;Der Fall;Öffentliches Recht;Staatsorganisationsrecht;Bundesrat: Was gilt, wenn ein Land 'Ja' und 'Nein' zugleich sagt?;Bei einer Abstimmung ruft ein Landesminister 'Ja', seine Kollegin 'Nein' – der Präsident wertet es als Zustimmung.;Einheitliche Stimmabgabe (Art. 51 III 2 GG), Stimmführer, Nachfragerecht des Präsidenten, Trennung von landesinternen Bindungen.;Art. 51 III, 78 GG;BVerfGE 106, 310 (Zuwanderungsgesetz);1;Klassiker-Fall;4;2;ja;14.5;Wie ein Bundesgesetz entsteht: Formelle Verfassungsmäßigkeit prüfen;"Einzelprobleme 10.2 Bundesrat: einheitliche Stimmabgabe; Band 18 › Uneinheitliche Stimmabgabe im Bundesrat";
596;4;199;43;Mi;Examenswissen;Strafrecht;StGB BT;Luft aus den Reifen lassen: Sachbeschädigung?;Ein Mann lässt aus Ärger die Luft aus allen vier Reifen eines Wagens, der seine Einfahrt zuparkt.;Genügt eine vorübergehende Beeinträchtigung der Brauchbarkeit ohne Substanzverletzung?;§ 303 I StGB;;1;Alltagsfall;3;5;;15.0;Graffiti und Farbe: Wann ist das Sachbeschädigung?;33.1 Sachbeschaedigung, § 303 StGB;
597;4;199;43;Fr;Klausurpraxis;Zivilrecht;Familienrecht;Trennung ohne Trauschein: Muss der Ex das Geld fürs Haus zurückgeben?;Sie hat 50.000 Euro in den Ausbau seines Hauses gesteckt – dann trennt sich das Paar.;Welche Ausgleichsansprüche bestehen nach Scheitern einer nichtehelichen Lebensgemeinschaft (Gesellschaft, § 812 I 2 Alt. 2, § 313 BGB)?;§§ 705, 313, 812 I 2 Alt. 2 BGB;BGHZ 177, 193;1;Streitstand;4;5;;15.5;Geld für die Hochzeit, die nie stattfand: Zweckverfehlungskondiktion;Ausgleich nach Beendigung nichtehelicher Lebensgemeinschaft;
598;4;200;44;Mo;Der Fall;Strafrecht;StGB BT;Containern: Ist Essen aus dem Supermarktmüll Diebstahl?;Zwei Studentinnen holen nachts weggeworfene Lebensmittel aus einem verschlossenen Supermarkt-Container.;Sind die Lebensmittel noch fremd, liegt eine Wegnahme vor und darf der Staat das bestrafen?;§§ 242, 248a StGB;BVerfG, Beschl. v. 5.8.2020 – 2 BvR 1985/19;1;Alltagsfall;3;5;;15.0;Diebstahl § 242: Das Prüfungsschema;16.1 Diebstahl § 242 StGB;Entkriminalisierungsvorschläge (RiStBV/Gesetzesinitiativen seit 2023) – aktuellen Stand prüfen.
599;4;200;44;Mi;Examenswissen;Öffentliches Recht;Polizei- und Ordnungsrecht;Alkohol- und Messerverbotszonen: Reicht eine abstrakte Gefahr?;Die Stadt verbietet per Verordnung jeden Alkoholkonsum auf dem Marktplatz nach 22 Uhr.;"Gefahrenabwehrverordnung (abstrakte Gefahr) vs. Allgemeinverfügung (konkrete Gefahr); Kausalität Alkohol–Gewalt; Waffenverbotszonen.";"Landes-PolG/OBG (Verordnungsermächtigung); § 42 V, VI WaffG";VGH Mannheim, Urt. v. 28.07.2009 – 1 S 2200/08 (Alkoholverbot Freiburg);1;Abgrenzung;4;5;;15.5;Konkrete Gefahr: Wie wahrscheinlich muss der Schaden sein?;Band 12 › 27. › Gefahrbegriffe (abstrakte Gefahr für Verordnungsrecht);"Hoch: WaffG-Änderungen (Sicherheitspaket 2024, Messerverbote) prüfen; Länder: Verordnungsermächtigungen"
600;4;200;44;Fr;2. Examen;2. Examen;ZPO;Zinsen und Anwaltskosten: Die Nebenforderungen, die Punkte kosten;Der Kläger verlangt neben dem Kaufpreis Verzugszinsen ab Rechnungsdatum und 650 Euro vorgerichtliche Anwaltskosten.;Wie begründet man Verzugs- und Prozesszinsen sowie vorgerichtliche Anwaltskosten als Verzugsschaden eigenständig?;"§§ 280 I, II, 286, 288, 291 BGB; Vorbem. 3 IV VV RVG";BGH st. Rspr. zur hälftigen Anrechnung der Geschäftsgebühr;2;Klausurfehler;4;3;;12.5;Der perfekte Tenor: Zinsen, Zug um Zug, Annahmeverzug;"Band 4 – 16. Entscheidungsgruende; 28. Praktische Endkontrolle der Zivilklausur";stabil
601;4;201;45;Mo;Der Fall;Zivilrecht;Arbeitsrecht;Stellenabbau: Wen trifft die betriebsbedingte Kündigung?;Die Firma baut 20 Stellen ab – warum trifft es eher die Jüngeren ohne Kinder?;Welche Voraussetzungen hat eine betriebsbedingte Kündigung und wie läuft die Sozialauswahl (§ 1 III KSchG)?;§ 1 II, III KSchG;;1+2;Schema;4;5;;15.5;Ohne Grund gekündigt? So schützt das Kündigungsschutzgesetz;Band 11 – 40. Arbeitsrecht – Kündigung;
602;4;201;45;Mi;Examenswissen;Strafrecht;StGB BT;Autobumser: Unfall inszenieren für die Versicherung;Ein Fahrer bremst im Stadtverkehr grundlos stark ab, provoziert Auffahrunfälle und kassiert bei den Versicherungen.;Betrug gegenüber der Versicherung, Versicherungsmissbrauch und gefährlicher Eingriff in den Straßenverkehr?;§§ 263, 265, 315b StGB;;1;Alltagsfall;3;5;;15.0;Betrug § 263: Das Prüfungsschema + Steine von der Autobahnbrücke: § 315b;Band 13 › 15. › Besondere Fallgruppen;
603;4;201;45;Fr;Klausurpraxis;Öffentliches Recht;Staatsorganisationsrecht;Schuldenbremse: Warum 60 Milliarden plötzlich fehlten;Die Regierung schiebt ungenutzte Corona-Kredite in einen Klimafonds – Karlsruhe stoppt das.;"Art. 109 III, 115 II GG: Notlagenkredite, Veranlassungszusammenhang, Jährlichkeit und Jährigkeit; Reform 2025.";Art. 109, 115, 143h GG;BVerfG, Urt. v. 15.11.2023 – 2 BvF 1/22 (Zweites Nachtragshaushaltsgesetz 2021);1;Alltagsfall;3;5;;14.5;;Band 12 › 1. › Bundesstaat (Ergänzung Finanzverfassung);Hoch: GG-Änderung 2025 (Verteidigungsausnahme, Sondervermögen Infrastruktur, Spielraum der Länder) – Normstand prüfen
604;4;202;46;Mo;Der Fall;Zivilrecht;Familienrecht;Schlüsselgewalt: Haftet dein Ehepartner für deine Einkäufe?;Der Ehemann bestellt eine neue Waschmaschine – der Händler will das Geld von der Ehefrau.;Wann berechtigen und verpflichten Geschäfte eines Ehegatten nach § 1357 BGB auch den anderen?;§ 1357 BGB;;1;Schema;4;5;;15.5;Stellvertretung in drei Schritten: Wann bindet der Vertreter den Chef?;29. Familienrecht;
605;4;202;46;Mi;Examenswissen;Strafrecht;StGB BT;Phishing: Wer haftet für das leergeräumte Konto?;"Nach einer gefälschten Bank-SMS gibt ein Kunde seine Zugangsdaten ein; Unbekannte überweisen 4.000 Euro weg.";Welche Delikte verwirklichen Phisher (§§ 263a, 269, 202a) und wer ist als Kontoinhaber für die Weiterleitung verantwortlich?;§§ 263a, 269, 202a, 261 StGB;;1;Alltagsfall;3;5;;15.0;Fremde Karte am Geldautomaten: Computerbetrug § 263a;Band 13 › 16. › § 263a;
606;4;202;46;Fr;Klausurpraxis;Öffentliches Recht;Grundrechte;Burkini-Urteil: Muss eine Schülerin zum Schwimmunterricht?;Eine Schülerin will aus religiösen Gründen nicht am gemischten Schwimmunterricht teilnehmen.;"Staatlicher Erziehungsauftrag (Art. 7 I GG) vs. Glaubensfreiheit; Burkini als Mittel praktischer Konkordanz.";Art. 4 I, II, 6 II, 7 I GG;BVerwG, Urt. v. 11.09.2013 – 6 C 25.12 (Burkini);1;Alltagsfall;3;5;;14.5;Vorbehaltlose Grundrechte: Wo endet die Kunst- und Glaubensfreiheit?;Band 12 › 12. › Art. 7;
607;4;203;47;Mo;Der Fall;Zivilrecht;Erbrecht;Ein Viertel oder die Hälfte? Das Erbrecht des Ehegatten;Die Witwe erbt neben zwei Kindern – aber wie viel genau?;Wie hoch ist der Erbteil des Ehegatten nach § 1931 BGB und wie erhöht ihn die Zugewinngemeinschaft (§ 1371 I BGB)?;§§ 1931, 1371 BGB;;1+2;Schema;4;5;;15.5;Kein Testament: Wer erbt nach der gesetzlichen Erbfolge?;30.1 Erbfolge und Verfuegungen von Todes wegen;
608;4;203;47;Mi;Examenswissen;Strafrecht;StGB BT;Wer ist gefahren? Die Lüge nach dem Blitzerfoto;Eine Halterin behauptet nach einem Blitzerfoto, ein inzwischen im Ausland lebender Bekannter sei gefahren, um ihren Sohn zu schützen.;Strafvereitelung bei Ordnungswidrigkeiten? Falsche Verdächtigung oder Vortäuschen einer Straftat?;"§§ 145d, 164, 258 StGB; OWiG";;1;Alltagsfall;3;5;;15.0;Strafvereitelung: Das falsche Alibi;36.2 Falsche Verdaechtigung und Vortaeuschen einer Straftat;
609;4;203;47;Fr;2. Examen;2. Examen;VwGO-Praxis;Der perfekte Bescheid: Verfügungssatz, Begründung, Sofortvollzug;Du sollst als Behörde einem Eigentümer aufgeben, einen einsturzgefährdeten Schuppen binnen zwei Wochen abzureißen.;Wie formuliert man einen bestimmten Verfügungssatz, trennt Grundverfügung, Sofortvollzug und Zwangsmittelandrohung und begründet das Ermessen?;"§§ 28, 37, 39, 41 VwVfG; § 80 II 1 Nr. 4, III VwGO";—;2;Formulierung;4;2;;11.0;§ 80 III VwGO: Wenn der Sofortvollzug nur mit Floskeln begründet ist;"Band 5 – 25. Ausgangsbescheid und sonstige Verwaltungsentscheidung (25.1, 25.3); 40. Muster-Prüfungsprogramm für die Behördenklausur; Band 14 – 9. (Ausgangsbescheid)";stabil
610;4;204;48;Mo;Der Fall;Zivilrecht;Erbrecht;Erbst du auch die Schulden? Universalsukzession und Ausschlagung;Die Tante hinterlässt ein Haus – und 200.000 Euro Schulden.;Was geht nach § 1922 BGB auf den Erben über, wie und wann kann er ausschlagen (§§ 1942 ff. BGB) und wie beschränkt er notfalls die Haftung auf den Nachlass (§§ 1975, 1990 BGB)?;§§ 1922, 1942–1954, 1967 BGB;;1+2;Schema;4;5;;15.5;Kein Testament: Wer erbt nach der gesetzlichen Erbfolge?;Band 11 – 42. Erbrecht – Annahme, Ausschlagung, Erbengemeinschaft;
611;4;204;48;Mi;Examenswissen;Öffentliches Recht;Grundrechte;Rundfunkbeitrag: Warum du zahlst, auch wenn du nie schaust;Du hast weder Fernseher noch Radio – und trotzdem kommt Post vom Beitragsservice.;Rundfunkfreiheit als dienende Freiheit, Beitrag als Vorzugslast, Art. 3 I GG (Zweitwohnung), Beitragsfestsetzung.;"Art. 5 I 2, 3 I GG; RBStV; MStV";"BVerfGE 149, 222 (Rundfunkbeitrag); BVerfG, Beschl. v. 20.07.2021 – 1 BvR 2756/20 u.a. (Beitragsanpassung)";1;Alltagsfall;3;5;;14.5;Gleichheitssatz: Willkürformel, Neue Formel und strenge Prüfung;Band 2 › 32.8 (Rundfunkfreiheit);Hoch: Reformstaatsvertrag 2025, Verfahren zur Beitragshöhe – Stand prüfen
612;4;204;48;Fr;Klausurpraxis;Strafrecht;StGB BT;Geldwäsche: Die Falle für Finanzagenten;Ein Student lässt über sein Konto Geld von Fremden laufen und überweist es gegen Provision ins Ausland weiter.;Wann ist das leichtfertige Verkennen der Herkunft strafbar – und was bedeutet der All-Crimes-Ansatz?;§ 261 StGB;;1;Alltagsfall;3;5;;15.0;Hehlerei: Das verdächtig billige E-Bike;Band 13 › 17. › Geldwäsche;§ 261 StGB seit 2021 ohne Vortatenkatalog (All-Crimes) – aktuelle Fassung prüfen.
613;4;205;49;Mo;Der Fall;Zivilrecht;Erbrecht;„Mein Haus bekommt Peter“: Erbe oder Vermächtnis?;Im Testament steht nur: „Mein Haus bekommt Peter, das Auto meine Nichte.“;Wie werden Testamente ausgelegt (wirklicher Wille, Andeutungstheorie) und wie grenzt man Erbeinsetzung und Vermächtnis ab (§ 2087 BGB)?;§§ 133, 2084, 2087 BGB;BGHZ 86, 41;1;Streitstand;4;5;;15.5;Am Computer getippt, unterschrieben: Ist das Testament gültig?;7.7 Testament: Auslegung vor Anfechtung;
614;4;205;49;Mi;Examenswissen;Öffentliches Recht;Grundrechte;Homeschooling: Dürfen Eltern ihre Kinder selbst unterrichten?;Ein Elternpaar hält die Schule für schädlich und will die Kinder zu Hause unterrichten.;"Elternrecht (Art. 6 II GG) vs. staatlicher Erziehungsauftrag (Art. 7 I GG); Integration als Gemeinwohlbelang; Schulpflicht.";Art. 4 I, 6 II, 7 I GG;"BVerfG (K), Beschl. v. 31.05.2006 – 2 BvR 1693/04; EGMR, Urt. v. 10.01.2019 – 18925/15 (Wunderlich)";1;Alltagsfall;3;5;;14.5;Grundrechtsprüfung: Schutzbereich, Eingriff, Rechtfertigung;"Band 12 › 12. › Art. 6; Art. 7";Länder: Schulpflichtregeln je Schulgesetz
615;4;205;49;Fr;2. Examen;2. Examen;ZPO;Urkunde und Gutachten: Was sie beweisen – und was nicht;Der Kläger legt eine unterschriebene Quittung vor, doch der Beklagte behauptet, das Geld sei nie geflossen.;Reicht die formelle Beweiskraft einer Privaturkunde für die inhaltliche Richtigkeit, und wie würdigt das Gericht ein Sachverständigengutachten kritisch?;§§ 415–419, 440, 402 ff., 412 ZPO;—;2;Sonderlage;4;3;;12.5;Zeugen würdigen wie ein Richter: Glaubhaftigkeit statt Floskeln;"Band 4 – 31.3 Urkundenbeweis; 31.4 Sachverstaendigenbeweis; 16.10 Zeugen-, Urkunden- und Sachverständigenbeweis in der Klausur";stabil
616;4;206;50;Mo;Der Fall;Strafrecht;StGB BT;Fake-Account unter fremdem Namen: § 269;Ein Mann eröffnet unter Namen und Adresse seines Nachbarn ein Kundenkonto in einem Onlineshop und bestellt Waren.;Warum ist das Anlegen digitaler Daten keine Urkunde, aber „Fälschung beweiserheblicher Daten“?;§§ 269, 263 StGB;;1;Alltagsfall;3;5;;15.0;Was ist eine Urkunde? Die gefälschte Entschuldigung;Band 13 › 19. › Urkundenbegriff (Ergänzung § 269);
617;4;206;50;Mi;Examenswissen;Zivilrecht;Erbrecht;Enterbt – und trotzdem nicht leer ausgegangen: Der Pflichtteil;Der Vater setzt nur seine neue Frau als Erbin ein – die Kinder aus erster Ehe sollen nichts bekommen.;Wer ist pflichtteilsberechtigt, wie hoch ist der Pflichtteil (§ 2303 BGB) und welche Auskunftsansprüche bestehen?;§§ 2303, 2314, 2333 BGB;;1+2;Schema;4;5;;15.5;Kein Testament: Wer erbt nach der gesetzlichen Erbfolge?;7.11 Pflichtteil;
618;4;206;50;Fr;Klausurpraxis;Öffentliches Recht;Grundrechte;Mietpreisbremse: Darf der Staat deine Miete deckeln?;Eine Vermieterin darf bei Neuvermietung nur 10 % über der ortsüblichen Vergleichsmiete verlangen.;Inhaltsbestimmung des Eigentums, Gestaltungsspielraum, Art. 3 I GG bei regionaler Anknüpfung, Vertragsfreiheit.;"Art. 14 I, 3 I, 2 I GG; §§ 556d ff. BGB";BVerfG, Beschl. v. 18.07.2019 – 1 BvL 1/18 u.a. (Mietpreisbremse);1;Alltagsfall;3;5;;14.5;Enteignung oder Inhaltsbestimmung? Der Nassauskiesungsbeschluss + Mietendeckel: Warum Berlin das nicht allein regeln durfte;"Band 12 › 14. › Art. 14 Schutzbereich; Inhalts- und Schrankenbestimmung";Mittel: Verlängerung der Mietpreisbremse – Geltungsdauer prüfen
619;4;207;51;Mo;Der Fall;Strafrecht;StGB BT;Betrunken auf Fahrrad oder E-Scooter;Eine Studentin fährt nach der Party mit 1,3 Promille auf dem E-Scooter nach Hause.;Welche Grenzwerte gelten für Radfahrer und E-Scooter und warum?;"§ 316 StGB; § 24a StVG; eKFV";;1+2;Alltagsfall;3;5;;15.0;Trunkenheit im Verkehr: 0,3 – 0,5 – 1,1 – 1,6 Promille;Band 13 › 21. › BAK und § 316;"Grenzwerte für E-Scooter/Pedelecs richterrechtlich; Diskussion um Radfahrer-Grenzwert – aktuelle Rspr. prüfen."
620;4;207;51;Mi;Examenswissen;Zivilrecht;Bereicherungsrecht;Saldotheorie: Wie werden nichtige Kaufverträge rückabgewickelt?;Der Kauf eines Gemäldes wird angefochten – das Bild ist inzwischen beschädigt.;Wie werden gegenseitige Kondiktionen verrechnet und wo endet die Saldotheorie (Minderjährige, arglistig Getäuschte)?;§§ 812, 818 III BGB;BGHZ 53, 144;1;Streitstand;5;2;ja;15.0;„Das Geld ist schon weg!“ – Entreicherung nach § 818 III BGB;5.5 Saldotheorie;
621;4;207;51;Fr;2. Examen;2. Examen;ZPO;Urkundenprozess: Schnell zum Titel mit dem Vorbehaltsurteil;Ein Vermieter will rückständige Miete schnell titulieren, obwohl der Mieter Mängel an der Heizung behauptet.;Wann ist der Urkundenprozess statthaft, welche Beweismittel sind zugelassen, und wie verhalten sich Vorbehaltsurteil und Nachverfahren?;§§ 592–600 ZPO;BGH, Urt. v. 1.6.2005 – VIII ZR 216/04 (Mietforderungen im Urkundenprozess);2;Sonderlage;3;3;ja;12.5;Tenor und Vollstreckbarkeit;"Band 4 – 37. Urkundenprozess; 16.6 Urkundenprozess; Band 20 – Urkundenprozess";stabil
622;4;208;52;Mo;Der Fall;Öffentliches Recht;Verwaltungsprozessrecht;Die Behörde antwortet nicht: Die Untätigkeitsklage;Seit fünf Monaten wartest du auf die Entscheidung über deinen Einbürgerungsantrag – nichts passiert.;"§ 75 VwGO: Sperrfrist von drei Monaten, zureichender Grund, Aussetzung; keine eigenständige Klageart.";§ 75 VwGO;;1;Alltagsfall;3;5;;14.5;Verpflichtungsklage: Spruchreife und Bescheidungsurteil;"Band 2 › 7.; 25.8 Untaetigkeitsklage, § 75 VwGO";
623;4;208;52;Mi;Examenswissen;Strafrecht;StGB BT;Cannabis am Steuer: Was gilt seit der Legalisierung?;"Ein Fahrer raucht abends einen Joint und fährt am nächsten Morgen zur Arbeit; im Blut finden sich 4 ng/ml THC.";Warum gibt es bei § 316 StGB keinen THC-Grenzwert und was regelt der neue Grenzwert in § 24a StVG?;"§§ 316, 315c StGB; § 24a StVG; KCanG";BGHSt 44, 219;1+2;Alltagsfall;3;5;;15.0;Trunkenheit im Verkehr: 0,3 – 0,5 – 1,1 – 1,6 Promille;14.11 Straßenverkehr: absolute und relative Fahruntüchtigkeit;"KCanG seit 1.4.2024; THC-Grenzwert 3,5 ng/ml in § 24a StVG seit 22.8.2024; Änderungen des KCanG möglich – Stand zwingend prüfen."
624;4;208;52;Fr;Klausurpraxis;Zivilrecht;BGB AT;Lediglich rechtlicher Vorteil: Wann ist ein Geschenk „nur gut“?;Oma schenkt ihrem 12-jährigen Enkel ein Pferd.;Wann ist ein Geschäft nach § 107 BGB lediglich rechtlich vorteilhaft und wie sind neutrale Geschäfte zu behandeln?;§ 107 BGB;;1;Streitstand;5;3;;14.5;Minderjährige im Vertragsrecht: Das Grundschema §§ 104 ff. BGB;2.7 Lediglich rechtlicher Vorteil, § 107 BGB;
625;5;209;1;Mo;Der Fall;Strafrecht;StGB BT;Diebstahl vorgetäuscht: § 145d und die Versicherung;Ein Mann meldet der Polizei sein Fahrrad als gestohlen, weil er es verloren hat und die Versicherung zahlen soll.;Vortäuschen einer Straftat und versuchter Betrug – wie stehen die Delikte zueinander?;§§ 145d, 263, 22 StGB;;1;Alltagsfall;3;5;;15.0;Falsche Verdächtigung: Den Nachbarn anschwärzen;Band 13 › 22. › § 145d;
626;5;209;1;Mi;Examenswissen;Zivilrecht;Sachenrecht;Anwartschaftsrecht: Elf von zwölf Raten bezahlt – was gehört dir?;Du hast fast alle Raten für dein Motorrad gezahlt und willst es jetzt weiterverkaufen.;Was ist das Anwartschaftsrecht als wesensgleiches Minus, wie wird es übertragen und geschützt?;§§ 158, 161, 929 analog, 823 I BGB;BGHZ 20, 88;1;Streitstand;5;3;;14.5;Eigentumsvorbehalt: Das Sofa ist da, gehört aber noch dem Möbelhaus;4.3 Anwartschaftsrecht als wesensgleiches Minus;
627;5;209;1;Fr;Methodik;Methodik;Auslegung;Richtlinienkonforme Auslegung: Wie EU-Recht dein BGB verändert;Ein deutscher Paragraf widerspricht einer EU-Richtlinie – was gilt im Verbraucherfall?;Unionsrechtskonforme Auslegung und Rechtsfortbildung;;;1+2;Methodik;4;2;;11.0;;B. Examensmethodik als eigener Pflichtstoff;
628;5;210;2;Mo;Der Fall;Öffentliches Recht;Polizei- und Ordnungsrecht;Darf die Polizei dein Handy durchsuchen?;Bei einer Kontrolle verlangt ein Polizist, dass du dein Handy entsperrst und ihm deine Chats zeigst.;"Präventive Durchsuchung/Sicherstellung vs. strafprozessuale Beschlagnahme; keine Pflicht zur PIN-Herausgabe; biometrisches Entsperren; IT-Grundrecht.";"Landes-PolG (Durchsuchung, Sicherstellung); §§ 81b, 94, 110 StPO; Art. 2 I i.V.m. 1 I GG";BGH, Beschl. v. 13.03.2025 (Entsperren per Fingerabdruck – vor Produktion verifizieren);1;Alltagsfall;3;5;;14.5;Staatstrojaner: Das 'Computer-Grundrecht';Band 2 › 27.4 Standardmassnahmen (Durchsuchung, Sicherstellung);"Hoch: Entsperr-Rspr. 2025 neu und strafprozessual – Aktenzeichen und Reichweite verifizieren; Landesnormen je PolG"
629;5;210;2;Mi;Examenswissen;Zivilrecht;Kaufrecht;Smartphone ohne Updates: Muss der Verkäufer nachliefern?;Zwei Jahre nach dem Kauf bekommt dein Handy keine Sicherheitsupdates mehr.;Welche Aktualisierungspflichten hat der Verkäufer bei Waren mit digitalen Elementen (§ 475b BGB) und wie lange?;§§ 327a III, 475b–475e BGB;;1;Alltagsfall;3;5;;14.5;Verbrauchsgüterkauf: Warum der Kauf beim Händler anders ist;35.2 Sach- und Rechtsmangel;§§ 475b–475e BGB seit 1.1.2022
630;5;210;2;Fr;Methodik;Methodik;Hausarbeit;Die Jura-Hausarbeit: Phasen, Gliederung, Formalia;Vier Wochen Zeit, 25 Seiten – wie planst du das?;Ablauf und Formalia der Hausarbeit;;;1+2;Methodik;4;2;;11.0;;36.7 Hausarbeit: Phasen, Formalia, Gliederung und Zitierweise;
631;5;211;3;Mo;Der Fall;Strafrecht;StGB BT;Vorteilsannahme: Ab wann ist ein Geschenk strafbar?;Eine Sachbearbeiterin im Bauamt nimmt vom Bauunternehmer eine Weihnachtsgans und Konzertkarten an.;Unrechtsvereinbarung, Sozialadäquanz, Genehmigung – wo verläuft die Grenze zwischen §§ 331 und 332 StGB?;§§ 11 I Nr. 2, 331–334 StGB;BGHSt 47, 295;1+2;Alltagsfall;3;5;;15.0;;"Band 13 › 24. › §§ 331–334; 37.5 Amtsdelikte";
632;5;211;3;Mi;Examenswissen;Öffentliches Recht;Polizei- und Ordnungsrecht;Sicherstellung: Darf die Polizei dein Bargeld einfach mitnehmen?;Bei einer Verkehrskontrolle findet die Polizei 30.000 Euro im Kofferraum und stellt sie 'präventiv' sicher.;Sicherstellung zur Gefahrenabwehr (Verhinderung von Straftaten, Schutz des Eigentümers), Abgrenzung zur Vermögensabschöpfung, Verwahrung und Herausgabe.;"Landes-PolG (Sicherstellung); §§ 73 ff. StGB";;1;Alltagsfall;3;5;;14.5;Polizeirecht-Schema: Standardmaßnahme vor Generalklausel;Band 2 › 27.4 (Sicherstellung/Beschlagnahme);Länder: präventive Bargeldsicherstellung in der OVG-Rspr. uneinheitlich
633;5;211;3;Fr;Methodik;Methodik;Hausarbeit;Zitieren in der Hausarbeit: Fußnoten, Kommentare, Urteile;Was bedeutet ‚BGHZ 55, 128‘ – und wie zitierst du es richtig?;Zitierweise und Fundstellen lesen;;;1+2;Methodik;4;2;;11.0;;36.7 Hausarbeit: Phasen, Formalia, Gliederung und Zitierweise;
634;5;212;4;Mo;Der Fall;Zivilrecht;Werkvertragsrecht;Renovierung abgesagt: Was kostet die freie Kündigung? (§ 648 BGB);Du sagst die Küchenrenovierung ab, bevor der Handwerker angefangen hat.;Welche Vergütung kann der Unternehmer nach freier Kündigung des Bestellers verlangen (§ 648 S. 2, 3 BGB)?;§§ 648, 648a BGB;;1;Alltagsfall;3;5;;14.5;Werkvertrag oder Dienstvertrag? Erfolg vs. Tätigkeit;Band 11 – 20. Werkvertragsrecht – Kündigung;
635;5;212;4;Mi;Examenswissen;Strafrecht;StGB AT;Mutmaßliche Einwilligung: Der Tumor während der OP;Während einer Blinddarm-OP entdeckt die Chirurgin einen Tumor und entfernt ihn sofort, obwohl nur in den Blinddarmeingriff eingewilligt war.;Wann ersetzt der mutmaßliche Wille die tatsächliche Einwilligung – und wann hätte man abbrechen und fragen müssen?;§§ 223, 228 StGB;BGHSt 35, 246;1;Abgrenzung;4;4;;14.5;Einwilligung: Wann ist eine Körperverletzung erlaubt?;5.3 Einwilligung und mutmassliche Einwilligung;
636;5;212;4;Fr;2. Examen;2. Examen;VwGO-Praxis;Abgabenbescheid: Erst zur Behörde, dann zum Gericht (§ 80 VI);Die Stadt verlangt 18.000 Euro Erschließungsbeitrag, und der Eigentümer will sofort gerichtlich die Zahlung aussetzen lassen.;Warum ist bei öffentlichen Abgaben und Kosten zunächst ein behördlicher Aussetzungsantrag nötig, und welche Ausnahmen kennt § 80 VI 2 VwGO?;§ 80 II 1 Nr. 1, IV, VI VwGO;—;2;Klausurfehler;3;4;;12.0;§ 80 V VwGO: Anordnen oder wiederherstellen? Der Tenor-Check;Band 5 – 19. Antragsschrift im vorläufigen Rechtsschutz;stabil
637;5;213;5;Mo;Der Fall;Öffentliches Recht;Polizei- und Ordnungsrecht;Kennzeichenscanner und Videoüberwachung: Wie viel ist erlaubt?;Auf der Autobahn scannt eine Kamera jedes Nummernschild, am Hauptbahnhof filmt die Polizei rund um die Uhr.;"Eingriff in die informationelle Selbstbestimmung auch bei Nichttreffern, Anlass, Kompetenz, Bestimmtheit; Bodycams.";"Art. 2 I i.V.m. 1 I GG; Landes-PolG";BVerfGE 150, 244 (Kfz-Kennzeichenkontrollen II);1;Alltagsfall;3;5;;14.5;Volkszählungsurteil: Die Geburtsstunde des Datenschutzes;Band 12 › 27. › Standardmaßnahmen (Datenerhebung);Hoch: KI-gestützte Auswertung/Gesichtserkennung (KI-VO, Sicherheitspakete) – Stand prüfen
638;5;213;5;Mi;Examenswissen;Zivilrecht;Weitere Vertragstypen;Haus verschenkt, dann Pflegeheim: Kann man Geschenke zurückfordern?;Die Mutter schenkt dem Sohn ihr Haus – drei Jahre später kann sie das Pflegeheim nicht bezahlen.;Wann kann ein Schenker wegen Verarmung (§ 528 BGB) oder groben Undanks (§ 530 BGB) zurückfordern?;§§ 528, 530, 531 BGB;;1;Alltagsfall;3;5;;14.5;Versprochen ist versprochen? Schenkung und Notarform;Band 11 – 23. Schenkung, Leihe, Auftrag, Verwahrung und Maklervertrag – Schenkung;
639;5;213;5;Fr;Klausurpraxis;Strafrecht;StGB AT;Actio libera in causa: Sich Mut antrinken und dann zuschlagen;Ein Mann trinkt sich gezielt in einen Vollrausch, um seinen Nachbarn zu verprügeln, wozu ihm nüchtern der Mut fehlt.;Wie lässt sich die Bestrafung trotz Schuldunfähigkeit bei Tatbegehung begründen – Ausnahme- oder Tatbestandsmodell?;§§ 20, 223, 323a StGB;;1;Streitstand;4;4;;14.5;Schuldfähigkeit;"12.12 Actio libera in causa; Band 19 › Actio libera in causa";
640;5;214;6;Mo;Der Fall;Öffentliches Recht;Polizei- und Ordnungsrecht;Kampfhunde: Darf die Stadt Maulkorb und Leine anordnen?;Dein Staffordshire-Mischling hat nie jemanden gebissen – trotzdem gilt für ihn Maulkorbpflicht.;Rasselisten (abstrakte Gefahr, Einschätzungsspielraum), Einzelfallanordnung nach Beißvorfall, Art. 3 I GG.;"Landeshundegesetze; § 2 HundVerbrEinfG; Art. 3 I, 12 GG";BVerfGE 110, 141 (Kampfhunde);1;Alltagsfall;3;5;;14.5;Alkoholverbotszonen;Band 12 › 27. › Generalklausel (Ergänzung);Länder: Rasselisten und Hundegesetze sehr unterschiedlich – Zuschnitt über die Einzelfallanordnung
641;5;214;6;Mi;Examenswissen;Zivilrecht;Weitere Vertragstypen;Auto der Freundin geliehen, Kratzer reingefahren: Wer haftet?;Du leihst dir das Auto deiner Freundin fürs Wochenende und fährst gegen einen Poller.;Wie haften Verleiher (§ 599 BGB) und Entleiher bei der Leihe und was gilt für normale Abnutzung (§ 602 BGB)?;§§ 598–606 BGB;;1;Alltagsfall;3;5;;14.5;Tippgemeinschaft ohne Tippschein: Haftet der Kollege für den Jackpot?;Band 11 – 23. Schenkung, Leihe, Auftrag, Verwahrung und Maklervertrag – Leihe und Verwahrung;
642;5;214;6;Fr;2. Examen;2. Examen;ZPO;Neue Tatsachen in der Berufung? §§ 529, 531 ZPO erklärt;Nach dem verlorenen Prozess findet der Beklagte eine E-Mail, die alles ändern würde, und will sie in der Berufung vorlegen.;Wie weit ist das Berufungsgericht an erstinstanzliche Feststellungen gebunden, und wann sind neue Angriffs- und Verteidigungsmittel zuzulassen?;§§ 520 III, 529, 531 ZPO;—;2;Sonderlage;4;3;;12.5;Berufung – Zulässigkeit;"Band 4 – 43.5 Berufungsklausur; Band 14 – 49. (Berufung §§ 511 ff.); Band 20 – Berufungsklausur";stabil
643;5;215;7;Mo;Der Fall;Strafrecht;StPO;Blutprobe nach der Trunkenheitsfahrt: Braucht es einen Richter?;Nach einer Verkehrskontrolle ordnet ein Polizist wegen Alkoholverdachts sofort eine Blutentnahme an.;Welche Voraussetzungen hat § 81a StPO und warum entfällt bei Verkehrsdelikten seit 2017 der Richtervorbehalt?;"§ 81a StPO; § 316 StGB";;1+2;Alltagsfall;3;5;;15.0;Zwangsmaßnahmen;25. Zwangsmassnahmen (koerperliche Untersuchungen);§ 81a II 2 StPO seit 24.8.2017.
644;5;215;7;Mi;Examenswissen;Öffentliches Recht;Polizei- und Ordnungsrecht;Polizeikosten fürs Fußballderby: Muss die Liga zahlen?;Ein Land schickt der Fußballliga eine Rechnung über 400.000 Euro für den Polizeieinsatz beim Derby.;Gebühr für Hochrisikoveranstaltungen, Veranlasserprinzip, Art. 12 I und 3 I GG, Finanzverfassung.;"Art. 3 I, 12 I, 104a ff. GG; § 4 IV BremGebBeitrG";BVerfG, Urt. v. 14.01.2025 – 1 BvR 548/22 (Polizeikosten bei Hochrisikospielen);1;Alltagsfall;3;5;;14.5;Zweckveranlasser: Wer haftet für die Menge vor dem Laden?;Band 12 › 28. › Kosten (Ergänzung);"Mittel: neue Entscheidung 2025; weitere Länder planen Gebührenregelungen"
645;5;215;7;Fr;Klausurpraxis;Zivilrecht;Weitere Vertragstypen;Pauschalreise mit Baustelle: Minderung und entgangene Urlaubsfreude;Statt Meerblick gibt es einen Presslufthammer ab sieben Uhr morgens.;Was ist ein Reisemangel (§ 651i BGB) und welche Rechte (Abhilfe, Minderung, Kündigung, Schadensersatz für nutzlos aufgewendete Urlaubszeit) folgen daraus?;§§ 651i, 651k, 651l, 651m, 651n BGB;;1+2;Alltagsfall;3;5;;14.5;Schadensersatz statt der Leistung: Fristsetzung richtig gemacht;3.20 Pauschalreiserecht;"Pauschalreiserecht seit 1.7.2018; alte §§ 651c ff. a.F. nur noch als Suchbegriffe"
646;5;216;8;Mo;Der Fall;Strafrecht;StGB AT;Psychische Beihilfe: Strafbar durch bloßes Dabeisein?;Ein Mann begleitet seinen Freund zu einer Schlägerei, sagt nichts, steht aber gut sichtbar daneben.;Wann bestärkt Anwesenheit den Tatentschluss und wann ist sie straflos?;§ 27 StGB;;1;Abgrenzung;4;4;;14.5;Beihilfe § 27: Wie viel Hilfe macht strafbar?;11.3 Anstiftung und Beihilfe;
647;5;216;8;Mi;Examenswissen;Zivilrecht;Sachenrecht;Portemonnaie gefunden: Finderlohn und Eigentum nach sechs Monaten;Du findest im Park eine Geldbörse mit 500 Euro und ohne Ausweis.;Welche Pflichten hat der Finder, wie hoch ist der Finderlohn und wann erwirbt er Eigentum (§§ 965 ff. BGB)?;§§ 965–984 BGB;;1;Alltagsfall;3;5;;14.5;Besitz ist nicht Eigentum: Der Unterschied, den fast alle verwechseln;Band 11 – 29. Gesetzlicher Eigentumserwerb §§ 946 ff. BGB und Fundrecht – Fund und Aneignung;
648;5;216;8;Fr;2. Examen;2. Examen;VwGO-Praxis;Gestrecktes Verfahren: Androhung, Festsetzung, Anwendung;Der Eigentümer ignoriert die Anordnung, seinen Schrotthaufen zu beseitigen, und die Behörde will jetzt ein Zwangsgeld.;Wie prüft man Grundverwaltungsakt, Vollstreckungsvoraussetzungen und die Stufen des gestreckten Verfahrens, und wann ist Sofortvollzug ohne Grundverfügung zulässig?;§§ 6, 9, 11, 13, 14 VwVG bzw. Landesvollstreckungsrecht;—;2;Schema;4;3;;12.5;Der perfekte Bescheid: Verfügungssatz, Begründung, Sofortvollzug;"Band 5 – 26. Verwaltungsvollstreckung in der Behördenklausur; 27. Polizei- und Ordnungsrecht im Assessorexamen";"Landesrecht maßgeblich; Bundes- und Landesvollstreckungsrecht nicht vermischen"
649;5;217;9;Mo;Der Fall;Öffentliches Recht;Polizei- und Ordnungsrecht;Klimakleber: Versammlung, Nötigung oder beides?;Aktivisten kleben sich auf einer Hauptstraße fest – die Polizei löst sie mit Öl ab und schickt eine Rechnung.;Versammlungsschutz trotz Blockade (Friedlichkeit), Auflösung, Wegtragen/Ablösen als unmittelbarer Zwang, Kosten, Verhältnis zu § 240 StGB.;"Art. 8 GG; Landesversammlungsgesetze; Landes-PolG/VwVG; § 240 StGB";BVerfGE 104, 92 (Sitzblockaden III);1;Alltagsfall;3;5;;14.5;Versammlung gegen Polizeirecht: Die Polizeifestigkeit;Band 12 › 29. › Versammlungsbegriff und Friedlichkeit;Mittel: laufende Rspr. zu Klimaprotesten (Strafbarkeit, Kosten) – aktuelle Linie prüfen
650;5;217;9;Mi;Examenswissen;Strafrecht;StGB AT;Neutrale Beihilfe: Macht sich der Baumarkt strafbar?;Ein Verkäufer verkauft einem Kunden eine Axt, obwohl dieser laut ankündigt, damit die Tür des Nachbarn einzuschlagen.;Wann werden berufstypische Alltagshandlungen zur strafbaren Beihilfe (deliktischer Sinnbezug)?;§ 27 StGB;BGHSt 46, 107;1;Streitstand;4;4;;14.5;Beihilfe § 27: Wie viel Hilfe macht strafbar?;Band 13 › 9. › Beihilfe § 27;
651;5;217;9;Fr;Klausurpraxis;Zivilrecht;Deliktsrecht;Vernichtende Google-Bewertung: Was muss ein Unternehmen dulden?;Ein angeblicher Gast schreibt eine vernichtende Bewertung über dein Restaurant – du findest ihn nicht in deinen Buchungen.;Wie werden Meinungsäußerung und Tatsachenbehauptung abgegrenzt und welche Prüfpflichten treffen Bewertungsportale?;§§ 823 I, 1004 analog BGB;BGH, Urt. v. 20.2.2018 – VI ZR 30/17;1;Alltagsfall;3;5;;14.5;Erfundenes Interview: Geldentschädigung für Persönlichkeitsverletzungen;Band 11 – 31. Eigentumsbeeinträchtigung und § 1004 BGB – Duldung und Nachbarrecht;Digital Services Act (VO (EU) 2022/2065) seit 17.2.2024 für Plattformpflichten beachten
652;5;218;10;Mo;Der Fall;Öffentliches Recht;Baurecht;Tiny House und Gartenhaus: Brauche ich eine Baugenehmigung?;Du stellst ein Tiny House auf Rädern dauerhaft in den Garten deiner Eltern.;Vorhabenbegriff des § 29 BauGB (bodenrechtliche Relevanz), verfahrensfreie Vorhaben nach LBO, materielle Rechtmäßigkeit trotz Verfahrensfreiheit.;"§ 29 BauGB; LBO (verfahrensfreie Vorhaben)";;1;Alltagsfall;3;5;;14.5;Bauplanungs- und Bauordnungsrecht: Zwei Ebenen, ein Bauantrag;Band 12 › 30. › § 29 BauGB;Länder: Freistellungsgrenzen je LBO unterschiedlich
653;5;218;10;Mi;Examenswissen;Strafrecht;StGB AT;§ 30 StGB: Strafbar, bevor überhaupt etwas passiert;Ein Mann sucht in einem Onlineforum jemanden, der gegen Geld seinen Geschäftspartner schwer verletzt, und findet einen Interessenten.;Versuchte Anstiftung, Verabredung, Sichbereiterklären – warum bestraft das Gesetz Vorstufen bei Verbrechen?;§§ 12, 30, 31 StGB;;1;Schema;4;4;;14.5;Anstiftung § 26: Wer den Tatentschluss weckt + Verbrechen oder Vergehen? Die Unterscheidung mit großen Folgen;"30.7 Versuch der Beteiligung, § 30 StGB; Band 13 › 9. › § 30";
654;5;218;10;Fr;2. Examen;2. Examen;VwGO-Praxis;Frist verpasst: Wiedereinsetzung und Kanzleiverschulden;Die Klagefrist ist abgelaufen, weil eine Auszubildende in der Kanzlei die Frist falsch in den Kalender eingetragen hat.;Welche Voraussetzungen hat § 60 VwGO, wann wird Anwaltsverschulden zugerechnet, und wann liegt entlastendes Büroversehen statt Organisationsverschulden vor?;"§ 60 VwGO; § 173 VwGO i.V.m. § 85 II ZPO";"BGH st. Rspr. zur Fristenkontrolle; BGH, Beschl. v. 11.5.2021 – VIII ZB 9/20 (Kontrolle der beA-Eingangsbestätigung)";2;Sonderlage;4;3;;12.5;Vier-Tages-Fiktion / Fristberechnung;"Band 5 – 33. Wiedereinsetzung, § 60 VwGO; 32. Fristenmanagement";stabil
655;5;219;11;Mo;Der Fall;Zivilrecht;Bereicherungsrecht;IBAN vertippt: Bekommst du dein Geld zurück?;Du vertippst dich bei der IBAN und überweist 2.000 Euro an einen Fremden.;Welche Ansprüche hat der Überweisende gegen den Empfänger und seine Bank, und wie wirkt sich Entreicherung aus?;§§ 675r, 675y, 812, 818 III BGB;;1;Alltagsfall;3;5;;14.5;Bereicherungsrecht im Überblick: Welche Kondiktion wann?;Band 11 – 26. Bereicherungsrecht – Mehrpersonenverhältnisse;Empfängerüberprüfung (Verification of Payee) seit 9.10.2025 nach Instant-Payments-VO (EU) 2024/886
656;5;219;11;Mi;Examenswissen;Öffentliches Recht;Staatshaftungsrecht;Enteignungsgleicher Eingriff: Geld für rechtswidriges Staatshandeln;Die Stadt verweigert dir monatelang rechtswidrig die Baugenehmigung – inzwischen sind die Baupreise um 20 % gestiegen.;Voraussetzungen, Sonderopfer, Unmittelbarkeit, Vorrang des Primärrechtsschutzes, kein Anspruch bei legislativem Unrecht.;"§§ 74, 75 EinlALR (Aufopferungsgedanke); Art. 14 GG";BGHZ 90, 17 (enteignungsgleicher Eingriff nach Nassauskiesung);1;Schema;4;3;ja;14.5;Enteignung oder Inhaltsbestimmung? Der Nassauskiesungsbeschluss;"Band 2 › 17.3 Enteignungsgleicher und enteignender Eingriff; 29.4 Enteignungsgleicher Eingriff";
657;5;219;11;Fr;Klausurpraxis;Strafrecht;StGB AT;Untauglicher Versuch, Wahndelikt und Voodoo;Ein Mann will seinen Onkel mit harmlosem Kräuterpulver vergiften, das er für Gift hält – eine Frau sticht Nadeln in eine Puppe.;Warum ist der untaugliche Versuch strafbar, das Wahndelikt und der abergläubische Versuch aber nicht?;"§§ 22, 23 III StGB; Art. 103 II GG";;1;Abgrenzung;4;4;;14.5;Versuch: Das Prüfungsschema mit Vorprüfung;"31.2 Untauglicher Versuch und Wahndelikt; Band 19 › Untauglicher Versuch und Wahndelikt";
658;5;220;12;Mo;Der Fall;Zivilrecht;Arbeitsrecht;Resturlaub: Verfällt er am 31. März automatisch?;Am Jahresende hast du noch zwölf Urlaubstage übrig – der Chef sagt, die sind im März weg.;Verfällt Urlaub nur, wenn der Arbeitgeber auf den drohenden Verfall hingewiesen hat (Mitwirkungsobliegenheit)?;§ 7 III BUrlG;"EuGH, Urt. v. 6.11.2018 – C-684/16 (Max-Planck); BAG, Urt. v. 19.2.2019 – 9 AZR 423/16";1;Alltagsfall;3;5;;14.5;Tarifvertrag gegen Arbeitsvertrag: Welche Regel gilt?;Band 11 – 40. Arbeitsrecht – Pflichten und Haftung;"Unionsrechtlich geprägte Rspr.; auch zur Verjährung von Urlaubsansprüchen aktuellen Stand prüfen"
659;5;220;12;Mi;Examenswissen;Strafrecht;StGB AT;Freiwilligkeit beim Rücktritt: Mitleid ja, Blaulicht nein?;Ein Einbrecher bricht ab, als er ein Kinderzimmer sieht – ein anderer, weil er in der Ferne Blaulicht bemerkt.;Wie trennt man autonome von heteronomen Rücktrittsmotiven?;§ 24 I StGB;;1;Abgrenzung;4;4;;14.5;Rücktritt vom Versuch: Das Schema des § 24;12. Versuch und Ruecktritt;
660;5;220;12;Fr;Klausurpraxis;Öffentliches Recht;Baurecht;Windräder vor dem Dorf: Privilegierung und Flächenziele;Ein Energieversorger will drei Windräder 800 Meter von deinem Dorf entfernt errichten.;Privilegierung nach § 35 I Nr. 5 BauGB, Flächenbeitragswerte und § 249 BauGB, WindBG, überragendes öffentliches Interesse.;"§§ 35 I Nr. 5, III 3, 249 BauGB; WindBG; § 2 EEG";;1;Alltagsfall;3;5;;14.5;Außenbereich: Warum dein Ferienhaus im Wald nicht erlaubt ist;Band 12 › 30. › § 35 Außenbereich (Ergänzung);Sehr hoch: WindBG/§ 249 BauGB seit 2023, Länderöffnungsklauseln für Mindestabstände – Stand prüfen
661;5;221;13;Mo;Der Fall;Zivilrecht;Arbeitsrecht;„Junges dynamisches Team“: Entschädigung nach dem AGG;Die 55-jährige Bewerberin wird abgelehnt – in der Anzeige stand „junges dynamisches Team“.;Wann liegt eine Benachteiligung nach dem AGG vor, wie wirkt die Beweiserleichterung (§ 22 AGG) und was kann verlangt werden (§ 15 AGG)?;§§ 1, 3, 7, 15, 22 AGG;;1;Alltagsfall;3;5;;14.5;Gelogen im Vorstellungsgespräch: Gibt es ein Recht zur Lüge?;28. Arbeitsrecht;
662;5;221;13;Mi;Examenswissen;Strafrecht;StGB BT;Habgier und niedrige Beweggründe: Wann wird Totschlag zu Mord?;Ein Neffe tötet seine Tante, um früher zu erben – ein anderer tötet seine Ex-Partnerin aus Eifersucht.;Wie werden täterbezogene Motivmerkmale bei Motivbündeln gewürdigt?;§ 211 II Gr. 1 StGB;;1+2;Abgrenzung;4;4;;14.5;Mord oder Totschlag? Die Mordmerkmale im Überblick;14.1 Totschlag und Mord;
663;5;221;13;Fr;2. Examen;2. Examen;Klausurtechnik;beA-Pflicht und Videoverhandlung: Digitale Justiz in der Klausur;Der Anwalt faxt die Berufungsschrift am letzten Tag, weil das beA angeblich nicht funktioniert.;Welche Einreichungspflichten gelten nach § 130d ZPO, § 55d VwGO und § 32d StPO, wann ist eine Ersatzeinreichung wirksam, und was regeln § 128a ZPO und § 102a VwGO zur Videoverhandlung?;"§§ 128a, 130a, 130d ZPO; §§ 55a, 55d, 102a VwGO; § 32d StPO";BGH st. Rspr. seit 2022 zur Glaubhaftmachung bei Ersatzeinreichung;2;Sonderlage;4;3;;12.5;;"Band 4 – 30.6 Elektronischer Rechtsverkehr und Videoverhandlung; Band 5 – 1.4 Elektronischer Rechtsverkehr und Videoverhandlung; Band 6 – 1.3 Elektronischer Rechtsverkehr im Strafverfahren";"Hoch: § 128a ZPO/§ 102a VwGO n.F. seit 19.7.2024; § 55d S. 2 VwGO und § 32d StPO n.F. seit 1.1.2026; weitere Digitalisierungsgesetze beobachten"
664;5;222;14;Mo;Der Fall;Zivilrecht;Erbrecht;Digitaler Nachlass: Dürfen Eltern den Account der Tochter lesen?;Nach dem Tod ihrer Tochter wollen Eltern deren Chats lesen, um die Umstände aufzuklären.;Gehen Nutzungsverträge mit sozialen Netzwerken samt Kontoinhalten nach § 1922 BGB auf die Erben über?;§ 1922 BGB;BGHZ 219, 243;1;Alltagsfall;3;5;;14.5;Erbst du auch die Schulden? Universalsukzession und Ausschlagung;30.1 Erbfolge und Verfuegungen von Todes wegen;
665;5;222;14;Mi;Examenswissen;Öffentliches Recht;Baurecht;Bau-Turbo 2025: Was § 246e BauGB für Wohnungsbau ändert;Eine Gemeinde will auf einem Supermarktparkplatz schnell 200 Wohnungen – ohne jahrelanges Bebauungsplanverfahren.;§§ 31 III, 34 IIIb, 36a, 246e BauGB: Zustimmung der Gemeinde, Zustimmungsfiktion, Befristung bis Ende 2030, nachbarliche Interessen.;§§ 31 III, 34 IIIb, 36a, 246e BauGB;;1;Alltagsfall;3;5;;14.5;Was darf ins Wohngebiet? Die Baugebiete der BauNVO + Einfügen nach § 34 BauGB: Bauen ohne Bebauungsplan;"Band 2 › 16.1a Wohnungsbau-Beschleunigung 2025: §§ 31 III, 34 IIIb, 36a, 246e BauGB; 28.3";"Sehr hoch: neue Normen seit 30.10.2025, kaum Rspr.; § 246e befristet bis 31.12.2030"
666;5;222;14;Fr;Klausurpraxis;Strafrecht;StGB BT;Gemeinschaftliche Körperverletzung: Einer schlägt, einer blockiert;"Zwei Jugendliche stellen einen Mitschüler; einer schlägt zu, der andere versperrt den Fluchtweg und würgt ihn kurz.";Wann ist die Körperverletzung „gemeinschaftlich“ (§ 224 I Nr. 4) und wann ist Würgen „lebensgefährdend“ (Nr. 5)?;§ 224 I Nr. 4, 5 StGB;;1+2;Abgrenzung;4;4;;14.5;Körperverletzung § 223: Ohrfeige, Haare ab, Spucke;"14.3 Gemeinschaftliche Körperverletzung, § 224 I Nr. 4; Band 13 › 11. › § 224";
667;5;223;15;Mo;Der Fall;Zivilrecht;Erbrecht;Haus zu Lebzeiten verschenkt: Zählt das für den Pflichtteil?;Die Mutter verschenkt ihr Haus fünf Jahre vor ihrem Tod an die Tochter – der Sohn fühlt sich übergangen.;Wie funktioniert die Pflichtteilsergänzung (§ 2325 BGB) mit Abschmelzung und wann beginnt die Frist bei vorbehaltenem Nießbrauch nicht?;§§ 2325, 2329 BGB;;1;Alltagsfall;3;5;;14.5;Enterbt – und trotzdem nicht leer ausgegangen: Der Pflichtteil;Band 11 – 42. Erbrecht – Pflichtteil;
668;5;223;15;Mi;Examenswissen;Öffentliches Recht;Baurecht;Kinderlärm vom Bolzplatz: Kann man sich wehren?;Die Stadt baut direkt hinter deinem Garten einen Bolzplatz, der bis 22 Uhr genutzt wird.;Privilegierung von Kinderlärm (§ 22 Ia BImSchG), Bolzplatz für Jugendliche vs. Kinderspielplatz, Gebietsverträglichkeit, öffentlich-rechtlicher Unterlassungsanspruch.;"§ 22 Ia BImSchG; § 3 BauNVO; 18. BImSchV";;1;Alltagsfall;3;5;;14.5;Was darf ins Wohngebiet? Die Baugebiete der BauNVO + Unterlassungsanspruch gegen den Staat: Glockenschlag und Sirene;Band 12 › 30. › Baugenehmigung und Nachbarschutz (Ergänzung);
669;5;223;15;Fr;Methodik;Methodik;Gutachtenstil;Juristische Klausursprache: ‚grundsätzlich‘, ‚jedenfalls‘, ‚mithin‘;Ein Wort an der falschen Stelle – und der Korrektor liest etwas anderes, als du meinst.;Fachsprachliche Signalwörter und ihre Bedeutung im Gutachten;;;1+2;Methodik;4;2;;11.0;;B. Examensmethodik als eigener Pflichtstoff;
670;5;224;16;Mo;Der Fall;Zivilrecht;IPR;Bestellt im spanischen Onlineshop: Welches Recht gilt?;Du bestellst bei einem spanischen Onlineshop – im Kleingedruckten steht: Es gilt spanisches Recht.;Wie wirken Rechtswahl (Art. 3) und Verbraucherschutz (Art. 6 Rom I-VO) zusammen?;Art. 3, 4, 6 Rom I-VO;;1;Alltagsfall;3;5;;14.5;IPR in fünf Schritten: Welches Recht gilt bei Auslandsbezug?;Band 11 – 43. Internationales Privatrecht – Rom I;
671;5;224;16;Mi;Examenswissen;Strafrecht;StGB BT;Sich selbst bezahlen: Geld nehmen, das einem geschuldet wird;Ein Handwerker nimmt aus der Kasse seines säumigen Auftraggebers genau den Betrag, den dieser ihm schuldet.;Ist die Zueignung rechtswidrig, wenn ein Geldanspruch besteht (Gattungsschuld, Wertsummentheorie, Irrtum)?;§§ 242, 249 StGB;;1;Streitstand;4;4;;14.5;Diebstahl § 242: Das Prüfungsschema;13.2 Rechtswidrigkeit der Zueignung bei Geldforderungen;
672;5;224;16;Fr;2. Examen;2. Examen;ZPO;Haupt- und Hilfsantrag: Reihenfolge, Tenor, Streitwert;Die Käuferin will vorrangig Rückabwicklung und nur für den Fall des Scheiterns wenigstens Minderung.;Warum ist die Eventualklagehäufung trotz Bedingungsfeindlichkeit zulässig, wie wird sie tenoriert, und wie wirkt § 45 I 2, 3 GKG auf den Streitwert?;"§ 260 ZPO; § 45 I 2, 3 GKG";—;2;Schema;4;1;;9.5;Streitgegenstand und Rechtskraft: Was ist eigentlich entschieden?;"Band 4 – 32.5 Haupt- und Hilfsantrag; 5. Haupt- und Hilfsantrag, Stufenklage und Teilklage; Band 20 – Haupt- und Hilfsantrag";stabil
673;5;225;17;Mo;Der Fall;Öffentliches Recht;Kommunalrecht;Anschluss- und Benutzungszwang: Muss ich die Fernwärme nehmen?;Du willst eine Wärmepumpe einbauen, die Stadt schreibt den Anschluss ans kommunale Fernwärmenetz vor.;Satzungsermächtigung, öffentliches Bedürfnis (auch Klimaschutz), Befreiungen, Art. 12 und 14 GG.;"Gemeindeordnungen (Anschluss- und Benutzungszwang); § 109 GEG; WPG";BVerwG, Urt. v. 25.01.2006 – 8 C 13.05 (Fernwärme);1;Alltagsfall;3;5;;14.5;Satzung und Verordnung prüfen: Das Normprüfschema;Band 12 › 32. › Satzungen (Ergänzung);"Hoch: GEG- und Wärmeplanungsrecht in Überarbeitung – Stand prüfen; Länder: Satzungsermächtigungen"
674;5;225;17;Mi;Examenswissen;Zivilrecht;BGB AT;Inhaltsirrtum oder Erklärungsirrtum? Verschrieben vs. falsch verstanden;Du bestellst im Kölner Brauhaus einen „Halven Hahn“ – und bekommst statt Hähnchen ein Käsebrötchen.;Wie grenzt man Erklärungsirrtum (Versprechen, Verschreiben) und Inhaltsirrtum (Bedeutungsirrtum) nach § 119 I BGB ab?;§ 119 I BGB;;1;Abgrenzung;4;4;;14.0;Anfechtung in fünf Schritten: Das Prüfungsschema §§ 119 ff. BGB;4.1 Anfechtungsgruende;
675;5;225;17;Fr;Klausurpraxis;Strafrecht;StGB BT;Diebstahl mit Waffen: Das Taschenmesser in der Jacke;Ein Ladendieb hat bei der Tat ein kleines Taschenmesser in der Jackentasche, das er gar nicht einsetzen will.;Wann ist ein Alltagsgegenstand ohne Verwendungsabsicht ein „anderes gefährliches Werkzeug“ in § 244 I Nr. 1a?;§ 244 I Nr. 1a StGB;BGHSt 52, 257;1+2;Streitstand;4;4;;14.5;Diebstahl § 242: Das Prüfungsschema + Gefährliches Werkzeug: Schuh, Hund, Hauswand;33.4 Diebstahl mit Waffen und Bandendiebstahl, § 244 StGB;
676;5;226;18;Mo;Der Fall;Öffentliches Recht;Kommunalrecht;Kampfhundesteuer von 2.000 Euro: Darf die Gemeinde so viel verlangen?;Deine Gemeinde verlangt für deinen Rottweiler 2.000 Euro Hundesteuer im Jahr – für einen Dackel 75 Euro.;Kommunale Aufwandsteuer (Art. 105 IIa GG), Lenkungszweck, Erdrosselungsverbot, Art. 3 I GG.;"Art. 3 I, 12 I, 105 IIa GG; KAG; Hundesteuersatzung";BVerwG, Urt. v. 15.10.2014 – 9 C 8.13 (Kampfhundesteuer);1;Alltagsfall;3;5;;14.5;Satzung und Verordnung prüfen: Das Normprüfschema;Band 12 › 32. › Satzungen (Ergänzung Abgaben);Länder: Kommunalabgabengesetze
677;5;226;18;Mi;Examenswissen;Zivilrecht;BGB AT;Bote oder Vertreter? Der kleine Unterschied mit großen Folgen;Dein Mitbewohner soll „irgendeine gute Pizza“ bestellen – er ordert eine Trüffelpizza für 40 Euro.;Wie grenzt man Boten und Vertreter nach dem Auftreten ab und welche Folgen hat das für Irrtum, § 166 und Minderjährige?;§§ 120, 164, 165, 166 BGB;;1;Abgrenzung;4;4;;14.0;Stellvertretung in drei Schritten: Wann bindet der Vertreter den Chef?;6.1 Grundschema des § 164 I BGB;
678;5;226;18;Fr;2. Examen;2. Examen;ZPO;Stufenklage: Erst Auskunft, dann Geld;Ein Pflichtteilsberechtigter weiß nicht, was im Nachlass steckt, will aber sofort seinen Anteil einklagen.;Wie werden Auskunfts-, Versicherungs- und Leistungsstufe beantragt und nacheinander durch Teilurteile entschieden?;"§ 254 ZPO; § 2314 BGB";—;2;Schema;3;4;;12.0;Haupt- und Hilfsantrag: Reihenfolge, Tenor, Streitwert;"Band 4 – 32.4 Stufenklage, § 254 ZPO; Band 20 – Stufenklage";stabil
679;5;227;19;Mo;Der Fall;Strafrecht;StGB BT;Vollrausch § 323a: Bestraft wird das Trinken;"Ein Mann randaliert mit 3,5 Promille und zerstört Autos; ob er schuldunfähig war, lässt sich nicht sicher klären.";Wie funktioniert der Auffangtatbestand mit der Rauschtat als objektiver Bedingung der Strafbarkeit?;§§ 20, 323a StGB;;1+2;Schema;4;4;;14.5;Schuldfähigkeit;"37.2 Vollrausch, § 323a StGB; Band 13 › 21. › § 323a";
680;5;227;19;Mi;Examenswissen;Zivilrecht;Schuldrecht AT;Hol-, Bring- oder Schickschuld? Wo und wie muss geleistet werden;Der Online-Händler gibt das Paket zur Post – es kommt nie bei dir an.;Wie bestimmt man Leistungs- und Erfolgsort (§ 269 BGB) und wie ist die Geldschuld nach § 270 BGB einzuordnen?;§§ 269, 270, 243 II BGB;EuGH, Urt. v. 3.4.2008 – C-306/06 (01051 Telecom);1;Abgrenzung;4;4;;14.0;Gattungsschuld: Wann steht fest, welche Flasche du bekommst?;7.2 Inhalt und Modalitaeten der Leistung;Einordnung der Geldschuld seit EuGH C-306/06 umstritten (modifizierte Bringschuld)
681;5;227;19;Fr;Klausurpraxis;Öffentliches Recht;Kommunalrecht;Bürgerbegehren: So stoppst du ein Projekt deiner Stadt;Die Stadt will das Freibad schließen – eine Initiative sammelt Unterschriften für einen Bürgerentscheid.;Zulässigkeit (Quorum, Frist, Kostendeckungsvorschlag, Negativkatalog), Sperrwirkung, Rechtsschutz der Vertretungsberechtigten.;Gemeindeordnungen (z. B. § 26 GO NRW, Art. 18a BayGO);;1;Alltagsfall;3;5;;14.5;Kommunale Selbstverwaltung: Was darf deine Gemeinde selbst entscheiden?;Band 12 › 32. Kommunalrecht (Ergänzung);Länder: Quoren und Negativkataloge stark unterschiedlich – nur Grundstruktur bundesweit, Beispiele aus zwei Ländern
682;5;228;20;Mo;Der Fall;Strafrecht;StGB BT;Betrug unter Kriminellen: Ist Drogengeld geschützt?;Ein Mann verkauft Mehl als Kokain und kassiert 1.000 Euro – ein anderer nimmt einem Dealer unter Drohung dessen Vorrat ab.;Wirtschaftlicher oder juristisch-ökonomischer Vermögensbegriff: Sind illegale Positionen strafrechtlich geschützt?;"§§ 263, 253, 255 StGB; KCanG";;1;Streitstand;4;4;;14.5;Vermögensschaden: Gesamtsaldierung einfach erklärt;"13.7 Vermögensbegriff; Band 19 › Vermögensbegriff beim Betrug";"BGH-Senate uneinheitlich (Anfragebeschluss 2 StR 335/15 zurückgenommen); KCanG 2024 ändert Legalstatus von Cannabis – Stand prüfen."
683;5;228;20;Mi;Examenswissen;Zivilrecht;Schuldrecht AT;Fiktive Reparaturkosten: Geld nehmen, ohne zu reparieren?;Der Handwerker hat gepfuscht – du willst das Geld für die Beseitigung, aber gar nicht reparieren lassen.;Dürfen Mängelbeseitigungskosten fiktiv abgerechnet werden – im Werkvertrag, im Kaufrecht und im Delikt unterschiedlich?;§§ 249 II, 280, 281, 634 Nr. 4 BGB;"BGHZ 218, 1; BGH, Urt. v. 12.3.2021 – V ZR 33/19";1+2;Streitstand;4;4;;14.0;Schadensrecht in fünf Minuten: Differenzhypothese und Naturalrestitution;Band 11 – 11. Schadensersatzsystem – Streitstände, Abgrenzungen und Konkurrenzfragen;"Unterschiedliche Linien des VII. und V. Zivilsenats; aktuellen Rspr.-Stand prüfen"
684;5;228;20;Fr;2. Examen;2. Examen;VwGO-Praxis;10 Fehler, die im öffentlichen Recht des 2. Examens Punkte kosten;Deine Klausur hat die richtige Lösung, und trotzdem gibt der Korrektor nur fünf Punkte.;Welche typischen Fehler – Klageart, Beiladung, § 80 V/§ 123, § 80 III, Spruchreife, Vollstreckbarkeit, Landesrecht – kosten Punkte, und wie vermeidet man sie?;"VwGO; VwVfG";—;2;Klausurfehler;5;1;;11.5;Grundvideos VwGO-Praxis;"Band 5 – 37. Typische Fehlerquellen; 41. Endkontrolle Öffentliches Recht - 2. Examen";stabil
685;5;229;21;Mo;Der Fall;Öffentliches Recht;Staatshaftungsrecht;Lockdown-Schäden: Muss der Staat Betriebe entschädigen?;Ein Friseursalon musste im Lockdown sechs Wochen schließen und verlangt vom Land Ersatz für den Umsatzausfall.;"Kein Anspruch aus §§ 56, 65 IfSG, enteignender Eingriff und Amtshaftung verneint; Hilfsprogramme als politische Lösung.";"§§ 56, 65 IfSG; Art. 14 GG; § 839 BGB";BGH, Urt. v. 17.03.2022 – III ZR 79/21 (Corona-Betriebsschließung);1;Alltagsfall;3;5;;14.5;Enteignender Eingriff: Wenn legale Bauarbeiten dein Geschäft ruinieren;Band 12 › 33. › Enteignender/enteignungsgleicher Eingriff (Ergänzung);Mittel: Folgeentscheidungen des BVerfG zu Verfassungsbeschwerden prüfen
686;5;229;21;Mi;Examenswissen;Strafrecht;StGB BT;Untreue § 266: Der Kassenwart und die Vereinskasse;Der Kassenwart eines Sportvereins überweist sich Vereinsgeld für einen Urlaub.;Missbrauchs- oder Treubruchtatbestand – was ist eine Vermögensbetreuungspflicht?;§ 266 StGB;;1+2;Schema;4;4;;14.5;Straftat prüfen in 3 Schritten: Tatbestand, Rechtswidrigkeit, Schuld;"18. Untreue und Anschlussdelikte; 33.9 Untreue, § 266 StGB";
687;5;229;21;Fr;Klausurpraxis;Zivilrecht;Schuldrecht AT;Falsches Wertgutachten: Haftet der Gutachter auch dem Käufer?;Der Verkäufer lässt ein Gutachten für sein Haus erstellen – der Käufer verlässt sich darauf, es ist grob falsch.;Kann ein Vertrag mit Schutzwirkung auch bei gegenläufigen Interessen von Auftraggeber und Drittem entstehen (Expertenhaftung)?;§§ 280 I, 328 analog BGB;BGHZ 127, 378;1;Streitstand;4;4;;14.0;Vertrag mit Schutzwirkung für Dritte: Das Kind und das Gemüseblatt;3.13 Vertrag mit Schutzwirkung für Dritte und Drittschadensliquidation;
688;5;230;22;Mo;Der Fall;Öffentliches Recht;Staatshaftungsrecht;Impfschaden: Wer zahlt, wenn die Impfung krank macht?;Nach einer öffentlich empfohlenen Impfung erleidet eine junge Frau eine dauerhafte Nervenschädigung.;Aufopferungsgedanke, spezialgesetzliche Versorgung (§ 60 IfSG, SGB XIV), Abgrenzung zu Amtshaftung und Produkthaftung.;"§ 60 IfSG; SGB XIV; §§ 74, 75 EinlALR";BGHZ 9, 83 (Impfschaden – Aufopferung);1;Alltagsfall;2;5;ja;14.5;Wenn der Staat Mist baut: Das System der Staatshaftung;Band 12 › 33. › Aufopferung und Erstattung;Hoch: soziales Entschädigungsrecht seit 01.01.2024 im SGB XIV – Verweisungen prüfen
689;5;230;22;Mi;Examenswissen;Strafrecht;StGB BT;Überfall im Taxi: Räuberischer Angriff auf Kraftfahrer § 316a;Ein Fahrgast lässt das Taxi an einer dunklen Ecke halten und bedroht den Fahrer mit einem Messer.;Wann ist der Fahrer noch „Führer“ eines Kraftfahrzeugs und wann nutzt der Täter die besonderen Verhältnisse des Straßenverkehrs aus?;§§ 316a, 249, 255 StGB;"BGHSt 49, 8; BGHSt 50, 169";1+2;Abgrenzung;4;4;;14.5;Raub § 249: Gewalt, Wegnahme, Finalität;"13.14 § 316a StGB und „fahrendes“ Fahrzeug; 34.6; 36.12";
690;5;230;22;Fr;2. Examen;2. Examen;VwGO-Praxis;Anwaltskosten im Widerspruchsverfahren: Wer zahlt?;Ein Bürger hat sich gegen einen Beitragsbescheid anwaltlich wehren lassen, gewinnt und will die Anwaltsrechnung erstattet haben.;Wann sind Aufwendungen im Vorverfahren erstattungsfähig, und wie wird die Notwendigkeit der Hinzuziehung eines Bevollmächtigten festgestellt?;"§§ 73 III 3, 162 II 2 VwGO; § 80 VwVfG";—;2;Sonderlage;3;4;;12.0;Kosten und Vollstreckbarkeit im Verwaltungsurteil;"Band 5 – 4.5 Vorverfahren; 24. Kosten des Widerspruchsverfahrens";Landesrecht: Kostenvorschriften und Existenz des Widerspruchsverfahrens je Land prüfen
691;5;231;23;Mo;Der Fall;Zivilrecht;IPR;Unfall im Urlaub: Welches Recht gilt für den Schadensersatz?;Zwei Deutsche stoßen auf Mallorca mit ihren Mietwagen zusammen.;Welches Recht beruft Art. 4 Rom II-VO (Erfolgsort, gemeinsamer gewöhnlicher Aufenthalt, engere Verbindung)?;Art. 4, 14, 28 Rom II-VO;;1;Alltagsfall;3;5;;14.5;IPR in fünf Schritten: Welches Recht gilt bei Auslandsbezug?;Band 11 – 43. Internationales Privatrecht – Rom II;
692;5;231;23;Mi;Examenswissen;Strafrecht;StGB BT;Brandstiftung: Das System der §§ 306 ff.;Ein Mann zündet den Holzschuppen seines Nachbarn an – das Feuer greift auf das Wohnhaus über.;Wie hängen § 306 (Eigentum), § 306a (Gefährdung), §§ 306b, 306c und § 306d zusammen – und was heißt „in Brand setzen“?;§§ 306–306d StGB;;1;Schema;4;4;;14.5;;"21. Brandstiftungsdelikte; Band 13 › 20. › Grundbegriffe";
693;5;231;23;Fr;Klausurpraxis;Öffentliches Recht;Staatsorganisationsrecht;Fünf-Prozent-Hürde: Warum im Bundestag ja, im Europaparlament nicht?;Eine Kleinpartei holt 3 % und fragt, warum ihre Stimmen im Bundestag verfallen, im EU-Parlament aber nicht.;"Sperrklauseln als Eingriff in Wahlrechts- und Chancengleichheit; Rechtfertigung durch Funktionsfähigkeit des Parlaments; unterschiedliche Maßstäbe.";"Art. 38 I, 21 I GG; § 4 BWahlG; § 2 EuWG";"BVerfGE 129, 300 (5 %-Hürde Europawahl); BVerfGE 135, 259 (3 %-Hürde)";1;Abgrenzung;4;4;;14.0;Die fünf Wahlrechtsgrundsätze: Was macht eine Wahl demokratisch?;Band 12 › 3. › Wahlrechtsgrundsätze (Gleichheit);Mittel: EU-Direktwahlakt 2018 sieht Sperrklausel für große Mitgliedstaaten vor – Inkrafttreten prüfen
694;5;232;24;Mo;Der Fall;Zivilrecht;BGB AT;„Ja, aber …“: Warum eine geänderte Annahme ein Nein ist;Der Verkäufer will 500 Euro für sein Rennrad, du antwortest: „Okay, für 450.“;Wie wirken verspätete oder inhaltlich abweichende Annahmen nach § 150 BGB?;§§ 146–150 BGB;;1;Schema;4;4;;14.0;Angebot und Annahme: Wann ist ein Vertrag wirklich geschlossen?;2.2 Angebot und Annahme;
695;5;232;24;Mi;Examenswissen;Strafrecht;StPO;Verfahrenshindernisse: Strafantrag, Verjährung, Strafklageverbrauch;Eine Frau erstattet erst vier Monate nach einer Beleidigung Anzeige.;Welche Verfahrensvoraussetzungen gibt es und was folgt aus ihrem Fehlen?;"§§ 77, 77b, 78 ff., 194 StGB; §§ 206a, 260 III StPO";;1+2;Schema;4;4;;14.5;Verfahrensablauf;38.1 Verfahrensvoraussetzungen;
696;5;232;24;Fr;2. Examen;2. Examen;StPO-Praxis;10 Fallen der Anklageklausur – und wie du sie umgehst;Deine Anklage ist sauber formuliert, doch der Strafantrag fehlt und die Fahrerlaubnis hast du vergessen.;Welche typischen Fehler – Beweisbarkeit, §§ 154/154a, Zuständigkeit, Strafantrag, Konkurrenzen, Nebenentscheidungen – kosten in der Staatsanwaltsklausur Punkte?;"StPO; StGB";—;2;Klausurfehler;5;1;;11.5;Anklageklausur: Das Gesamtschema vom Gutachten bis zur Verfügung;"Band 6 – 60. Typische Klausurfallen der Anklageklausur; 64. Endkontrolle Strafrecht - 2. Examen";stabil
697;5;233;25;Mo;Der Fall;Zivilrecht;BGB AT;Hemmung und Neubeginn: Wie man die Verjährung stoppt;Du verhandelst monatelang mit der Versicherung – läuft die Verjährung einfach weiter?;Was unterscheidet Hemmung (§§ 203, 204 BGB) und Neubeginn (§ 212 BGB) und wie wirken sie auf die Frist?;§§ 203, 204, 209, 212 BGB;;1+2;Schema;4;4;;14.0;Verjährung in fünf Minuten: Drei Jahre und der Silvester-Trick;Band 11 – 8. Verjährung, Fristen und Verwirkung – Hemmung und Neubeginn;
698;5;233;25;Mi;Examenswissen;Öffentliches Recht;Verwaltungsprozessrecht;Widerspruch: Brauche ich den noch – und wie geht er?;In einem Bescheid steht 'Klage binnen eines Monats', im Bescheid aus dem Nachbarland 'Widerspruch' – warum?;Funktion, Entbehrlichkeit (§ 68 I 2 VwGO, Landesrecht), Zulässigkeit und Begründetheit, Abhilfe, Widerspruchsbescheid.;"§§ 68–73 VwGO; AGVwGO der Länder";;1+2;Schema;4;4;;14.0;Anfechtungsklage: Das komplette Prüfungsschema;"Band 2 › 9. Widerspruchsverfahren; 25.11; Band 12 › 26. Widerspruchsverfahren";Länder: Vorverfahren in vielen Ländern weitgehend abgeschafft – Video mit Länderkarte und Musterfall aus einem Land mit Widerspruch
699;5;233;25;Fr;Klausurpraxis;Strafrecht;StPO;Richtervorbehalt umgangen: Beweisverwertungsverbot?;Ermittler durchsuchen eine Wohnung ohne Beschluss, obwohl ein Richter erreichbar gewesen wäre, und finden Drogen.;Wann führt ein Verfahrensverstoß nach der Abwägungslehre zur Unverwertbarkeit – und was taugt der hypothetische Ersatzeingriff?;§§ 105, 94 StPO;;1+2;Streitstand;4;4;;14.5;Durchsuchung: Wann darf die Polizei in meine Wohnung?;"15.5 Beweisverwertungsverbote bei Zwangsmaßnahmen; Band 19 › Relative Beweisverwertungsverbote";
700;5;234;26;Mo;Der Fall;Zivilrecht;Kaufrecht;Gebrauchtwagen kaputt: Kann man einen Ersatzwagen verlangen?;Der gebrauchte Kombi hat einen Motorschaden – der Käufer will einen gleichwertigen anderen.;Ist beim Stückkauf Nacherfüllung durch Ersatzlieferung möglich, wenn eine gleichartige und gleichwertige Sache beschafft werden kann?;§§ 439 I, 275 I BGB;BGHZ 168, 64;1;Streitstand;4;4;;14.0;Reparatur oder neues Gerät – wer entscheidet bei der Nacherfüllung?;Nachlieferung bei Stückschuld;
701;5;234;26;Mi;Examenswissen;Öffentliches Recht;Staatsorganisationsrecht;Bundesstaat: Warum Bayern andere Regeln hat als Berlin;Schulferien, Polizeigesetz, Abitur: Warum ist so vieles Ländersache – und wann bricht Bundesrecht Landesrecht?;Staatsqualität der Länder, Kompetenzverteilung (Art. 30, 70, 83 GG), Art. 31 GG und Grundsatz der Bundestreue.;Art. 20 I, 28 I, 30, 31, 70, 83 GG;BVerfGE 12, 205 (1. Rundfunkentscheidung – Bundestreue);1;Schema;3;4;ja;14.0;;Band 12 › 1. › Bundesstaat;
702;5;234;26;Fr;2. Examen;2. Examen;StPO-Praxis;10 Fallen der Revisionsklausur – der Endkontroll-Check;Deine Revision findet alle Fehler, aber die Begründungsfrist ist falsch berechnet und das Beruhen fehlt.;Welche typischen Fehler – Fristen, § 344 II 2, Akteninhalt in der Sachrüge, Präklusion, Beruhen, Antrag – kosten in der Revisionsklausur Punkte?;StPO;—;2;Klausurfehler;5;1;;11.5;Revision in 6 Minuten: Sachrüge vs. Verfahrensrüge;"Band 6 – 61. Typische Klausurfallen der Revision; 63. Revisionsklausur - kompaktes Gesamtschema; 64.";stabil
703;5;235;27;Mo;Der Fall;Strafrecht;StGB BT;Suizidhilfe nach dem BVerfG-Urteil: Was ist heute erlaubt?;Eine Ärztin überlässt einer lebensmüden, aber urteilsfähigen Patientin tödliche Tabletten und bleibt bei ihr, bis sie bewusstlos wird.;Straflose Suizidbeihilfe, § 217 nichtig, Rettungspflicht nach Bewusstlosigkeit – wie ist die aktuelle Rechtslage?;§§ 13, 216, 217 a.F., 323c StGB;"BVerfG, Urt. v. 26.2.2020 – 2 BvR 2347/15; BGHSt 64, 121; BGHSt 64, 135";1;Streitstand;3;5;;14.0;Der Heroinspritzen-Fall: Eigenverantwortliche Selbstgefährdung + Unechtes Unterlassen § 13: Strafbar durch Nichtstun;Band 13 › 10. › Sterbehilfe;"§ 217 StGB nichtig (2020); Gesetzentwürfe zur Suizidhilfe 2023 gescheitert – neuen Gesetzesstand prüfen."
704;5;235;27;Mi;Examenswissen;Zivilrecht;Kaufrecht;Haftet der Händler für Fehler aus der Fabrik?;Der Fehler im Parkett stammt vom Hersteller – der Händler konnte ihn nicht erkennen.;Ist der Hersteller Erfüllungsgehilfe des Verkäufers und worauf bezieht sich das Vertretenmüssen beim Schadensersatz statt der Leistung?;§§ 437 Nr. 3, 280 I, III, 281, 278 BGB;BGHZ 177, 224;1;Streitstand;4;4;;14.0;Das Heizgerät setzt den Keller in Brand: Schadensersatz im Kaufrecht;Bezugspunkt des Vertretenmüssens im kaufrechtlichen Schadensersatz statt der Leistung;
705;5;235;27;Fr;Methodik;Methodik;Gesetz lesen;Rechtsgrund- oder Rechtsfolgenverweisung? So liest du Verweise;§ 951 verweist auf das Bereicherungsrecht – aber auf welche Teile?;Arten gesetzlicher Verweisungen;;;1+2;Methodik;4;1;;9.5;;36.5 Arbeit mit dem Gesetz, Auslegung und Analogie;
706;5;236;28;Mo;Der Fall;Öffentliches Recht;Europarecht;van Gend & Loos: Wie EU-Recht direkt für Bürger gilt;Ein Importeur soll plötzlich höhere Zölle zahlen als im Vertrag vereinbart – und beruft sich direkt auf den EU-Vertrag.;Unmittelbare Wirkung des Primärrechts (klar, unbedingt, keine Umsetzung nötig), Unionsrecht als eigene Rechtsordnung.;Art. 30, 267 AEUV;EuGH, Urt. v. 05.02.1963 – Rs. 26/62 (van Gend & Loos);1;Klassiker-Fall;4;2;ja;14.5;Verordnung, Richtlinie, Beschluss: EU-Rechtsakte erklärt;Einzelprobleme 11.1 Unmittelbare Wirkung des Primärrechts;
707;5;236;28;Mi;Examenswissen;Zivilrecht;Deliktsrecht;Lieferfahrer fährt dein Auto an: Haftung für Verrichtungsgehilfen;Der Fahrer des Getränkelieferanten fährt beim Ausladen gegen dein geparktes Auto.;Wann haftet der Geschäftsherr nach § 831 BGB und wann kann er sich exkulpieren?;§ 831 BGB;;1+2;Schema;4;4;;14.0;§ 823 I BGB: Das Prüfungsschema der unerlaubten Handlung;24.3 §§ 823 II, 826, 831, 833 BGB und StVG;
708;5;236;28;Fr;Klausurpraxis;Strafrecht;StGB BT;Schwarzfahren § 265a: Wird es bald entkriminalisiert?;Eine Pendlerin steigt ohne Ticket in die S-Bahn und wird kontrolliert.;Genügt unauffälliges Mitfahren für „Erschleichen“ – und warum wird über eine Herabstufung zur Ordnungswidrigkeit gestritten?;§ 265a StGB;BGHSt 53, 122;1;Streitstand;3;5;;14.0;Betrug § 263: Das Prüfungsschema;Ergänzung – § 265a in der Quelle nicht behandelt (Anknüpfung 17. Betrug und Computerbetrug);Entkriminalisierung des Fahrens ohne Fahrschein politisch diskutiert – aktuellen Gesetzesstand prüfen.
709;5;237;29;Mo;Der Fall;Öffentliches Recht;Europarecht;Warum die deutsche Pkw-Maut gescheitert ist;Alle zahlen Maut, aber nur Inländer bekommen das Geld über die Kfz-Steuer zurück.;Mittelbare Diskriminierung (Art. 18 AEUV), Waren- und Dienstleistungsfreiheit, Gesamtbetrachtung zweier Maßnahmen.;Art. 18, 34, 56, 92 AEUV;EuGH, Urt. v. 18.06.2019 – C-591/17 (Österreich/Deutschland – Pkw-Maut);1;Alltagsfall;3;5;;14.5;Warenverkehrsfreiheit: Das Prüfungsschema mit Dassonville;Band 2 › 22.2 Grundfreiheiten (Diskriminierung);
710;5;237;29;Mi;Examenswissen;Zivilrecht;Bereicherungsrecht;Gefälschte Überweisung: Holt sich die Bank das Geld vom Empfänger?;Die Bank führt eine gefälschte Überweisung aus – der Empfänger hat das Geld schon.;Kann die Bank bei nicht autorisierter Zahlung direkt beim Empfänger kondizieren und wie wirkt § 675u BGB?;§§ 675j, 675u, 812 I 1 Alt. 2 BGB;BGHZ 205, 377;1;Streitstand;4;4;;14.0;Anweisungsfälle: Wer muss das Geld zurückzahlen?;Anweisungsfälle bei Zahlungsdiensten;"Zahlungsdiensterecht §§ 675c ff. BGB (PSD2); EU-Reform PSD3/PSR beachten"
711;5;237;29;Fr;Klausurpraxis;Strafrecht;StPO;Staatstrojaner: Online-Durchsuchung und Quellen-TKÜ;Ermittler spielen einem Verdächtigen heimlich Software auf den Laptop, um verschlüsselte Chats mitzulesen.;Welche Anforderungen stellen §§ 100a I 2, 100b StPO und das IT-Grundrecht?;"§§ 100a, 100b StPO; Art. 2 I, 1 I GG";BVerfGE 120, 274;1;Streitstand;3;5;;14.0;TKÜ;Band 13 › 28. › Telekommunikation/Onlinezugriff;"§§ 100a I 2, 100b StPO seit 2017; anhängige Verfassungsbeschwerden – aktuellen Stand prüfen."
712;5;238;30;Mo;Der Fall;Öffentliches Recht;Europarecht;Begrenzte Einzelermächtigung: Darf die EU alles regeln?;Die EU verbietet Tabakwerbung in Zeitschriften mit Verweis auf den Binnenmarkt – ist sie für Gesundheit überhaupt zuständig?;Art. 5 EUV (Einzelermächtigung, Subsidiarität, Verhältnismäßigkeit), Binnenmarktkompetenz Art. 114 AEUV, Subsidiaritätsrüge.;"Art. 5 EUV; Art. 114, 168 AEUV";EuGH, Urt. v. 05.10.2000 – C-376/98 (Tabakwerbung I);1;Klassiker-Fall;3;3;ja;14.0;EU-Institutionen: Wer macht in Brüssel eigentlich was?;"Band 2 › 34.1 Institutionen und Kompetenzordnung; Band 12 › 34. › Institutionen und Kompetenzen";
713;5;238;30;Mi;Examenswissen;Zivilrecht;Erbrecht;Testament anfechten: Das übergangene Kind;Nach dem Tod wird ein nichteheliches Kind des Erblassers bekannt, das im Testament fehlt.;Wann kann eine letztwillige Verfügung nach §§ 2078, 2079 BGB angefochten werden, wer ist berechtigt und welche Frist gilt?;§§ 2078–2083 BGB;;1;Streitstand;4;4;;14.0;„Mein Haus bekommt Peter“: Erbe oder Vermächtnis?;Testamentsanfechtung und Motivirrtum;
714;5;238;30;Fr;2. Examen;2. Examen;Klausurtechnik;Tenor zuerst: Der 5-Minuten-Endcheck vor der Abgabe;Zehn Minuten vor Abgabe merkst du, dass dein Tenor die Widerklage gar nicht erwähnt.;Welche Punkte – Rubrum, Tenor deckt alle Anträge, Nebenentscheidungen, Widerspruchsfreiheit von Tenor und Gründen – prüft man vor Abgabe jeder Assessorklausur?;"§ 308 ZPO; § 88 VwGO";—;2;Klausurfehler;5;1;;11.5;Grundvideos Urteil;"Band 4 – 28. Praktische Endkontrolle der Zivilklausur; 48. Assessorklausur-Endkontrolle; Band 5 – 41. Endkontrolle Öffentliches Recht; Band 6 – 64. Endkontrolle Strafrecht";stabil
715;5;239;31;Mo;Der Fall;Strafrecht;StGB BT;Bedrohung § 241: Seit 2021 viel weiter als früher;Ein Mann schreibt einem Kommunalpolitiker per Messenger: „Wir wissen, wo dein Auto steht – es wird brennen.“;Welche Drohungen erfasst § 241 StGB in der Neufassung und wie grenzt man zur Nötigung ab?;§§ 241, 240 StGB;;1;Schema;3;5;;14.0;Nötigung § 240: Das Prüfungsschema mit Verwerflichkeit;Band 13 › 12. › Bedrohung;§ 241 StGB 2021 erweitert (Gesetz zur Bekämpfung des Rechtsextremismus und der Hasskriminalität) – aktuellen Wortlaut prüfen.
716;5;239;31;Mi;Examenswissen;Zivilrecht;Kaufrecht;E-Bike gekauft, Polizei klingelt: Der Rechtsmangel;Kurz nach dem Kauf steht die Polizei vor der Tür: Das E-Bike ist als gestohlen gemeldet.;Wann liegt ein Rechtsmangel nach § 435 BGB vor und wie hängt er mit dem gutgläubigen Erwerb und § 935 BGB zusammen?;§§ 435, 437, 935 BGB;;1;Abgrenzung;3;5;;13.5;Wann ist eine Sache mangelhaft? Der neue § 434 BGB;35.2 Sach- und Rechtsmangel;
717;5;239;31;Fr;Klausurpraxis;Öffentliches Recht;Grundrechte;Reiten im Walde: Schützt das Grundgesetz auch Hobbys?;Ein Landesgesetz verbietet Reiten auf schmalen Waldwegen – eine Reiterin sieht ihre Freiheit verletzt.;Weiter Schutzbereich des Art. 2 I GG (Sondervotum Grimm), Schrankentrias, Verhältnismäßigkeit bei Bagatellfreiheiten.;Art. 2 I GG;BVerfGE 80, 137 (Reiten im Walde);1;Streitstand;3;4;ja;14.0;Elfes: Warum 'einfach tun, was man will' ein Grundrecht ist;Band 12 › 9. › Art. 2 Abs. 1;
718;5;240;32;Mo;Der Fall;Strafrecht;StGB BT;Stalking § 238: Wann wird Nachstellen strafbar?;Ein Ex-Freund wartet wochenlang vor der Arbeitsstelle, schreibt täglich Nachrichten und bestellt Waren auf den Namen der Frau.;Welche Handlungen erfasst § 238 StGB und wann ist die Lebensgestaltung „nicht unerheblich“ beeinträchtigt?;§ 238 StGB;;1;Schema;3;5;;14.0;Nötigung § 240: Das Prüfungsschema mit Verwerflichkeit;35.7 Freiheitsdelikte;"§ 238 StGB 2021 reformiert (u. a. digitale Tathandlungen, abgesenkte Eignungsschwelle); weitere Änderungen (z. B. GPS-Tracker) in Diskussion – Stand prüfen."
719;5;240;32;Mi;Examenswissen;Zivilrecht;Kaufrecht;„Die Garantie ist abgelaufen“: Garantie vs. Gewährleistung;Nach 13 Monaten ist der Kopfhörer kaputt – der Händler verweist auf die abgelaufene Herstellergarantie.;Wie unterscheiden sich gesetzliche Mängelhaftung des Verkäufers und freiwillige Garantie (§§ 443, 479 BGB)?;§§ 437, 438, 443, 479 BGB;;1+2;Abgrenzung;3;5;;13.5;Die Käuferrechte des § 437 BGB auf einen Blick;14.3 Besondere Problemfelder;
720;5;240;32;Fr;2. Examen;2. Examen;VwGO-Praxis;Bau-Turbo § 246e BauGB: Das neue Baurecht in der Akte;Ein Investor will ohne Bebauungsplan 60 Wohnungen am Ortsrand bauen und beruft sich auf den neuen Bau-Turbo.;Was regeln §§ 31 III, 34 IIIb, 36a und 246e BauGB n.F., und wann bildet die gemeindliche Zustimmung eine eigene Prüfungsstation?;§§ 31 III, 34 IIIb, 36a, 246e BauGB;noch keine gefestigte Rspr.;2;Sonderlage;3;4;;12.0;Nachbar gegen Baugenehmigung: Eilrechtsschutz nach §§ 80a, 80 V;Band 5 – 28. Baurecht im Assessorexamen;"Hoch: seit 30.10.2025 in Kraft, befristete Sonderregeln; Rspr., Landes-Hilfsmittel und Prüfungsamtspraxis beobachten"
721;5;241;33;Mo;Der Fall;Strafrecht;StGB BT;Kreditkarte überzogen: Missbrauch von Zahlungskarten § 266b;Eine Studentin zahlt mit ihrer eigenen Kreditkarte weiter, obwohl sie weiß, dass sie die Abrechnung nicht begleichen kann.;Warum passt § 263 nicht und wann greift § 266b StGB beim berechtigten Karteninhaber?;§§ 263, 266b StGB;;1;Schema;3;5;;14.0;Betrug § 263: Das Prüfungsschema;"33.10 Missbrauch von Scheck- und Kreditkarten, § 266b StGB; Band 13 › 16. › § 266b";
722;5;241;33;Mi;Examenswissen;Öffentliches Recht;Staatsorganisationsrecht;Ewigkeitsklausel: Was selbst eine Zweidrittelmehrheit nicht ändern darf;Eine Koalition mit Zweidrittelmehrheit will die Länder abschaffen und die Wahlperiode auf zehn Jahre verlängern – geht das?;Formelle (Art. 79 I, II) und materielle Grenzen der Verfassungsänderung (Art. 79 III: Art. 1 und 20, Gliederung in Länder).;"Art. 79 GG; Art. 1, 20, 146 GG";BVerfGE 30, 1 (Abhörurteil);1;Schema;4;4;;14.0;Staatsstrukturprinzipien;"Band 2 › 18.3 Gesetzgebung; 30.1 Staatsstrukturprinzipien";
723;5;241;33;Fr;Klausurpraxis;Zivilrecht;Weitere Vertragstypen;Geld unter Freunden: Darlehen oder Geschenk?;Du leihst deinem Kumpel 2.000 Euro ohne schriftlichen Vertrag – später nennt er es ein Geschenk.;Wie grenzt man Darlehen und Schenkung ab, wer trägt die Beweislast und wie wird ein Darlehen fällig (§ 488 III BGB)?;§§ 488, 516 BGB;;1+2;Abgrenzung;3;5;;13.5;Angebot und Annahme: Wann ist ein Vertrag wirklich geschlossen?;Band 11 – 22. Darlehen, Bürgschaft und Personalsicherheiten – Darlehen;
724;5;242;34;Mo;Der Fall;Strafrecht;StGB BT;Falsche Verdächtigung: Den Nachbarn anschwärzen;Eine Frau zeigt ihren Nachbarn wahrheitswidrig an, er habe ihr Auto zerkratzt, um ihn aus dem Haus zu ekeln.;Was verlangt § 164 StGB (wider besseres Wissen, Absicht) und wie grenzt man ihn von § 145d ab?;§§ 164, 145d StGB;;1;Schema;3;5;;14.0;;"36.2 Falsche Verdaechtigung; Band 13 › 22. › § 164";
725;5;242;34;Mi;Examenswissen;Öffentliches Recht;Staatsorganisationsrecht;Rechtsverordnungen: Warum die Regierung keine Gesetze machen darf;Im Lockdown regelte eine Verordnung, wie viele Menschen du zu Hause treffen durftest – auf welcher Grundlage?;Art. 80 I GG (Inhalt, Zweck, Ausmaß), Zitiergebot, Wesentlichkeit, Folgen fehlerhafter Verordnungen.;"Art. 80 GG; §§ 28, 28a, 32 IfSG";;1;Schema;4;4;;14.0;Wesentlichkeitstheorie: Was muss das Parlament selbst entscheiden?;"Band 12 › 5. › Rechtsverordnungen; Band 2 › 26.10";Gering: Corona-Recht außer Kraft – als historisches Beispiel kennzeichnen
726;5;242;34;Fr;2. Examen;2. Examen;VwGO-Praxis;Amtshaftung, Folgenbeseitigung, Erstattung: Welcher Rechtsweg?;Die Stadt hat rechtswidrig den Baum des Mandanten gefällt, und er will Schadensersatz und einen neuen Baum.;Welche Staatshaftungsansprüche kommen in Betracht, vor welchem Gericht sind sie geltend zu machen, und was folgt aus § 17 II GVG?;"§ 839 BGB i.V.m. Art. 34 GG; § 40 II VwGO; § 17 II GVG";—;2;Zweckmäßigkeit;3;4;;12.0;;Band 5 – 30. Staatshaftung in der Anwaltsklausur;stabil
727;5;243;35;Mo;Der Fall;Zivilrecht;Kaufrecht;Recht auf Reparatur 2026: Muss der Hersteller dein Gerät reparieren?;Die Gewährleistung ist abgelaufen, das Display deines Tablets kaputt – der Hersteller winkt ab.;Wann trifft den Hersteller die neue Reparaturpflicht der §§ 479a–479g BGB, wie grenzt sie sich von der Nacherfüllung ab und gehört Reparierbarkeit nun zu den objektiven Anforderungen des § 434 BGB?;"§§ 479a–479g BGB; Art. 229 § 72 EGBGB";;1;Schema;3;5;;13.5;Reparatur oder neues Gerät – wer entscheidet bei der Nacherfüllung?;3.15a Neues Recht auf Reparatur seit 23. Juli 2026;"§§ 479a–479g BGB in Kraft seit 23.7.2026; für Kaufverträge vor dem 31.7.2026 gilt grds. altes Recht (Art. 229 § 72 EGBGB)"
728;5;243;35;Mi;Examenswissen;Strafrecht;StPO;EncroChat: Sind gehackte Kryptohandy-Chats verwertbar?;Französische Ermittler hacken einen Verschlüsselungsdienst – deutsche Gerichte verurteilen mit den Daten Drogenhändler.;Dürfen im Ausland erhobene Daten verwertet werden, obwohl eine deutsche Anordnung so nicht möglich gewesen wäre?;"§§ 100b, 100e VI StPO; RL 2014/41/EU";"BGH, Beschl. v. 2.3.2022 – 5 StR 457/21; EuGH, Urt. v. 30.4.2024 – C-670/22";1+2;Streitstand;3;5;;14.0;Beweisverwertungsverbote: Das System in 6 Minuten;15.5 Beweisverwertungsverbote bei Zwangsmaßnahmen;Folgeentscheidungen (BVerfG, BGH nach EuGH 2024) prüfen.
729;5;243;35;Fr;Klausurpraxis;Öffentliches Recht;Grundrechte;Schulgebet: Darf in der Schule gebetet werden?;Eine Klasse beginnt den Tag freiwillig mit einem Gebet – ein Mitschüler möchte nicht mitmachen.;"Freiwilligkeit, zumutbare Ausweichmöglichkeit, offene Neutralität; Abgrenzung zum Kruzifix-Fall.";Art. 4 I, II, 7 I GG;BVerfGE 52, 223 (Schulgebet);1;Abgrenzung;3;4;ja;14.0;Kreuz im Klassenzimmer: Der Kruzifix-Beschluss erklärt;Teil B › 41. Das Sonntagsgebet an der Schule - Glaubensfreiheit;
730;5;244;36;Mo;Der Fall;Zivilrecht;Digitale Produkte;Apps, Streaming, Cloud: Das Recht der digitalen Produkte;Dein Streamingdienst ruckelt seit Wochen nur noch – was kannst du rechtlich tun?;Wann gelten §§ 327 ff. BGB, welche Bereitstellungs- und Mangelregeln bestehen und welche Rechte hat der Verbraucher?;§§ 327–327u BGB;;1;Schema;3;5;;13.5;Verbraucher oder Unternehmer? Die Weichenstellung der §§ 13, 14 BGB;13. Vertraege ueber digitale Produkte;"§§ 327 ff. BGB seit 1.1.2022; hohe Änderungsdynamik – eng am aktuellen Gesetz arbeiten"
731;5;244;36;Mi;Examenswissen;Strafrecht;StPO;Das Handyvideo des Nachbarn: Private Beweise vor Gericht;Ein Nachbar filmt heimlich über den Zaun eine Tat im Garten und gibt das Video der Polizei.;Gelten Beweisverwertungsverbote auch für privat und rechtswidrig erlangte Beweismittel?;"§§ 244 II, 261 StPO; § 201a StGB";;1+2;Streitstand;3;5;;14.0;Beweisverwertungsverbote: Das System in 6 Minuten;Band 13 › 29. › Beweisverwertungsverbote;
732;5;244;36;Fr;2. Examen;2. Examen;Klausurtechnik;Kautelarklausur: Verträge gestalten statt Streit entscheiden;Zwei Freunde wollen gemeinsam eine Ferienwohnung kaufen und brauchen einen Vertrag, der auch den Streitfall regelt.;Wie erfasst man Mandantenziele, trennt dispositives und zwingendes Recht, antizipiert Störfälle und AGB-Risiken, und wie trennt man Gestaltungsgutachten und Entwurf?;"§§ 305 ff., 311b BGB; Prüfungsordnung";—;2;Schema;3;4;;12.0;Anwaltsklausur: Gutachten, Zweckmäßigkeit, Schriftsatz;Band 20 – Kautelarklausur – Vertragsgestaltung und vorsorgende Rechtsberatung;Prüfungsordnung: Klausurtyp nicht in allen Ländern vorgesehen
733;5;245;37;Mo;Der Fall;Zivilrecht;Weitere Vertragstypen;Autokredit widerrufen: Der Widerrufsjoker;Jahre nach dem Autokredit entdeckst du, dass die Widerrufsinformation fehlerhaft war.;Wann ist ein Verbraucherdarlehen noch widerruflich und wie erstreckt sich der Widerruf auf verbundene Verträge (§ 358 BGB)?;§§ 491, 495, 356b, 358, 506 BGB;;1+2;Schema;3;5;;13.5;Widerruf im Onlinehandel: 14 Tage und die Ausnahmen;17.1 Darlehen, Schenkung, Leihe und Buergschaft;"§ 506 BGB: Neufassung ab 20.11.2026 angekündigt; Umsetzung der Verbraucherkreditrichtlinie (EU) 2023/2225 prüfen"
734;5;245;37;Mi;Examenswissen;Öffentliches Recht;Verwaltungsprozessrecht;Doppelfunktionale Polizeimaßnahmen: Verwaltungs- oder Strafgericht?;Die Polizei nimmt dein Handy mit – um eine Tat aufzuklären und zugleich weitere zu verhindern.;"Präventiv vs. repressiv, Schwerpunkttheorie, Rechtsweg nach § 40 VwGO oder § 23 EGGVG / § 98 II StPO; legendierte Kontrollen.";"§ 40 VwGO; § 23 EGGVG; § 98 II StPO; Landes-PolG";BGH, Urt. v. 26.04.2017 – 2 StR 247/16 (legendierte Kontrolle);1+2;Abgrenzung;4;4;;14.0;Verwaltungsrechtsweg: § 40 VwGO Schritt für Schritt;Band 2 › 25.1 (Ergänzung);
735;5;245;37;Fr;Klausurpraxis;Strafrecht;StGB AT;Erfolgsqualifizierter Versuch oder Versuch der Erfolgsqualifikation?;"Ein Mann schlägt mit dem Griff einer geladenen Pistole zu; dabei löst sich ein Schuss und trifft das Opfer tödlich.";Kann die schwere Folge schon aus der Handlung (nicht erst aus dem Erfolg) des Grunddelikts folgen, und ist Versuch/Rücktritt möglich?;§§ 18, 22, 23, 227 StGB;BGHSt 14, 110 (Pistolenschlag);1;Abgrenzung;4;2;ja;13.5;Erfolgsqualifizierte Delikte: Das Schema mit dem Gefahrzusammenhang;Band 19 › Versuch bei erfolgsqualifizierten Delikten;
736;5;246;38;Mo;Der Fall;Zivilrecht;Deliktsrecht;Kind klettert auf die Baustelle: Wie weit reicht die Sicherungspflicht?;Ein Zehnjähriger klettert über den Bauzaun und stürzt in eine ungesicherte Grube.;Muss sich der Verkehrssicherungspflichtige auf unbefugte Kinder einstellen und welche Rolle spielt Mitverschulden?;§§ 823 I, 254, 828 BGB;;1;Streitstand;3;5;;13.5;Glatteis vor der Haustür: Die Verkehrssicherungspflicht;Teil A – 21. Der Salat im Supermarkt - Verkehrssicherungspflicht;
737;5;246;38;Mi;Examenswissen;Öffentliches Recht;Verwaltungsrecht AT;Klagefrist gegen Verkehrsschilder: Wann läuft die Uhr?;Ein Schild steht seit fünf Jahren – du fährst heute zum ersten Mal daran vorbei und bekommst ein Knöllchen.;"Bekanntgabe gegenüber jedem Verkehrsteilnehmer beim ersten Herannahen; Jahresfrist nach § 58 II VwGO; Bestandskraft.";"§ 43 VwVfG; §§ 58 II, 70, 74 VwGO";BVerwGE 138, 21 (Anfechtungsfrist bei Verkehrszeichen);1;Klausurfehler;4;4;;14.0;Ist ein Verkehrsschild ein Verwaltungsakt?;"Einzelprobleme 8.11 Verkehrszeichen; Band 18 › Verkehrszeichen als Verwaltungsakt";
738;5;246;38;Fr;2. Examen;2. Examen;ZPO;Widerklage: Der Gegenangriff im selben Prozess;Der auf Miete verklagte Gewerbemieter verlangt im selben Verfahren eine zu viel gezahlte Nebenkostennachzahlung zurück.;Welche Zulässigkeitsvoraussetzungen hat die Widerklage, welche Rolle spielt die Konnexität des § 33 ZPO, und wie werden Rubrum, Tenor und Kostenquote gebaut?;"§§ 5, 33, 260 ZPO; § 45 I 1 GKG";—;2;Schema;4;2;;11.0;Streitgegenstand und Rechtskraft: Was ist eigentlich entschieden?;"Band 4 – 36. Widerklage und Drittwiderklage; 9. Widerklage und Drittwiderklage";stabil
739;5;247;39;Mo;Der Fall;Strafrecht;StPO;Privatklage, Nebenklage, Adhäsion: Wie das Opfer mitwirkt;Nach einer Beleidigung wird die Betroffene auf den Privatklageweg verwiesen – nach einer schweren Körperverletzung schließt sie sich als Nebenklägerin an.;Welche Beteiligungsrechte hat der Verletzte und wann?;§§ 374 ff., 395 ff., 403 ff. StPO;;1+2;Schema;3;5;;14.0;Verfahrensablauf;38.6 Besondere Verfahrensarten;
740;5;247;39;Mi;Examenswissen;Zivilrecht;Deliktsrecht;Neunjähriger fährt gegen ein parkendes Auto: Die Zehn-Jahres-Grenze;Ein neunjähriger Radfahrer fährt gegen ein ordnungsgemäß geparktes Auto.;Gilt das Haftungsprivileg des § 828 II BGB auch gegenüber parkenden Fahrzeugen (teleologische Reduktion)?;§ 828 II BGB;BGHZ 161, 180;1;Streitstand;3;5;;13.5;„Eltern haften für ihre Kinder“? Die Aufsichtspflicht;24.1 § 823 I BGB;
741;5;247;39;Fr;Methodik;Methodik;Klausurtechnik;Hilfsgutachten: Wann du weiterprüfen musst;Die Klage ist unzulässig – ist die Klausur damit vorbei?;Hilfsgutachten und Bearbeitervermerk;;;1+2;Methodik;4;1;;9.5;;B. Examensmethodik als eigener Pflichtstoff;
742;5;248;40;Mo;Der Fall;Öffentliches Recht;Europarecht;Briefkastenfirma im Ausland: Niederlassungsfreiheit nach Centros;Ein Ehepaar gründet eine Gesellschaft im EU-Ausland, nur um zu Hause ohne Mindestkapital Geschäfte zu machen.;Art. 49, 54 AEUV, Missbrauch vs. legitime Ausnutzung, Anerkennung ausländischer Gesellschaften (Überseering).;Art. 49, 54 AEUV;"EuGH, Urt. v. 09.03.1999 – C-212/97 (Centros); EuGH, Urt. v. 05.11.2002 – C-208/00 (Überseering)";1;Klassiker-Fall;3;3;ja;14.0;Warenverkehrsfreiheit: Das Prüfungsschema mit Dassonville;Band 2 › 22.2 Grundfreiheiten (Niederlassungsfreiheit);Gering: nach dem Brexit sind britische Gesellschaften Drittstaatengesellschaften
743;5;248;40;Mi;Examenswissen;Strafrecht;StGB AT;Versuchsbeginn bei Mittätern: Der Scheinmittäter;"Ein Komplize, der heimlich mit der Polizei zusammenarbeitet, soll einen vorgetäuschten Überfall ausführen; der Auftraggeber wartet zu Hause.";Beginnt der Versuch für alle, sobald einer ansetzt (Gesamtlösung) – auch wenn dieser gar kein echter Mittäter ist?;§§ 22, 25 II StGB;BGHSt 39, 236 (Münzhändler-Fall);1;Streitstand;4;2;ja;13.5;Versuch: Das Prüfungsschema mit Vorprüfung + Mittäterschaft § 25 II: Gemeinsam geplant, gemeinsam verantwortlich;"Band 19 › Unmittelbares Ansetzen bei Mittäterschaft; 12.15";
744;5;248;40;Fr;Klausurpraxis;Zivilrecht;Bereicherungsrecht;Ungefragt gebaut: Muss man für den Carport des Nachbarn zahlen?;Der Nachbar baut eigenmächtig einen Carport auf deinem Grundstück – und will jetzt Geld dafür.;Wie schützt das Recht vor aufgedrängter Bereicherung (subjektiver Wertbegriff, § 1004 BGB, § 814 BGB analog)?;§§ 812, 818 II, 951, 1004 BGB;;1;Streitstand;3;5;;13.5;Dein Foto in fremder Werbung: Die Eingriffskondiktion;Band 11 – 29. Gesetzlicher Eigentumserwerb §§ 946 ff. BGB und Fundrecht – Verbindung, Vermischung, Verarbeitung;
745;5;249;41;Mo;Der Fall;Öffentliches Recht;Grundrechte;Meisterpflicht: Darf der Staat dir das Fliesenlegen verbieten?;Ein gelernter Fliesenleger ohne Meisterbrief will sich selbständig machen – in seinem Gewerk gilt wieder die Meisterpflicht.;Subjektive Zulassungsvoraussetzung, Gefahrgeneigtheit, Ausnahmebewilligung (§ 8 HwO), Inländerdiskriminierung.;"Art. 12 I, 3 I GG; §§ 1, 7, 8 HwO";BVerfG (K), Beschl. v. 05.12.2005 – 1 BvR 1730/02 (Meisterzwang);1;Alltagsfall;3;4;;13.0;Drei-Stufen-Theorie: Das Apotheken-Urteil;Band 12 › 13. › Art. 12 (Fallanker 'Ausnahme-Handwerker' laut Klassikerliste);Mittel: Wiedereinführung der Meisterpflicht 2020 – aktuelle Anlage A HwO prüfen
746;5;249;41;Mi;Examenswissen;Zivilrecht;Arbeitsrecht;Aufhebungsvertrag am Küchentisch: Widerruf oder faires Verhandeln?;Der Personalchef überrascht dich zu Hause mit einem Aufhebungsvertrag und drängt zur Unterschrift.;Gibt es ein Widerrufsrecht für Aufhebungsverträge und was folgt aus dem Gebot fairen Verhandelns?;§§ 123, 241 II, 312 BGB;BAG, Urt. v. 7.2.2019 – 6 AZR 75/18;1;Streitstand;3;5;;13.5;Ohne Grund gekündigt? So schützt das Kündigungsschutzgesetz;Band 11 – 40. Arbeitsrecht – Kündigung;
747;5;249;41;Fr;Methodik;Methodik;Gesetz lesen;Fiktion, Vermutung, Legaldefinition: Werkzeuge des Gesetzgebers;‚Gilt als‘ oder ‚wird vermutet‘ – zwei Wörter, völlig andere Wirkung.;Gesetzestechnik und ihre Klausurfolgen;;;1+2;Methodik;3;1;;7.5;;36.5 Arbeit mit dem Gesetz, Auslegung und Analogie;
748;5;250;42;Mo;Der Fall;Strafrecht;StPO;Aussage gegen Aussage: Wie Gerichte Glaubhaftigkeit prüfen;In einem Verfahren wegen häuslicher Gewalt gibt es keine weiteren Zeugen – nur zwei gegensätzliche Schilderungen.;Welche Kriterien (Konstanz, Detailreichtum, Aussageentstehung) tragen eine Verurteilung und was ist die Nullhypothese?;§ 261 StPO;;1+2;Schema;3;5;;14.0;;Band 13 › 30. › Glaubhaftigkeit;
749;5;250;42;Mi;Examenswissen;Zivilrecht;Familienrecht;Geschenk der Schwiegereltern: Zurück nach der Scheidung?;Die Schwiegereltern schenkten dem Paar 80.000 Euro für die Wohnung – jetzt folgt die Scheidung.;Können Schwiegereltern Zuwendungen nach Scheitern der Ehe über § 313 BGB oder Zweckverfehlung zurückfordern?;§§ 313, 516, 812 I 2 Alt. 2 BGB;BGHZ 184, 190;1;Streitstand;3;5;;13.5;Trennung ohne Trauschein: Muss der Ex das Geld fürs Haus zurückgeben?;7.3 Nichteheliche Lebensgemeinschaft;
750;5;250;42;Fr;2. Examen;2. Examen;ZPO;Flucht in die Säumnis: Legaler Trick gegen die Präklusion?;Der Beklagtenanwalt merkt am Vorabend, dass seine Beweisangebote verspätet sind, und überlegt, einfach nicht zu erscheinen.;Wie umgeht die Säumnis mit anschließendem Einspruch die Zurückweisung nach § 296 ZPO, und welche Kosten- und Vollstreckungsrisiken stehen dem entgegen?;§§ 296, 331, 340 III, 342, 344, 719 ZPO;—;2;Zweckmäßigkeit;4;1;ja;11.5;Zu spät vorgetragen? Präklusion nach §§ 296, 296a ZPO;"Band 4 – 16.5 Flucht in die Säumnis; Band 20 – Flucht in die Säumnis";stabil
751;5;251;43;Mo;Der Fall;Öffentliches Recht;Verwaltungsrecht AT;Keine Gleichheit im Unrecht: Verwaltungsvorschriften und Selbstbindung;Deine Nachbarin bekam trotz fehlender Voraussetzungen eine Förderung – du willst das Gleiche.;Verwaltungsvorschriften als Innenrecht, Außenwirkung über Art. 3 I GG und ständige Praxis, antizipierte Verwaltungspraxis, keine Gleichheit im Unrecht.;Art. 3 I, 20 III GG;;1;Klausurfehler;4;4;;14.0;Gleichheitssatz: Willkürformel, Neue Formel und strenge Prüfung;"Einzelprobleme 8.15 Außenwirkung von Verwaltungsvorschriften; Band 2 › 26.10";
752;5;251;43;Mi;Examenswissen;Strafrecht;StGB BT;Körperverletzung mit Todesfolge: Der Hochsitz-Fall;"Ein Jugendlicher kippt einen Jäger von der Jagdkanzel; der Jäger bricht sich den Fuß und stirbt Wochen später an einer Embolie.";Muss sich die Todesgefahr aus dem Verletzungserfolg ergeben (Letalität) oder genügt die gefährliche Handlung?;§§ 18, 227 StGB;"BGHSt 31, 96; BGH NJW 1971, 152 (Rötzel)";1;Streitstand;4;2;ja;13.5;Erfolgsqualifizierte Delikte: Das Schema mit dem Gefahrzusammenhang;"35.3 Schwere Koerperverletzung und Todesfolge; Band 13 › 11. › §§ 226, 227";
753;5;251;43;Fr;Klausurpraxis;Zivilrecht;BGB AT;Selbstbedienung im Supermarkt: Wann kaufst du die Milch?;Die Glasflasche rutscht dir im Gang aus der Hand – bevor du überhaupt an der Kasse warst.;Ist die Warenauslage im Selbstbedienungsladen schon Angebot oder erst das Vorlegen an der Kasse, und wer trägt das Risiko vorher?;§§ 145, 433, 280 I, 241 II BGB;;1;Streitstand;3;5;;13.5;Schaufenster, Katalog, Webshop: Ist der Preis schon ein Angebot?;33.2 Einigung und Vertragsschluss, §§ 145 ff. BGB;
754;5;252;44;Mo;Der Fall;Strafrecht;StPO;Pflichtverteidiger: Wann stellt der Staat einen Anwalt?;Ein Beschuldigter sitzt in U-Haft und kann sich keinen Anwalt leisten.;Fälle notwendiger Verteidigung und Zeitpunkt der Bestellung nach der Reform der §§ 140 ff. StPO.;§§ 140–143a StPO;;1+2;Schema;3;5;;14.0;Verfahrensablauf;Band 13 › 27. › Verteidiger;§§ 140 ff. StPO neu gefasst Dezember 2019 (EU-Richtlinie 2016/1919).
755;5;252;44;Mi;Examenswissen;Öffentliches Recht;Verwaltungsprozessrecht;Reformatio in peius: Macht der Widerspruch alles schlimmer?;Du widersprichst einem Gebührenbescheid über 200 Euro – und die Behörde erhöht auf 400 Euro.;Zulässigkeit der Verböserung: Kompetenz, Rechtsgrundlage (§§ 48 ff. VwVfG), Vertrauensschutz, Anhörung, Rücknahme des Widerspruchs.;"§§ 68, 71, 73 VwGO; §§ 48, 49 VwVfG";;1;Streitstand;4;4;;14.0;Widerspruch: Brauche ich den noch – und wie geht er?;"Einzelprobleme 8.5 Reformatio in peius; Band 2 › 9.";Länder: Widerspruchsbehörde/Selbstverwaltungsangelegenheiten
756;5;252;44;Fr;2. Examen;2. Examen;ZPO;Drittwiderklage: Wenn der Beklagte plötzlich einen Dritten verklagt;Ein Inkassounternehmen klagt aus abgetretener Forderung, und die Beklagte will den ursprünglichen Vertragspartner gleich mitverklagen.;Wann sind parteierweiternde und isolierte Drittwiderklage zulässig, und welcher Gerichtsstand gilt?;"§§ 33, 59, 60, 263 ZPO analog; § 36 I Nr. 3 ZPO";"BGH, Urt. v. 13.3.2007 – VI ZR 129/06 (isolierte Drittwiderklage gegen Zedenten); BGH, Beschl. v. 30.9.2010 – Xa ARZ 191/10 (Gerichtsstand)";2;Sonderlage;4;1;ja;11.5;Widerklage: Der Gegenangriff im selben Prozess;"Band 4 – 16.7 Drittwiderklage; Band 20 – Drittwiderklage";stabil
757;5;253;45;Mo;Der Fall;Zivilrecht;Gesellschaftsrecht;Sommerfest des Sportvereins: Wer haftet für die Catering-Rechnung?;Der Kassenwart des nicht eingetragenen Sportvereins bestellt das Catering fürs Sommerfest.;Wie haften eingetragener Verein (§ 31 BGB) und Verein ohne Rechtspersönlichkeit (§ 54 BGB) und wann haftet der Handelnde persönlich?;§§ 21, 26, 31, 54 BGB;;1;Schema;3;5;;13.5;Die GbR nach dem MoPeG: Rechtsfähig, eingetragen, haftend;klassiker.txt – 9.1 Harte Rechtsstands-Sperrliste (Vereine, § 54 BGB);§ 54 BGB n.F. seit 1.1.2024: „Vereine ohne Rechtspersönlichkeit“, Handelndenhaftung § 54 II BGB
758;5;253;45;Mi;Examenswissen;Strafrecht;StGB BT;Erpresserischer Menschenraub im Zwei-Personen-Verhältnis;Ein Mann hält seinem Schuldner in dessen Wohnung ein Messer vor und verlangt, dass er per Handy 5.000 Euro überweist.;Warum verlangt der BGH eine stabilisierte Bemächtigungslage und reduziert §§ 239a, 239b StGB teleologisch?;§§ 239a, 239b, 253, 255 StGB;BGHSt 40, 350 (GS);1;Streitstand;4;2;ja;13.5;Erpressung § 253: Schutzgeld per Fake-Bewertung;34.7 Erpresserischer Menschenraub und Geiselnahme, §§ 239a, 239b StGB;
759;5;253;45;Fr;Klausurpraxis;Öffentliches Recht;Baurecht;Bestandsschutz: Darf dein altes Haus einfach stehen bleiben?;Das Haus deiner Großeltern steht seit 1960 im Außenbereich – jetzt willst du es um ein Stockwerk erweitern.;Passiver vs. aktiver Bestandsschutz, Bestandsschutz nur nach Maßgabe des einfachen Rechts (§ 35 IV BauGB), Erlöschen bei Nutzungsaufgabe.;"Art. 14 I GG; § 35 IV BauGB";BVerwGE 106, 228 (Bestandsschutz nach einfachem Recht);1;Streitstand;4;4;;14.0;Außenbereich: Warum dein Ferienhaus im Wald nicht erlaubt ist;"Einzelprobleme 9.10 Bestandsschutz, Art. 14 GG; Band 2 › 21.7";
760;5;254;46;Mo;Der Fall;Zivilrecht;Arbeitsrecht;Tarifvertrag gegen Arbeitsvertrag: Welche Regel gilt?;Der Tarifvertrag gibt 30 Urlaubstage, dein Arbeitsvertrag nur 25 – was gilt?;Wie verhalten sich Gesetz, Tarifvertrag, Betriebsvereinbarung und Arbeitsvertrag zueinander (Rang- und Günstigkeitsprinzip)?;"§ 4 III TVG; § 77 IV BetrVG";;1;Schema;3;5;;13.5;Arbeitnehmer oder selbstständig? Der Test des § 611a BGB;Band 11 – 40. Arbeitsrecht – Rechtsquellen und Rang;
761;5;254;46;Mi;Examenswissen;Strafrecht;StGB AT;Hemmschwellentheorie: Wie Gerichte Tötungsvorsatz feststellen;Nach einem Streit sticht ein Mann einmal wuchtig in den Oberkörper seines Gegners und sagt später, er habe ihn „nur verletzen“ wollen.;Welche Indizien tragen den bedingten Tötungsvorsatz und was ist von der „Hemmschwelle“ übrig geblieben?;§§ 15, 212, 224 StGB;BGHSt 57, 183;1+2;Streitstand;4;3;;13.0;Absicht, Wissen, Eventualvorsatz: Die drei Vorsatzformen;4. Vorsatz und Irrtuemer;
762;5;254;46;Fr;Klausurpraxis;Öffentliches Recht;Staatshaftungsrecht;Enteignender Eingriff: Wenn legale Bauarbeiten dein Geschäft ruinieren;Die U-Bahn-Baustelle blockiert zwei Jahre lang den Eingang zu deinem Laden – der Umsatz bricht um 80 % ein.;"Rechtmäßige Maßnahme, atypische Nebenfolge, Sonderopfer jenseits der Zumutbarkeitsschwelle; Abgrenzung zum enteignungsgleichen Eingriff.";"§§ 74, 75 EinlALR; Art. 14 GG";;1;Abgrenzung;4;4;;14.0;Enteignungsgleicher Eingriff: Geld für rechtswidriges Staatshandeln;Band 2 › 29.5 Enteignender Eingriff;
763;5;255;47;Mo;Der Fall;Zivilrecht;Arbeitsrecht;Restaurant verkauft: Muss der neue Inhaber das Personal übernehmen?;Das Restaurant wird verkauft – der Käufer will das alte Personal nicht behalten.;Wann liegt ein Betriebsübergang nach § 613a BGB vor und welche Rechte haben die Arbeitnehmer (Übergang, Widerspruch, Kündigungsverbot)?;§ 613a BGB;;1;Schema;3;5;;13.5;Ohne Grund gekündigt? So schützt das Kündigungsschutzgesetz;28. Arbeitsrecht;
764;5;255;47;Mi;Examenswissen;Strafrecht;StGB AT;Tun oder Unterlassen? Der weggezogene Rettungsring;Ein Mann nimmt einem Ertrinkenden den Rettungsring wieder weg, den ein anderer ihm zugeworfen hat.;Nach welchem Kriterium grenzt man aktives Tun und Unterlassen ab – und was gilt beim Abbruch von Rettungsbemühungen?;§§ 13, 212 StGB;;1;Abgrenzung;4;3;;13.0;Unechtes Unterlassen § 13: Strafbar durch Nichtstun;Band 13 › 7. › Abgrenzungen;
765;5;255;47;Fr;2. Examen;2. Examen;ZPO;Der Tatbestand: Reihenfolge, Zeitform, Prozessgeschichte;Deine Akte enthält eine Beweisaufnahme, eine Teilrücknahme und einen Parteiwechsel – wohin damit im Tatbestand?;Wie baut man den Tatbestand nach § 313 II ZPO auf, welche Zeitform gilt, und wo stehen große und antragsbezogene Prozessgeschichte?;§§ 313 II, 314 ZPO;—;2;Formulierung;5;1;;11.5;;"Band 4 – 15. Tatbestand; 41.5 Tatbestand; 16.1 Große und antragsbezogene Prozessgeschichte; Band 20 – Tatbestand – Grundaufbau";stabil
766;5;256;48;Mo;Der Fall;Zivilrecht;Familienrecht;Scheidung: Wer bekommt beim Zugewinnausgleich was?;Sie hat während der Ehe ein Vermögen aufgebaut, er nicht – wird jetzt geteilt?;Wie wird der Zugewinnausgleich berechnet (Anfangs- und Endvermögen, privilegierter Erwerb) und wie wirkt er im Erbfall (§ 1371 BGB)?;§§ 1363, 1371–1378 BGB;;1;Schema;3;5;;13.5;;Band 11 – 41. Familienrecht – Güterrecht;
767;5;256;48;Mi;Examenswissen;Öffentliches Recht;Grundrechte;Dürfen Beamte streiken? Koalitionsfreiheit gegen Berufsbeamtentum;Verbeamtete Lehrerinnen legen für mehr Gehalt die Arbeit nieder und bekommen ein Disziplinarverfahren.;Art. 9 III GG, hergebrachte Grundsätze (Art. 33 V GG), Alimentationsprinzip, EMRK-konforme Auslegung.;"Art. 9 III, 33 V GG; Art. 11 EMRK";"BVerfGE 148, 296 (Beamtenstreikverbot); EGMR, Urt. v. 14.12.2023 – 59433/18 u.a. (Humpert/Deutschland)";1;Streitstand;3;5;;13.5;Grundrechtsprüfung: Schutzbereich, Eingriff, Rechtfertigung;"Band 2 › 32.11 Vereinigungsfreiheit, Art. 9 GG; Band 12 › 12. › Art. 9";
768;5;256;48;Fr;Klausurpraxis;Strafrecht;StGB AT;Quasi-Kausalität: Hätte die Rettung wirklich geholfen?;Eine Babysitterin ruft zu spät den Notarzt – ob das Kind bei rechtzeitigem Anruf überlebt hätte, bleibt unsicher.;Was bedeutet „mit an Sicherheit grenzender Wahrscheinlichkeit“ und wann bleibt nur Versuch?;§§ 13, 22, 212, 222 StGB;;1;Klausurfehler;4;3;;13.0;Unechtes Unterlassen § 13: Strafbar durch Nichtstun;29.1 Unechtes Unterlassungsdelikt, § 13 StGB;
769;5;257;49;Mo;Der Fall;Zivilrecht;Erbrecht;Drei Geschwister, ein Haus: Die Erbengemeinschaft;Drei Geschwister erben das Elternhaus – einer will verkaufen, die anderen nicht.;Wie wird eine Erbengemeinschaft verwaltet (§ 2038), wer darf verfügen (§ 2040) und wie kommt es zur Auseinandersetzung (§ 2042 BGB)?;§§ 2032–2042 BGB;;1;Schema;3;5;;13.5;Erbst du auch die Schulden? Universalsukzession und Ausschlagung;Band 11 – 42. Erbrecht – Annahme, Ausschlagung, Erbengemeinschaft;
770;5;257;49;Mi;Examenswissen;Öffentliches Recht;Grundrechte;Vorratsdatenspeicherung: Speichert der Staat, mit wem du telefonierst?;Dein Mobilfunkanbieter soll monatelang speichern, wann du wen angerufen hast – ohne jeden Verdacht.;"Art. 10 GG und Art. 7, 8 GRCh; anlasslose Speicherung, Verkehrsdaten, IP-Adressen; Zusammenspiel BVerfG und EuGH.";"Art. 10 GG; Art. 7, 8, 52 GRCh; §§ 175 ff. TKG";"BVerfGE 125, 260 (Vorratsdatenspeicherung); EuGH, Urt. v. 20.09.2022 – C-793/19 u.a. (SpaceNet)";1;Streitstand;3;5;;13.5;Volkszählungsurteil: Die Geburtsstunde des Datenschutzes;"Band 2 › 32.12 Brief-, Post- und Fernmeldegeheimnis, Art. 10 GG; Band 12 › 13. › Art. 10";Sehr hoch: Gesetzgebung zur IP-Adressen-Speicherung 2025/26 und neue EuGH-Rspr. – unbedingt aktualisieren
771;5;257;49;Fr;2. Examen;2. Examen;StPO-Praxis;Das Protokoll hat recht? Beweiskraft nach § 274 StPO;Laut Protokoll hatte der Angeklagte nicht das letzte Wort, der Vorsitzende erinnert sich aber genau daran.;Welche positive und negative Beweiskraft hat das Protokoll, was darf im Freibeweis geklärt werden, und wann wirkt eine Protokollberichtigung gegen die Rüge?;§§ 258, 271–274 StPO;"BGH GrS, Beschl. v. 23.4.2007 – GSSt 1/06 (BGHSt 51, 298, Rügeverkümmerung); BVerfGE 122, 248";2;Sonderlage;4;1;ja;11.5;Verfahrensrüge: Warum so viele an § 344 II 2 StPO scheitern;"Band 6 – 36. Beweis des Verfahrensfehlers (36.1–36.3); 18.6 Hauptverhandlungsprotokoll, §§ 273, 274 StPO";stabil
772;5;258;50;Mo;Der Fall;Strafrecht;StGB AT;Die Mutter, die zusieht: Täterin oder Gehilfin durch Unterlassen?;Eine Mutter greift nicht ein, als ihr neuer Partner ihr Kind schwer misshandelt.;Ist der untätige Garant neben einem aktiven Täter selbst Täter oder nur Gehilfe?;§§ 13, 25, 27, 223 ff. StGB;;1;Streitstand;4;3;;13.0;Garantenstellung: Wann muss ich einen Erfolg verhindern? + Beihilfe § 27: Wie viel Hilfe macht strafbar?;Band 19 › Beteiligung durch Unterlassen;
773;5;258;50;Mi;Examenswissen;Zivilrecht;BGB AT;Unbestellte Ware im Briefkasten: Darfst du sie behalten?;Ein Paket mit einer Handyhülle kommt ungefragt an – samt Rechnung über 29,90 Euro.;Schließt § 241a BGB bei unbestellten Leistungen auch Herausgabeansprüche aus § 985 BGB und Bereicherungsansprüche aus?;§§ 241a, 985, 812 BGB;;1;Streitstand;3;5;;13.5;Schweigen ist Zustimmung? Warum das im BGB fast nie stimmt;2.5 Schweigen und Vertragsschluss im Internet;
774;5;258;50;Fr;Klausurpraxis;Öffentliches Recht;Verwaltungsrecht AT;Die Jahresfrist des § 48 IV VwVfG: Wann ist es zu spät?;Das Amt ahnt schon im Januar, dass etwas nicht stimmt, nimmt den Bescheid aber erst im März des Folgejahres zurück.;Entscheidungsfrist, vollständige Kenntnis aller entscheidungserheblichen Tatsachen, Rechtsanwendungsfehler, Behördenorganisation.;§ 48 IV VwVfG;BVerwGE 70, 356 (Großer Senat – Jahresfrist);1;Streitstand;4;2;ja;13.0;Fördergeld zurück? Die Rücknahme nach § 48 VwVfG;"Einzelprobleme 8.13 § 48 IV VwVfG - Jahresfrist; Band 18 › Fristbeginn nach § 48 IV VwVfG";
775;5;259;51;Mo;Der Fall;Strafrecht;StGB AT;Kausalität einfach erklärt: die conditio-sine-qua-non-Formel;Ein Kioskbesitzer verkauft ein Feuerzeug, mit dem der Käufer später eine Scheune anzündet – ist der Verkauf kausal für den Brand?;Wie funktioniert die Äquivalenztheorie und warum ist sie für sich allein zu weit?;§§ 212, 222 StGB (Erfolgsdelikte);;1;Schema;4;3;;13.0;Straftat prüfen in 3 Schritten: Tatbestand, Rechtswidrigkeit, Schuld;"2. Handlung, Erfolg und Kausalitaet; 28.3 Kausalitaet";
776;5;259;51;Mi;Examenswissen;Zivilrecht;Sachenrecht;Sperrwirkung des EBV: Warum der redliche Besitzer nicht aus § 823 haftet;Der gutgläubige Besitzer beschädigt fahrlässig das fremde Auto, das er für seins hält.;Wie weit sperrt § 993 I a.E. BGB Delikts- und Bereicherungsansprüche gegen den redlichen unverklagten Besitzer und wo liegen die Ausnahmen (§ 992 BGB, Fremdbesitzerexzess)?;§§ 992, 993 I, 823 BGB;;1;Streitstand;5;2;;13.0;Eigentümer-Besitzer-Verhältnis: Nutzungen, Schäden, Verwendungen;4.8 EBV: Sperrwirkung;
777;5;259;51;Fr;2. Examen;2. Examen;VwGO-Praxis;Klage und Eilantrag im Verwaltungsprozess richtig formulieren;Bis Mitternacht müssen Klage und Eilantrag gegen den Widerruf einer Gaststättenerlaubnis beim Verwaltungsgericht sein.;Welche Bestandteile brauchen Klageschrift und Antragsschrift nach § 80 V bzw. § 123 VwGO, und wie formuliert man Anträge und Glaubhaftmachung?;§§ 55d, 80 V, 81, 82, 123 III VwGO;—;2;Formulierung;4;2;;11.0;„Kann ich morgen öffnen?“ Das Mandantenbegehren im öffentlichen Recht;"Band 5 – 18. Klageschrift im Verwaltungsprozess; 19. Antragsschrift im vorläufigen Rechtsschutz";Mittel: elektronische Einreichungspflicht § 55d VwGO, seit 1.1.2026 erweiterter Personenkreis
778;5;260;52;Mo;Der Fall;Öffentliches Recht;Europarecht;Keine Richtlinie gegen Private: Horizontalwirkung und Auslegung;Eine Kundin will einen an der Haustür geschlossenen Vertrag mit einer Firma nach einer nicht umgesetzten Richtlinie widerrufen.;Keine horizontale Direktwirkung, richtlinienkonforme Auslegung bis zur Grenze contra legem, Sonderwege über Primärrecht und Grundrechte.;Art. 288 III AEUV;"EuGH, Urt. v. 14.07.1994 – C-91/92 (Faccini Dori); EuGH, Urt. v. 13.11.1990 – C-106/89 (Marleasing)";1;Streitstand;4;2;ja;13.0;Nicht umgesetzte Richtlinie: Kann ich mich trotzdem darauf berufen?;"Band 2 › 34.2 Rechtsakte und Wirkung; Teil B › 45. (Examenshinweis)";
779;5;260;52;Mi;Examenswissen;Strafrecht;StGB AT;Fehlgeschlagener Versuch: Wenn kein Rücktritt mehr möglich ist;Ein Dieb bricht mit großer Mühe einen Tresor auf – er ist leer.;Wann ist ein Versuch aus Tätersicht fehlgeschlagen und warum scheidet dann jeder Rücktritt aus?;§ 24 I StGB;BGHSt 34, 53;1;Abgrenzung;4;3;;13.0;Rücktritt vom Versuch: Das Schema des § 24;Band 13 › 8. › Rücktritt Einzeltäter;
780;5;260;52;Fr;Klausurpraxis;Zivilrecht;BGB AT;Nach der Anfechtung: Wer zahlt den Vertrauensschaden? (§ 122 BGB);Der Käufer hat schon einen Transporter gemietet – dann ficht der Verkäufer an.;Was umfasst der Vertrauensschaden nach § 122 BGB, wo liegt die Grenze des Erfüllungsinteresses und wann entfällt der Anspruch?;§ 122 BGB;;1;Schema;4;3;;12.5;Anfechtung in fünf Schritten: Das Prüfungsschema §§ 119 ff. BGB;2.15 Anfechtung und Schadensersatz, § 122 BGB;
