Gebiet;Teilgebiet;Arbeitstitel;Einstieg (Hook);Kernfrage;Normen;Leitentscheidung;Examen;Format;Relevanz (1–5);Breite (1–5);Klassiker;Punkte;Voraussetzung;Fundstelle im Repetitorium;Rechtsstand/Länder
Öffentliches Recht;Europarecht;Briefkastenfirma im Ausland: Niederlassungsfreiheit nach Centros;Ein Ehepaar gründet eine Gesellschaft im EU-Ausland, nur um zu Hause ohne Mindestkapital Geschäfte zu machen.;Art. 49, 54 AEUV, Missbrauch vs. legitime Ausnutzung, Anerkennung ausländischer Gesellschaften (Überseering).;Art. 49, 54 AEUV;"EuGH, Urt. v. 09.03.1999 – C-212/97 (Centros); EuGH, Urt. v. 05.11.2002 – C-208/00 (Überseering)";1;Klassiker-Fall;3;3;ja;14.0;Warenverkehrsfreiheit: Das Prüfungsschema mit Dassonville;Band 2 › 22.2 Grundfreiheiten (Niederlassungsfreiheit);Gering: nach dem Brexit sind britische Gesellschaften Drittstaatengesellschaften
Öffentliches Recht;Staatsorganisationsrecht;Bundesstaat: Warum Bayern andere Regeln hat als Berlin;Schulferien, Polizeigesetz, Abitur: Warum ist so vieles Ländersache – und wann bricht Bundesrecht Landesrecht?;Staatsqualität der Länder, Kompetenzverteilung (Art. 30, 70, 83 GG), Art. 31 GG und Grundsatz der Bundestreue.;Art. 20 I, 28 I, 30, 31, 70, 83 GG;BVerfGE 12, 205 (1. Rundfunkentscheidung – Bundestreue);1;Schema;3;4;ja;14.0;;Band 12 › 1. › Bundesstaat;
Öffentliches Recht;Grundrechte;Effektiver Rechtsschutz: Was Art. 19 IV GG garantiert;Die Behörde reißt dein Gartenhaus ab, bevor das Gericht über deinen Eilantrag entscheiden konnte.;"Zugang zu Gericht, Effektivität und Rechtzeitigkeit, Eilrechtsschutz, Kontrolldichte; keine Geltung gegen den Richter.";Art. 19 IV GG;BVerfGE 107, 395 (Rechtsschutz gegen den Richter);1;Schema;4;3;;14.0;;"Band 2 › 32.18 Rechtsschutzgarantie, Art. 19 IV GG; Band 12 › 15. Effektiver Rechtsschutz";
Öffentliches Recht;Verfassungsprozessrecht;Eilantrag in Karlsruhe: Wie funktioniert die Doppelhypothese?;Morgen soll ein Gesetz beschlossen werden – heute Abend landet ein Eilantrag beim BVerfG.;§ 32 BVerfGG: Zulässigkeit, offensichtliche Unbegründetheit, Folgenabwägung (Doppelhypothese), Vorwegnahme der Hauptsache.;§ 32 BVerfGG;BVerfG, Beschl. v. 05.07.2023 – 2 BvE 4/23;1;Schema;4;3;;14.0;Organstreit: Wenn Verfassungsorgane sich verklagen;"Band 2 › 31.5 Einstweilige Anordnung, § 32 BVerfGG; Band 12 › 7. › Einstweilige Anordnung";
Öffentliches Recht;Staatsorganisationsrecht;Fünf-Prozent-Hürde: Warum im Bundestag ja, im Europaparlament nicht?;Eine Kleinpartei holt 3 % und fragt, warum ihre Stimmen im Bundestag verfallen, im EU-Parlament aber nicht.;"Sperrklauseln als Eingriff in Wahlrechts- und Chancengleichheit; Rechtfertigung durch Funktionsfähigkeit des Parlaments; unterschiedliche Maßstäbe.";"Art. 38 I, 21 I GG; § 4 BWahlG; § 2 EuWG";"BVerfGE 129, 300 (5 %-Hürde Europawahl); BVerfGE 135, 259 (3 %-Hürde)";1;Abgrenzung;4;4;;14.0;Die fünf Wahlrechtsgrundsätze: Was macht eine Wahl demokratisch?;Band 12 › 3. › Wahlrechtsgrundsätze (Gleichheit);Mittel: EU-Direktwahlakt 2018 sieht Sperrklausel für große Mitgliedstaaten vor – Inkrafttreten prüfen
Öffentliches Recht;Verwaltungsrecht AT;Klagefrist gegen Verkehrsschilder: Wann läuft die Uhr?;Ein Schild steht seit fünf Jahren – du fährst heute zum ersten Mal daran vorbei und bekommst ein Knöllchen.;"Bekanntgabe gegenüber jedem Verkehrsteilnehmer beim ersten Herannahen; Jahresfrist nach § 58 II VwGO; Bestandskraft.";"§ 43 VwVfG; §§ 58 II, 70, 74 VwGO";BVerwGE 138, 21 (Anfechtungsfrist bei Verkehrszeichen);1;Klausurfehler;4;4;;14.0;Ist ein Verkehrsschild ein Verwaltungsakt?;"Einzelprobleme 8.11 Verkehrszeichen; Band 18 › Verkehrszeichen als Verwaltungsakt";
Öffentliches Recht;Grundrechte;Reiten im Walde: Schützt das Grundgesetz auch Hobbys?;Ein Landesgesetz verbietet Reiten auf schmalen Waldwegen – eine Reiterin sieht ihre Freiheit verletzt.;Weiter Schutzbereich des Art. 2 I GG (Sondervotum Grimm), Schrankentrias, Verhältnismäßigkeit bei Bagatellfreiheiten.;Art. 2 I GG;BVerfGE 80, 137 (Reiten im Walde);1;Streitstand;3;4;ja;14.0;Elfes: Warum 'einfach tun, was man will' ein Grundrecht ist;Band 12 › 9. › Art. 2 Abs. 1;
Öffentliches Recht;Grundrechte;Schulgebet: Darf in der Schule gebetet werden?;Eine Klasse beginnt den Tag freiwillig mit einem Gebet – ein Mitschüler möchte nicht mitmachen.;"Freiwilligkeit, zumutbare Ausweichmöglichkeit, offene Neutralität; Abgrenzung zum Kruzifix-Fall.";Art. 4 I, II, 7 I GG;BVerfGE 52, 223 (Schulgebet);1;Abgrenzung;3;4;ja;14.0;Kreuz im Klassenzimmer: Der Kruzifix-Beschluss erklärt;Teil B › 41. Das Sonntagsgebet an der Schule - Glaubensfreiheit;
Strafrecht;StGB BT;Suizidhilfe nach dem BVerfG-Urteil: Was ist heute erlaubt?;Eine Ärztin überlässt einer lebensmüden, aber urteilsfähigen Patientin tödliche Tabletten und bleibt bei ihr, bis sie bewusstlos wird.;Straflose Suizidbeihilfe, § 217 nichtig, Rettungspflicht nach Bewusstlosigkeit – wie ist die aktuelle Rechtslage?;§§ 13, 216, 217 a.F., 323c StGB;"BVerfG, Urt. v. 26.2.2020 – 2 BvR 2347/15; BGHSt 64, 121; BGHSt 64, 135";1;Streitstand;3;5;;14.0;Der Heroinspritzen-Fall: Eigenverantwortliche Selbstgefährdung + Unechtes Unterlassen § 13: Strafbar durch Nichtstun;Band 13 › 10. › Sterbehilfe;"§ 217 StGB nichtig (2020); Gesetzentwürfe zur Suizidhilfe 2023 gescheitert – neuen Gesetzesstand prüfen."
Zivilrecht;Arbeitsrecht;Aufhebungsvertrag am Küchentisch: Widerruf oder faires Verhandeln?;Der Personalchef überrascht dich zu Hause mit einem Aufhebungsvertrag und drängt zur Unterschrift.;Gibt es ein Widerrufsrecht für Aufhebungsverträge und was folgt aus dem Gebot fairen Verhandelns?;§§ 123, 241 II, 312 BGB;BAG, Urt. v. 7.2.2019 – 6 AZR 75/18;1;Streitstand;3;5;;13.5;Ohne Grund gekündigt? So schützt das Kündigungsschutzgesetz;Band 11 – 40. Arbeitsrecht – Kündigung;
Zivilrecht;Erbrecht;Drei Geschwister, ein Haus: Die Erbengemeinschaft;Drei Geschwister erben das Elternhaus – einer will verkaufen, die anderen nicht.;Wie wird eine Erbengemeinschaft verwaltet (§ 2038), wer darf verfügen (§ 2040) und wie kommt es zur Auseinandersetzung (§ 2042 BGB)?;§§ 2032–2042 BGB;;1;Schema;3;5;;13.5;Erbst du auch die Schulden? Universalsukzession und Ausschlagung;Band 11 – 42. Erbrecht – Annahme, Ausschlagung, Erbengemeinschaft;
Öffentliches Recht;Grundrechte;Dürfen Beamte streiken? Koalitionsfreiheit gegen Berufsbeamtentum;Verbeamtete Lehrerinnen legen für mehr Gehalt die Arbeit nieder und bekommen ein Disziplinarverfahren.;Art. 9 III GG, hergebrachte Grundsätze (Art. 33 V GG), Alimentationsprinzip, EMRK-konforme Auslegung.;"Art. 9 III, 33 V GG; Art. 11 EMRK";"BVerfGE 148, 296 (Beamtenstreikverbot); EGMR, Urt. v. 14.12.2023 – 59433/18 u.a. (Humpert/Deutschland)";1;Streitstand;3;5;;13.5;Grundrechtsprüfung: Schutzbereich, Eingriff, Rechtfertigung;"Band 2 › 32.11 Vereinigungsfreiheit, Art. 9 GG; Band 12 › 12. › Art. 9";
Zivilrecht;Kaufrecht;E-Bike gekauft, Polizei klingelt: Der Rechtsmangel;Kurz nach dem Kauf steht die Polizei vor der Tür: Das E-Bike ist als gestohlen gemeldet.;Wann liegt ein Rechtsmangel nach § 435 BGB vor und wie hängt er mit dem gutgläubigen Erwerb und § 935 BGB zusammen?;§§ 435, 437, 935 BGB;;1;Abgrenzung;3;5;;13.5;Wann ist eine Sache mangelhaft? Der neue § 434 BGB;35.2 Sach- und Rechtsmangel;
Strafrecht;StGB AT;Erfolgsqualifizierter Versuch oder Versuch der Erfolgsqualifikation?;"Ein Mann schlägt mit dem Griff einer geladenen Pistole zu; dabei löst sich ein Schuss und trifft das Opfer tödlich.";Kann die schwere Folge schon aus der Handlung (nicht erst aus dem Erfolg) des Grunddelikts folgen, und ist Versuch/Rücktritt möglich?;§§ 18, 22, 23, 227 StGB;BGHSt 14, 110 (Pistolenschlag);1;Abgrenzung;4;2;ja;13.5;Erfolgsqualifizierte Delikte: Das Schema mit dem Gefahrzusammenhang;Band 19 › Versuch bei erfolgsqualifizierten Delikten;
Strafrecht;StGB BT;Erpresserischer Menschenraub im Zwei-Personen-Verhältnis;Ein Mann hält seinem Schuldner in dessen Wohnung ein Messer vor und verlangt, dass er per Handy 5.000 Euro überweist.;Warum verlangt der BGH eine stabilisierte Bemächtigungslage und reduziert §§ 239a, 239b StGB teleologisch?;§§ 239a, 239b, 253, 255 StGB;BGHSt 40, 350 (GS);1;Streitstand;4;2;ja;13.5;Erpressung § 253: Schutzgeld per Fake-Bewertung;34.7 Erpresserischer Menschenraub und Geiselnahme, §§ 239a, 239b StGB;
Zivilrecht;Familienrecht;Geschenk der Schwiegereltern: Zurück nach der Scheidung?;Die Schwiegereltern schenkten dem Paar 80.000 Euro für die Wohnung – jetzt folgt die Scheidung.;Können Schwiegereltern Zuwendungen nach Scheitern der Ehe über § 313 BGB oder Zweckverfehlung zurückfordern?;§§ 313, 516, 812 I 2 Alt. 2 BGB;BGHZ 184, 190;1;Streitstand;3;5;;13.5;Trennung ohne Trauschein: Muss der Ex das Geld fürs Haus zurückgeben?;7.3 Nichteheliche Lebensgemeinschaft;
Zivilrecht;Deliktsrecht;Kind klettert auf die Baustelle: Wie weit reicht die Sicherungspflicht?;Ein Zehnjähriger klettert über den Bauzaun und stürzt in eine ungesicherte Grube.;Muss sich der Verkehrssicherungspflichtige auf unbefugte Kinder einstellen und welche Rolle spielt Mitverschulden?;§§ 823 I, 254, 828 BGB;;1;Streitstand;3;5;;13.5;Glatteis vor der Haustür: Die Verkehrssicherungspflicht;Teil A – 21. Der Salat im Supermarkt - Verkehrssicherungspflicht;
Strafrecht;StGB BT;Körperverletzung mit Todesfolge: Der Hochsitz-Fall;"Ein Jugendlicher kippt einen Jäger von der Jagdkanzel; der Jäger bricht sich den Fuß und stirbt Wochen später an einer Embolie.";Muss sich die Todesgefahr aus dem Verletzungserfolg ergeben (Letalität) oder genügt die gefährliche Handlung?;§§ 18, 227 StGB;"BGHSt 31, 96; BGH NJW 1971, 152 (Rötzel)";1;Streitstand;4;2;ja;13.5;Erfolgsqualifizierte Delikte: Das Schema mit dem Gefahrzusammenhang;"35.3 Schwere Koerperverletzung und Todesfolge; Band 13 › 11. › §§ 226, 227";
Zivilrecht;Deliktsrecht;Neunjähriger fährt gegen ein parkendes Auto: Die Zehn-Jahres-Grenze;Ein neunjähriger Radfahrer fährt gegen ein ordnungsgemäß geparktes Auto.;Gilt das Haftungsprivileg des § 828 II BGB auch gegenüber parkenden Fahrzeugen (teleologische Reduktion)?;§ 828 II BGB;BGHZ 161, 180;1;Streitstand;3;5;;13.5;„Eltern haften für ihre Kinder“? Die Aufsichtspflicht;24.1 § 823 I BGB;
Zivilrecht;Schuldrecht AT;Raus aus dem Dauervertrag: Kündigung aus wichtigem Grund (§ 314 BGB);Dein Internetanbieter liefert seit Monaten nur einen Bruchteil der Leistung – kannst du sofort kündigen?;Wann kann ein Dauerschuldverhältnis nach § 314 BGB außerordentlich gekündigt werden und ist eine Abmahnung nötig?;§ 314 BGB;;1;Schema;3;5;;13.5;Hochzeit im Lockdown abgesagt: Muss die Location voll bezahlt werden?;Band 11 – 13. Störung der Geschäftsgrundlage § 313 und Kündigung aus wichtigem Grund § 314 – § 314;
Zivilrecht;Arbeitsrecht;Restaurant verkauft: Muss der neue Inhaber das Personal übernehmen?;Das Restaurant wird verkauft – der Käufer will das alte Personal nicht behalten.;Wann liegt ein Betriebsübergang nach § 613a BGB vor und welche Rechte haben die Arbeitnehmer (Übergang, Widerspruch, Kündigungsverbot)?;§ 613a BGB;;1;Schema;3;5;;13.5;Ohne Grund gekündigt? So schützt das Kündigungsschutzgesetz;28. Arbeitsrecht;
Zivilrecht;Gesellschaftsrecht;Sommerfest des Sportvereins: Wer haftet für die Catering-Rechnung?;Der Kassenwart des nicht eingetragenen Sportvereins bestellt das Catering fürs Sommerfest.;Wie haften eingetragener Verein (§ 31 BGB) und Verein ohne Rechtspersönlichkeit (§ 54 BGB) und wann haftet der Handelnde persönlich?;§§ 21, 26, 31, 54 BGB;;1;Schema;3;5;;13.5;Die GbR nach dem MoPeG: Rechtsfähig, eingetragen, haftend;klassiker.txt – 9.1 Harte Rechtsstands-Sperrliste (Vereine, § 54 BGB);§ 54 BGB n.F. seit 1.1.2024: „Vereine ohne Rechtspersönlichkeit“, Handelndenhaftung § 54 II BGB
Zivilrecht;Arbeitsrecht;Tarifvertrag gegen Arbeitsvertrag: Welche Regel gilt?;Der Tarifvertrag gibt 30 Urlaubstage, dein Arbeitsvertrag nur 25 – was gilt?;Wie verhalten sich Gesetz, Tarifvertrag, Betriebsvereinbarung und Arbeitsvertrag zueinander (Rang- und Günstigkeitsprinzip)?;"§ 4 III TVG; § 77 IV BetrVG";;1;Schema;3;5;;13.5;Arbeitnehmer oder selbstständig? Der Test des § 611a BGB;Band 11 – 40. Arbeitsrecht – Rechtsquellen und Rang;
Zivilrecht;Bereicherungsrecht;Ungefragt gebaut: Muss man für den Carport des Nachbarn zahlen?;Der Nachbar baut eigenmächtig einen Carport auf deinem Grundstück – und will jetzt Geld dafür.;Wie schützt das Recht vor aufgedrängter Bereicherung (subjektiver Wertbegriff, § 1004 BGB, § 814 BGB analog)?;§§ 812, 818 II, 951, 1004 BGB;;1;Streitstand;3;5;;13.5;Dein Foto in fremder Werbung: Die Eingriffskondiktion;Band 11 – 29. Gesetzlicher Eigentumserwerb §§ 946 ff. BGB und Fundrecht – Verbindung, Vermischung, Verarbeitung;
Strafrecht;StGB AT;Versuchsbeginn bei Mittätern: Der Scheinmittäter;"Ein Komplize, der heimlich mit der Polizei zusammenarbeitet, soll einen vorgetäuschten Überfall ausführen; der Auftraggeber wartet zu Hause.";Beginnt der Versuch für alle, sobald einer ansetzt (Gesamtlösung) – auch wenn dieser gar kein echter Mittäter ist?;§§ 22, 25 II StGB;BGHSt 39, 236 (Münzhändler-Fall);1;Streitstand;4;2;ja;13.5;Versuch: Das Prüfungsschema mit Vorprüfung + Mittäterschaft § 25 II: Gemeinsam geplant, gemeinsam verantwortlich;"Band 19 › Unmittelbares Ansetzen bei Mittäterschaft; 12.15";
Öffentliches Recht;Grundrechte;Vorratsdatenspeicherung: Speichert der Staat, mit wem du telefonierst?;Dein Mobilfunkanbieter soll monatelang speichern, wann du wen angerufen hast – ohne jeden Verdacht.;"Art. 10 GG und Art. 7, 8 GRCh; anlasslose Speicherung, Verkehrsdaten, IP-Adressen; Zusammenspiel BVerfG und EuGH.";"Art. 10 GG; Art. 7, 8, 52 GRCh; §§ 175 ff. TKG";"BVerfGE 125, 260 (Vorratsdatenspeicherung); EuGH, Urt. v. 20.09.2022 – C-793/19 u.a. (SpaceNet)";1;Streitstand;3;5;;13.5;Volkszählungsurteil: Die Geburtsstunde des Datenschutzes;"Band 2 › 32.12 Brief-, Post- und Fernmeldegeheimnis, Art. 10 GG; Band 12 › 13. › Art. 10";Sehr hoch: Gesetzgebung zur IP-Adressen-Speicherung 2025/26 und neue EuGH-Rspr. – unbedingt aktualisieren
Zivilrecht;Schuldrecht AT;Wohnung fest zugesagt, dann abgesagt: Gibt es Schadensersatz?;Der Vermieter sagt die sicher zugesagte Wohnung ab – nachdem du deine alte schon gekündigt hast.;Haftet, wer Vertragsverhandlungen ohne triftigen Grund abbricht, und was gilt bei formbedürftigen Verträgen?;§§ 280 I, 311 II, 241 II BGB;;1;Streitstand;3;5;;13.5;Culpa in contrahendo: Haftung, bevor der Vertrag überhaupt steht;34.7 Culpa in contrahendo;
Zivilrecht;Kaufrecht;„Die Garantie ist abgelaufen“: Garantie vs. Gewährleistung;Nach 13 Monaten ist der Kopfhörer kaputt – der Händler verweist auf die abgelaufene Herstellergarantie.;Wie unterscheiden sich gesetzliche Mängelhaftung des Verkäufers und freiwillige Garantie (§§ 443, 479 BGB)?;§§ 437, 438, 443, 479 BGB;;1+2;Abgrenzung;3;5;;13.5;Die Käuferrechte des § 437 BGB auf einen Blick;14.3 Besondere Problemfelder;
Strafrecht;StGB AT;Atypischer Kausalverlauf: Verletzt – und dann brennt das Krankenhaus;Nach einem Faustschlag liegt ein Mann mit Nasenbeinbruch im Krankenhaus und stirbt bei einem Brand auf der Station.;Wann realisiert sich im Erfolg nur das allgemeine Lebensrisiko statt der vom Täter geschaffenen Gefahr?;§§ 212, 222, 227 StGB;;1;Abgrenzung;4;3;;13.0;Objektive Zurechnung: Der Neffe, das Gewitter und der Blitz;12.4 Atypischer Kausalverlauf;
Strafrecht;StPO;Beschuldigter oder Zeuge? Informatorische Befragung;Die Polizei befragt nach einem Brand den Hausmeister „nur informatorisch“, obwohl alle Spuren auf ihn deuten.;Wann entsteht die Beschuldigtenstellung und was gilt für Spontanäußerungen?;§§ 136, 163a IV StPO;;1+2;Abgrenzung;4;3;;13.0;Verfahrensablauf;Band 13 › 27. › Spontanäußerung und informatorische Befragung;
Strafrecht;StGB BT;Brand in der Werkstatt unter der Wohnung;"Ein Mann setzt die Werkstatt im Erdgeschoss in Brand; im ersten Stock liegen Wohnungen.";Wann ist ein gemischt genutztes Gebäude eine „Räumlichkeit, die der Wohnung dient“?;§ 306a I Nr. 1 StGB;;1;Streitstand;4;3;;13.0;Brandstiftungssystem;"14.9 Brandstiftung bei gemischt genutzten Gebäuden; Band 19 › Gemischt genutztes Gebäude bei § 306a I Nr. 1 StGB";
Strafrecht;StGB BT;Cannabisgesetz 2024: Wann ist Kiffen noch strafbar?;Ein 25-Jähriger hat 70 Gramm Cannabis in der Wohnung und 30 Gramm in der Jackentasche.;Welche Besitz- und Anbaugrenzen gelten nach dem KCanG und wo beginnt die Strafbarkeit?;"§§ 2, 3, 34 KCanG; BtMG";;1;Alltagsfall;2;5;;13.0;;Ergänzung – nicht in der Quelle (Nebenstrafrecht);"KCanG seit 1.4.2024; politische Änderungs- und Rücknahmeabsichten – Stand vor Veröffentlichung zwingend prüfen."
Öffentliches Recht;Verwaltungsrecht AT;Die Jahresfrist des § 48 IV VwVfG: Wann ist es zu spät?;Das Amt ahnt schon im Januar, dass etwas nicht stimmt, nimmt den Bescheid aber erst im März des Folgejahres zurück.;Entscheidungsfrist, vollständige Kenntnis aller entscheidungserheblichen Tatsachen, Rechtsanwendungsfehler, Behördenorganisation.;§ 48 IV VwVfG;BVerwGE 70, 356 (Großer Senat – Jahresfrist);1;Streitstand;4;2;ja;13.0;Fördergeld zurück? Die Rücknahme nach § 48 VwVfG;"Einzelprobleme 8.13 § 48 IV VwVfG - Jahresfrist; Band 18 › Fristbeginn nach § 48 IV VwVfG";
Strafrecht;StGB AT;Die Mutter, die zusieht: Täterin oder Gehilfin durch Unterlassen?;Eine Mutter greift nicht ein, als ihr neuer Partner ihr Kind schwer misshandelt.;Ist der untätige Garant neben einem aktiven Täter selbst Täter oder nur Gehilfe?;§§ 13, 25, 27, 223 ff. StGB;;1;Streitstand;4;3;;13.0;Garantenstellung: Wann muss ich einen Erfolg verhindern? + Beihilfe § 27: Wie viel Hilfe macht strafbar?;Band 19 › Beteiligung durch Unterlassen;
Strafrecht;StGB BT;Diebstahl oder Computerbetrug? Abgrenzung am Automaten;Ein Mann manipuliert einen Warenautomaten mit einer präparierten Münze und zieht Zigaretten.;Wann ist der Automatenmissbrauch Diebstahl, wann Computerbetrug und wann Leistungserschleichung?;§§ 242, 263a, 265a StGB;;1;Abgrenzung;4;3;;13.0;Diebstahl § 242: Das Prüfungsschema + Fremde Karte am Geldautomaten: Computerbetrug § 263a;13.4 Diebstahl oder Computerbetrug;
Strafrecht;StGB BT;Eingehungsbetrug: Schaden schon bei Vertragsschluss?;Ein Mann schließt einen Ratenkauf über ein E-Bike ab, obwohl er nie zahlen will – das Rad ist noch nicht geliefert.;Wann ist die Vermögensgefährdung schon ein bezifferbarer Schaden (BVerfG-Vorgaben)?;§ 263 StGB;"BVerfGE 126, 170; BVerfGE 130, 1";1;Streitstand;4;3;;13.0;Vermögensschaden: Gesamtsaldierung einfach erklärt;"Band 13 › 15. › Vermögensschaden; 33.7";
Strafrecht;StGB BT;Erst geprügelt, dann bestohlen: Fehlt der Finalzusammenhang?;Nach einer Schlägerei aus Eifersucht sieht der Sieger das Portemonnaie des bewusstlosen Gegners und nimmt es mit.;Warum ist Gewalt ohne Wegnahmeziel kein Raub – und was gilt bei fortwirkender Drohung?;§§ 242, 243 I Nr. 6, 249 StGB;;1+2;Klausurfehler;4;3;;13.0;Raub § 249: Gewalt, Wegnahme, Finalität;"19. Raub, Erpressung und raeuberische Delikte; Band 13 › 14. › § 249";
Strafrecht;StGB BT;Falschaussage: Wann ist eine Aussage „falsch“?;Ein Zeuge sagt vor Gericht die Wahrheit, glaubt aber selbst, er lüge.;Objektive, subjektive oder Pflichttheorie – und warum ist der Versuch des § 153 StGB straflos?;§§ 153, 154, 157, 158 StGB;;1;Streitstand;4;3;;13.0;;"36.1 Falschaussage und Meineid; Band 13 › 22. › §§ 153 ff.";
Strafrecht;StGB BT;Gefälschter Impfpass: Die Strafbarkeitslücke von 2021;Während der Pandemie kauft ein Mann einen Impfpass mit erfundenen Impfeinträgen und legt ihn in der Apotheke vor.;Sperrte § 277 a.F. die Urkundenfälschung – und was hat die Reform von 2021 geändert?;§§ 267, 275, 277–279 StGB;;1;Alltagsfall;2;5;;13.0;Was ist eine Urkunde? Die gefälschte Entschuldigung;36.4 Urkundenfaelschung (Ergänzung §§ 275, 277 ff.);"§§ 275, 277–279 StGB im Nov. 2021 neu gefasst; Sperrwirkung des § 277 a.F. für Altfälle umstritten, BGH 2022 – Zitat vor Veröffentlichung prüfen."
Zivilrecht;Sachenrecht;Gestohlener Laptop im Pfandhaus: Gutgläubiges Pfandrecht?;Ein Dieb verpfändet einen gestohlenen Laptop – das Pfandhaus will ihn nicht herausgeben.;Kann an einer abhandengekommenen Sache gutgläubig ein Pfandrecht erworben werden (§§ 1207, 935 BGB)?;§§ 1207, 932, 935 BGB;;1;Alltagsfall;3;4;;13.0;Uhr ins Pfandhaus: So funktioniert das Pfandrecht;Teil A – 18. Der gestohlene Laptop im Pfandhaus - § 935 und Pfandrecht;
Zivilrecht;Schuldrecht AT;Gestörte Gesamtschuld: Wenn einer der Schädiger privilegiert ist;Ein Autofahrer und der unaufmerksame Vater verursachen gemeinsam den Unfall eines Kindes – der Vater haftet nur milde.;Wie wird der Ausgleich verteilt, wenn ein Mitschädiger gesetzlich oder vertraglich haftungsprivilegiert ist?;"§§ 421, 426, 840, 1664 BGB; §§ 104 ff. SGB VII";"BGHZ 103, 338; BGHZ 61, 51";1;Streitstand;4;2;ja;13.0;Gesamtschuld: Einer zahlt für alle – und dann?;Gestörte Gesamtschuld;
Strafrecht;StGB AT;Halbherziger Rücktritt: Reicht der anonyme Notruf?;Nach einem Messerstich legt der Täter das Opfer vor einer Klinik ab und verschwindet, ohne jemandem Bescheid zu geben.;Muss der Täter beim beendeten Versuch die bestmögliche Rettung wählen oder genügt jede kausale Verhinderung?;§ 24 I 1 Alt. 2 StGB;BGHSt 48, 147;1;Streitstand;4;3;;13.0;Rücktritt vom Versuch: Das Schema des § 24;"12.17 Halbherziger Rücktritt; Band 19 › Halbherziger Rücktritt";
Strafrecht;StGB AT;Hemmschwellentheorie: Wie Gerichte Tötungsvorsatz feststellen;Nach einem Streit sticht ein Mann einmal wuchtig in den Oberkörper seines Gegners und sagt später, er habe ihn „nur verletzen“ wollen.;Welche Indizien tragen den bedingten Tötungsvorsatz und was ist von der „Hemmschwelle“ übrig geblieben?;§§ 15, 212, 224 StGB;BGHSt 57, 183;1+2;Streitstand;4;3;;13.0;Absicht, Wissen, Eventualvorsatz: Die drei Vorsatzformen;4. Vorsatz und Irrtuemer;
Öffentliches Recht;Europarecht;Keine Richtlinie gegen Private: Horizontalwirkung und Auslegung;Eine Kundin will einen an der Haustür geschlossenen Vertrag mit einer Firma nach einer nicht umgesetzten Richtlinie widerrufen.;Keine horizontale Direktwirkung, richtlinienkonforme Auslegung bis zur Grenze contra legem, Sonderwege über Primärrecht und Grundrechte.;Art. 288 III AEUV;"EuGH, Urt. v. 14.07.1994 – C-91/92 (Faccini Dori); EuGH, Urt. v. 13.11.1990 – C-106/89 (Marleasing)";1;Streitstand;4;2;ja;13.0;Nicht umgesetzte Richtlinie: Kann ich mich trotzdem darauf berufen?;"Band 2 › 34.2 Rechtsakte und Wirkung; Teil B › 45. (Examenshinweis)";
Strafrecht;StGB BT;Konkrete Gefahr: Wann ist ein Beinahe-Unfall ein Beinahe-Unfall?;"Ein betrunkener Fahrer gerät auf die Gegenfahrbahn; der Gegenverkehr kann gerade noch ausweichen, sein Beifahrer bleibt unverletzt.";Wann hängt der Schaden „nur noch vom Zufall“ ab – und zählen Beifahrer und Tatfahrzeug als Gefährdungsobjekt?;§ 315c StGB;BGHSt 27, 40;1+2;Streitstand;4;3;;13.0;Gefährdung des Straßenverkehrs § 315c: Die sieben Todsünden;"Band 13 › 21. › § 315c; 36.10";
Zivilrecht;Schuldrecht AT;Lockdown und Ladenmiete: Muss der Mieter voll zahlen?;Das Modegeschäft muss wochenlang schließen – der Vermieter besteht auf der vollen Miete.;Führt eine pandemiebedingte Schließung zur Anpassung der Gewerbemiete nach § 313 BGB, und nach welchen Kriterien?;"§ 313 BGB; Art. 240 § 7 EGBGB";BGH, Urt. v. 12.1.2022 – XII ZR 8/21;1+2;Alltagsfall;3;4;;13.0;Hochzeit im Lockdown abgesagt: Muss die Location voll bezahlt werden?;Band 11 – 13. Störung der Geschäftsgrundlage § 313 und Kündigung aus wichtigem Grund § 314 – § 313;"Art. 240 § 7 EGBGB als befristete Pandemie-Sonderregel; nur für Altfälle"
Öffentliches Recht;Grundrechte;Meisterpflicht: Darf der Staat dir das Fliesenlegen verbieten?;Ein gelernter Fliesenleger ohne Meisterbrief will sich selbständig machen – in seinem Gewerk gilt wieder die Meisterpflicht.;Subjektive Zulassungsvoraussetzung, Gefahrgeneigtheit, Ausnahmebewilligung (§ 8 HwO), Inländerdiskriminierung.;"Art. 12 I, 3 I GG; §§ 1, 7, 8 HwO";BVerfG (K), Beschl. v. 05.12.2005 – 1 BvR 1730/02 (Meisterzwang);1;Alltagsfall;3;4;;13.0;Drei-Stufen-Theorie: Das Apotheken-Urteil;Band 12 › 13. › Art. 12 (Fallanker 'Ausnahme-Handwerker' laut Klassikerliste);Mittel: Wiedereinführung der Meisterpflicht 2020 – aktuelle Anlage A HwO prüfen
Strafrecht;StPO;Prozessualer Tatbegriff: Was darf das Gericht aburteilen?;"Angeklagt ist ein Diebstahl im Kaufhaus; in der Verhandlung stellt sich heraus, dass der Angeklagte danach den Detektiv geschlagen hat.";Was ist die prozessuale Tat nach § 264 StPO und wann braucht es einen Hinweis nach § 265 StPO?;§§ 155, 264, 265, 266 StPO;;1+2;Schema;4;2;;13.0;Konkurrenzen: Tateinheit, Tatmehrheit, Gesetzeskonkurrenz;"38.4 Prozessualer Tatbegriff; 15.6; Band 13 › 33. › Prozessualer Tatbegriff; Band 13 › 33. › § 265 Hinweispflicht";
Strafrecht;StGB AT;Quasi-Kausalität: Hätte die Rettung wirklich geholfen?;Eine Babysitterin ruft zu spät den Notarzt – ob das Kind bei rechtzeitigem Anruf überlebt hätte, bleibt unsicher.;Was bedeutet „mit an Sicherheit grenzender Wahrscheinlichkeit“ und wann bleibt nur Versuch?;§§ 13, 22, 212, 222 StGB;;1;Klausurfehler;4;3;;13.0;Unechtes Unterlassen § 13: Strafbar durch Nichtstun;29.1 Unechtes Unterlassungsdelikt, § 13 StGB;
Öffentliches Recht;Verfassungsprozessrecht;Reform 2024: Warum das Verfassungsgericht jetzt besser geschützt ist;Eine künftige Mehrheit will die Zahl der Verfassungsrichter per einfachem Gesetz verdoppeln – geht das noch?;"Verfassungsrechtliche Verankerung von Struktur, Amtszeit und Zuständigkeiten des BVerfG; Ersatzwahlmechanismus; neue Zitierweise.";"Art. 93, 94 GG n.F.; BVerfGG";;1;Alltagsfall;3;4;;13.0;;"Band 2 › 19. Verfassungsprozessrecht; 31. Verfassungsprozessrecht - aktuelle Systematik";"Hoch: GG-Änderung laut Quelle in Kraft seit 28.12.2024; Artikelzählung und Wahlmechanismus am amtlichen Text verifizieren"
Strafrecht;StPO;Revision: Absolute und relative Revisionsgründe;Im Prozess saß ein Schöffe, der zuvor als Polizist in derselben Sache ermittelt hatte.;Verfahrens- oder Sachrüge, § 338 vs. § 337 StPO und das Beruhen – wie prüft man die Revision?;§§ 333–358 StPO;;1+2;Schema;4;2;;13.0;Berufung im Strafprozess: Noch einmal von vorn?;"41.2 Revision; Band 13 › 34. › Revision";
Strafrecht;StGB AT;Risikoverringerung: Straflos, weil man Schlimmeres verhindert?;Eine Passantin stößt einen Mann zur Seite, damit ein herabfallender Dachziegel ihn nur an der Schulter statt am Kopf trifft.;Fehlt die Zurechnung, wenn der Täter eine bestehende Gefahr nur abschwächt, und wo beginnt die neue Ersatzgefahr?;§ 223 StGB;;1;Abgrenzung;3;3;ja;13.0;Objektive Zurechnung: Der Neffe, das Gewitter und der Blitz;12.3 Risikoverringerung;
Strafrecht;StGB AT;Rücktritt bei mehreren Beteiligten § 24 II;"Drei Täter planen einen Überfall; einer steigt kurz vorher aus und sagt niemandem etwas.";Warum genügt beim Beteiligten bloßes Aufgeben nicht und wann reicht ernsthaftes Bemühen?;§ 24 II StGB;;1;Schema;4;2;;13.0;Rücktritt vom Versuch: Das Schema des § 24 + Mittäterschaft § 25 II: Gemeinsam geplant, gemeinsam verantwortlich;31.4 Ruecktritt bei mehreren Beteiligten, § 24 II StGB;
Öffentliches Recht;Verfassungsprozessrecht;Selbst, gegenwärtig, unmittelbar: Wann darfst du ein Gesetz angreifen?;Ein Gesetz erlaubt heimliche Chatüberwachung – du weißt nicht, ob du je betroffen sein wirst.;Beschwerdebefugnis bei der Rechtssatzverfassungsbeschwerde, Vollzugsakt, heimliche Maßnahmen, Jahresfrist nach § 93 III BVerfGG.;§§ 90 I, 93 III BVerfGG;BVerfGE 100, 313 (Telekommunikationsüberwachung I);1;Klausurfehler;5;2;;13.0;Verfassungsbeschwerde: Das Prüfungsschema in sechs Minuten;"Band 2 › 19.4; 33.";Mittel: BVerfG-Zuständigkeiten nach GG-Änderung (in Kraft 28.12.2024) laut Quelle in Art. 94 GG – Zitierweise vor Produktion am amtlichen GG-Text verifizieren
Strafrecht;StGB BT;Stoffgleichheit: Der Provisionsvertreter-Fall;Ein Zeitschriftenwerber reicht erfundene Abo-Verträge ein, um vom Verlag Provisionen zu kassieren.;Warum muss der erstrebte Vorteil die Kehrseite des Schadens sein – und wer ist hier geschädigt?;§ 263 StGB;BGHSt 21, 384;1;Klassiker-Fall;3;2;ja;13.0;Betrug § 263: Das Prüfungsschema;"13.10 Stoffgleichheit; Band 19 › Stoffgleichheit bei Betrug";
Strafrecht;StGB AT;Verbrechen oder Vergehen? Die Unterscheidung mit großen Folgen;Zwei Freunde verabreden am Küchentisch einen Einbruch und einen Raub – warum ist nur die Raubverabredung schon strafbar?;Wie grenzt § 12 StGB Verbrechen und Vergehen ab und welche Folgen hat das für Versuch, § 30 StGB und Einstellungen?;"§§ 12, 23 I, 30 StGB; §§ 153, 153a StPO";;1+2;Schema;4;2;;13.0;;28.1 Gesetzlichkeitsprinzip und Deliktstypen;
Öffentliches Recht;Staatsorganisationsrecht;Wahlpannen: Wann muss eine Wahl wiederholt werden?;Im Wahllokal gehen um 15 Uhr die Stimmzettel aus, Hunderte stehen um 18 Uhr noch in der Schlange.;Wahlprüfungsverfahren (Einspruch beim Bundestag, Wahlprüfungsbeschwerde), Mandatsrelevanz des Fehlers, Umfang der Wiederholung.;"Art. 41 GG; WahlPrüfG; §§ 13 Nr. 3, 48 BVerfGG";BVerfG, Urt. v. 19.12.2023 – 2 BvC 4/23 (Berliner Bundestagswahl);1;Alltagsfall;3;4;;13.0;Die fünf Wahlrechtsgrundsätze: Was macht eine Wahl demokratisch?;Band 12 › 3. › Wahlrechtsgrundsätze (Wahlprüfung);
Zivilrecht;Sachenrecht;Aus fremdem Holz ein Designertisch: Wer ist Eigentümer?;Die Schreinerin baut aus gelieferten, noch nicht bezahlten Brettern einen teuren Tisch.;Wann erwirbt der Hersteller nach § 950 BGB Eigentum, wer ist „Hersteller“ und was können Verarbeitungsklauseln regeln?;§§ 950, 951 BGB;;1;Streitstand;4;3;;12.5;Eigentum übertragen: Einigung und Übergabe nach § 929 S. 1 BGB;4.7 Verarbeitung, § 950 BGB;
Öffentliches Recht;Baurecht;Ausnahme und Befreiung: Wenn der Bebauungsplan nicht passt;Dein Anbau überschreitet die Baugrenze um einen Meter – die Stadt soll eine Befreiung erteilen.;"§ 31 I (Ausnahme) vs. § 31 II BauGB (Befreiung: Grundzüge der Planung, Gründe, nachbarliche Interessen); Drittschutz.";§ 31 BauGB;;1;Abgrenzung;4;3;;12.5;Was darf ins Wohngebiet? Die Baugebiete der BauNVO;Band 12 › 30. › § 30 (Befreiung § 31);Hoch: § 31 III BauGB n.F. (Befreiung zugunsten Wohnungsbau, seit 30.10.2025) ergänzend darstellen
Öffentliches Recht;Kommunalrecht;Befangen im Rat: Wann ein Ratsmitglied nicht abstimmen darf;Der Rat beschließt einen Bebauungsplan – mit der Stimme eines Ratsherrn, dem die halbe Fläche gehört.;Mitwirkungsverbot, unmittelbarer Vor- oder Nachteil, Folgen für den Beschluss, Heilung und Unbeachtlichkeit.;"Gemeindeordnungen (z. B. § 31 GO NRW, Art. 49 BayGO); § 214 BauGB";;1;Klausurfehler;4;3;;12.5;Ist der Bebauungsplan wirksam? Das Prüfungsschema;Band 12 › 32. › Organe und Kommunalverfassungsstreit (Mitwirkungsverbote);Länder: Gemeindeordnungen unterschiedlich (z. B. Art. 21 BayGO, § 8 GO NRW, § 10 GemO BW) – Zuschnitt: Art. 28 II GG + Normtabelle als Overlay
Strafrecht;StPO;Berufung im Strafprozess: Noch einmal von vorn?;Ein Mann wird vom Amtsgericht zu einer Geldstrafe verurteilt und will „noch mal von vorne“ verhandeln.;Statthaftigkeit, Frist, Annahmeberufung, Beschränkung – was die zweite Tatsacheninstanz leistet.;§§ 312–332 StPO;;1+2;Schema;3;4;;12.5;Verfahrensablauf;"41.1 Berufung; Band 13 › 34. › Berufung";
Öffentliches Recht;Verwaltungsrecht AT;Bescheid oder bloßer Hinweis? VA, Realakt und Auskunft;Das Ordnungsamt schreibt dir: 'Wir weisen darauf hin, dass Ihr Zaun zu hoch ist.' – Bescheid oder Info?;"Regelungswirkung aus dem objektiven Empfängerhorizont; Realakte, Hinweise, Warnungen, Zahlungsaufforderungen; Folgen für den Rechtsschutz.";"§ 35 VwVfG; §§ 133, 157 BGB analog";;1;Abgrenzung;4;3;;12.5;Was ist ein Verwaltungsakt? § 35 VwVfG in sechs Minuten;"Einzelprobleme 8.10 Verwaltungsakt: Adressaten- und Regelungstheorie; Band 12 › 17. › Tatbestandsmerkmale";
Strafrecht;StGB BT;Beteiligung an einer Schlägerei § 231;"Nach einer Massenschlägerei vor einer Disco stirbt ein Teilnehmer; wer den tödlichen Schlag gesetzt hat, bleibt unklar.";Warum ist die schwere Folge nur objektive Bedingung der Strafbarkeit und wer ist „beteiligt“?;§ 231 StGB;;1;Schema;3;4;;12.5;Körperverletzung § 223: Ohrfeige, Haare ab, Spucke;"35.4 Beteiligung an einer Schlaegerei, § 231 StGB; Band 13 › 11. › § 231";
Zivilrecht;Deliktsrecht;Blockade vor dem Werkstor: Recht am Gewerbebetrieb;Aktivisten blockieren tagelang die Zufahrt eines Zementwerks.;Wann ist das Recht am eingerichteten und ausgeübten Gewerbebetrieb verletzt (Betriebsbezogenheit, Auffangfunktion, Interessenabwägung)?;§§ 823 I, 1004 analog BGB;;1;Streitstand;4;3;;12.5;Bagger trifft Stromkabel: Warum der reine Vermögensschaden nicht zählt;Band 11 – 35. Deliktsrecht – § 823 Abs. 1;
Strafrecht;StPO;Der Deal im Strafprozess: Die Verständigung § 257c;Der Angeklagte gesteht, das Gericht stellt eine Bewährungsstrafe in Aussicht – später hält es sich nicht daran.;Was ist verhandelbar, welche Transparenzpflichten gelten und wann entfällt die Bindung?;§§ 257c, 273 Ia, 302 I 2 StPO;BVerfGE 133, 168;1+2;Streitstand;3;4;;12.5;Hauptverhandlung;Band 13 › 32. › Verständigung § 257c;
Strafrecht;StGB AT;Der Lockspitzel: Wenn die Polizei zur Tat verführt;Ein verdeckter Ermittler drängt einen Unbescholtenen über Monate, ein Drogengeschäft einzufädeln.;Ist der agent provocateur Anstifter – und führt rechtsstaatswidrige Tatprovokation zum Verfahrenshindernis?;"§ 26 StGB; Art. 6 EMRK; § 110a StPO";"BGHSt 60, 276; EGMR, Furcht/Deutschland, Urt. v. 23.10.2014";1+2;Streitstand;3;4;;12.5;Anstiftung § 26: Wer den Tatentschluss weckt;Band 13 › 9. › Anstiftung § 26;"Rechtsfolge (Verfahrenshindernis vs. Strafzumessung) zwischen BGH-Senaten umstritten; aktuelle Linie prüfen."
Öffentliches Recht;Grundrechte;Deutschengrundrechte: Was gilt für EU-Bürger und Ausländer?;Ein Spanier in Berlin will eine Demo anmelden – Art. 8 GG schützt aber nur 'Deutsche'.;Persönlicher Schutzbereich, Art. 2 I GG als Auffanggrundrecht, unionsrechtliche Gleichstellung (Art. 18 AEUV).;"Art. 8, 9, 11, 12, 116 GG; Art. 18 AEUV";;1;Streitstand;4;3;;12.5;Grundrechtsprüfung: Schutzbereich, Eingriff, Rechtfertigung;"Band 2 › 32.1 Grundrechtsfunktionen und Berechtigung; Band 12 › 8. › Grundrechtsberechtigung";
Zivilrecht;Sachenrecht;Die fünf Grundprinzipien des Sachenrechts;Warum kannst du „alle Bücher in meinem Regal“ übereignen, aber nicht „die Hälfte meiner Bücher“?;Was bedeuten Publizität, Bestimmtheit, Typenzwang, Absolutheit und Abstraktion im Sachenrecht?;§§ 854, 873, 903, 929 BGB;;1;Schema;4;2;;12.5;Trennungs- und Abstraktionsprinzip: Warum ein Kauf drei Verträge braucht;19. Sachenrecht - Grundprinzipien;
Zivilrecht;Sachenrecht;Direkt vom Hersteller geliefert: Der Geheißerwerb;Der Online-Händler lässt die Couch direkt vom Hersteller zu dir liefern.;Kann die Übergabe durch Personen erfolgen, die auf Geheiß des Veräußerers oder Erwerbers handeln (Streckengeschäft)?;§ 929 S. 1 BGB;;1;Streitstand;4;3;;12.5;Eigentum übertragen: Einigung und Übergabe nach § 929 S. 1 BGB;4.1 Scheingeheißperson und Geheißerwerb;
Zivilrecht;Gesellschaftsrecht;Einlage zurückgezahlt: Wann haftet der Kommanditist wieder?;Der Kommanditist lässt sich seine Einlage zurückzahlen – kurz darauf ist die KG insolvent.;Wie ist die Haftung des Kommanditisten auf die Haftsumme begrenzt (§ 171 HGB) und wann lebt sie wieder auf (§ 172 IV HGB)?;§§ 161, 171–176 HGB;;1;Schema;4;2;;12.5;OHG pleite: Haften die Gesellschafter persönlich? (§ 126 HGB);6.8 Kommanditistenhaftung;
Öffentliches Recht;Verwaltungsprozessrecht;Erledigt sich ein Bescheid, wenn er vollzogen ist?;Du hast die geforderten Abschleppkosten längst bezahlt – kannst du den Bescheid noch anfechten?;"Vollzug ist nicht gleich Erledigung; fortwirkender Rechtsgrund; Rückabwicklung und Folgenbeseitigung; Annex § 113 I 2 VwGO.";"§ 43 II VwVfG; § 113 I 1, 2, 4 VwGO";;1;Klausurfehler;4;3;;12.5;Fortsetzungsfeststellungsklage: Klagen, wenn alles vorbei ist;"Einzelprobleme 8.3 Erledigung durch Vollzug; 8.9 Annexantrag nach § 113 I 2 VwGO; Band 18 › Erledigung durch Vollzug";
Öffentliches Recht;Verwaltungsprozessrecht;Erledigung vor Klageerhebung: Frist und Widerspruch bei der FFK;Der Platzverweis war nach einer Stunde vorbei – du klagst ein halbes Jahr später.;"Analoge Anwendung von § 113 I 4 VwGO; Streit um Vorverfahren und Klagefrist; Grenze Verwirkung; exakte Bestimmung des Erledigungszeitpunkts.";"§ 113 I 4 VwGO analog; §§ 68, 74 VwGO";BVerwGE 109, 203 (keine Klagefrist bei Erledigung vor Fristablauf);1;Streitstand;4;3;;12.5;Fortsetzungsfeststellungsklage: Klagen, wenn alles vorbei ist;"Einzelprobleme 8.2 Doppelt analoge FFK; Band 18 › Vorverfahren und Klagefrist bei Fortsetzungsfeststellungsklage analog";
Öffentliches Recht;Verwaltungsprozessrecht;Faktischer Vollzug: Die Behörde handelt trotz aufschiebender Wirkung;Du hast Widerspruch eingelegt, trotzdem rückt der Bagger an und reißt deinen Carport ab.;Feststellung der aufschiebenden Wirkung analog § 80 V, Rückgängigmachung nach § 80 V 3 VwGO, Art. 19 IV GG.;"§ 80 I, V 3 VwGO analog; Art. 19 IV GG";;1;Streitstand;4;3;;12.5;Eilrechtsschutz nach § 80 V VwGO: Das Grundschema;"Einzelprobleme 8.7 Faktischer Vollzug; 8.8 Annexantrag nach § 80 V 3 VwGO; Band 18 › Faktischer Vollzug";
Zivilrecht;Kaufrecht;Falsch beraten beim Kauf: c.i.c. neben dem Gewährleistungsrecht?;Der Baumarkt-Verkäufer empfiehlt dir den falschen Kleber – die Fliesen fallen wieder ab.;Sperren §§ 434 ff. BGB ab Gefahrübergang Ansprüche aus c.i.c. und gilt das auch bei Vorsatz oder einem selbstständigen Beratungsvertrag?;§§ 280 I, 311 II, 241 II, 437 BGB;BGHZ 180, 205;1;Streitstand;4;3;;12.5;Die Käuferrechte des § 437 BGB auf einen Blick;3.9 c.i.c. und Gewährleistungsrecht;
Öffentliches Recht;Verwaltungsrecht AT;Förderung ohne Gesetz? Vorbehalt des Gesetzes bei Subventionen;Ein Ministerium verteilt Prämien für Lastenräder nur auf Grundlage einer Förderrichtlinie und des Haushaltsplans.;"Abgestufter Gesetzesvorbehalt in der Leistungsverwaltung; Haushaltsansatz plus Verwaltungsvorschrift; Grundrechtsrelevanz (Konkurrenten, Presse).";"Art. 20 III, 3 I GG; §§ 23, 44 BHO";;1;Streitstand;4;3;;12.5;Wesentlichkeitstheorie: Was muss das Parlament selbst entscheiden?;Band 18 › Ermächtigungsgrundlage in der Leistungsverwaltung;
Öffentliches Recht;Verwaltungsprozessrecht;Gebühren sofort zahlen? § 80 II Nr. 1 und der Behördenantrag;Die Stadt verlangt 1.500 Euro Straßenreinigungsgebühren – dein Widerspruch hält die Zahlungspflicht nicht auf.;Öffentliche Abgaben und Kosten (§ 80 II 1 Nr. 1), vorheriger Behördenantrag als Zugangsvoraussetzung (§ 80 VI) und Ausnahmen.;§ 80 II 1 Nr. 1, IV, VI VwGO;;1;Klausurfehler;4;3;;12.5;Eilrechtsschutz nach § 80 V VwGO: Das Grundschema;"Einzelprobleme 8.6 § 80 IV als vorheriger Behördenantrag; Band 18 › Vorheriger Antrag bei § 80 V VwGO";
Zivilrecht;BGB AT;Geschäft für den, den es angeht: Wer ist beim Bäcker Vertragspartner?;Du kaufst im Auftrag deiner Mutter Brötchen, ohne ihren Namen zu nennen.;Welche Ausnahmen vom Offenkundigkeitsprinzip gibt es (Bargeschäft des täglichen Lebens, unternehmensbezogenes Geschäft)?;§ 164 I, II BGB;;1;Streitstand;4;3;;12.5;Stellvertretung in drei Schritten: Wann bindet der Vertreter den Chef?;Band 11 – 5. Stellvertretung – Eigene Willenserklärung und Offenkundigkeit;
Zivilrecht;Bereicherungsrecht;Gestohlene Uhr weiterverkauft: Genehmigen, um an den Erlös zu kommen?;Deine gestohlene Uhr wurde weiterverkauft – du willst lieber das Geld als einen Prozess gegen Unbekannt.;Kann der Eigentümer die Verfügung nach § 185 II BGB genehmigen, um aus § 816 I 1 BGB vorzugehen, und verliert er damit § 985 BGB?;§§ 185, 816 I 1, 985 BGB;;1;Streitstand;4;3;;12.5;Geliehene Gitarre verkauft: Muss der Freund den Erlös herausgeben?;25.2 Nichtleistungskondiktion und § 816 BGB;
Zivilrecht;Sachenrecht;Grundschuld an Investor verkauft: Schutz durch § 1192 Ia BGB;Die Bank verkauft deine Grundschuld an einen Investor, der sofort die Zwangsversteigerung betreibt.;Kann der Eigentümer Einreden aus dem Sicherungsvertrag auch dem Erwerber einer Sicherungsgrundschuld entgegenhalten?;§§ 1157, 1192 Ia BGB;;1;Streitstand;4;3;;12.5;Kredit abbezahlt – warum steht die Grundschuld noch im Grundbuch?;37.10 Hypothek und Grundschuld;"§ 1192 Ia BGB seit 19.8.2008 (Risikobegrenzungsgesetz); Altfälle abweichend"
Zivilrecht;Weitere Vertragstypen;Hurrikan am Urlaubsort: Kostenlos von der Reise zurücktreten?;Eine Woche vor Abflug wird für dein Urlaubsziel ein schwerer Hurrikan vorhergesagt.;Wann darf der Reisende wegen unvermeidbarer außergewöhnlicher Umstände ohne Entschädigung zurücktreten (§ 651h III BGB)?;§ 651h BGB;EuGH, Urt. v. 29.2.2024 – C-584/22 (Kiwi Tours);1;Alltagsfall;2;5;;12.5;Pauschalreise mit Baustelle: Minderung und entgangene Urlaubsfreude;Band 11 – 24. Pauschalreiserecht – Unvermeidbare außergewöhnliche Umstände;Unionsrechtlich geprägte Rspr. zur Pandemie- und Krisenstornierung
Öffentliches Recht;Europarecht;Illegale Beihilfe: Muss eine Firma Staatsgeld zurückzahlen?;Ein Land zahlt einer Aluminiumhütte Millionen, ohne Brüssel zu fragen – Jahre später soll alles zurück.;Art. 107, 108 III AEUV (Durchführungsverbot), Rückforderung, unionsrechtliche Überlagerung von Vertrauensschutz und Frist in § 48 VwVfG.;"Art. 107, 108 AEUV; § 48 VwVfG";EuGH, Urt. v. 20.03.1997 – C-24/95 (Alcan);1;Klassiker-Fall;3;2;ja;12.5;Fördergeld zurück? Die Rücknahme nach § 48 VwVfG + Costa/ENEL: Warum EU-Recht deutsches Recht verdrängt;Einzelprobleme 11.5 Unionsrechtswidrige Beihilfe;
Zivilrecht;BGB AT;Innenvollmacht, Außenvollmacht, Rechtsschein: §§ 167–173 BGB;Die Firma entzieht dem Einkäufer die Vollmacht – der Lieferant erfährt nichts davon.;Wie wird Vollmacht erteilt und beendet und wann schützen §§ 170–173 BGB den Geschäftsgegner?;§§ 167–173 BGB;;1;Schema;4;2;;12.5;Stellvertretung in drei Schritten: Wann bindet der Vertreter den Chef?;6.2 Vollmacht und Rechtsschein;
Zivilrecht;BGB AT;Insichgeschäft: Darf der Vertreter mit sich selbst Verträge schließen?;Der Vater verkauft als Vertreter seiner Tochter ihr geerbtes Auto – an sich selbst.;Wann greift das Verbot des § 181 BGB und wann wird es teleologisch reduziert (lediglich rechtlicher Vorteil)?;§§ 181, 1629 II, 1824 BGB;;1;Streitstand;4;3;;12.5;Stellvertretung in drei Schritten: Wann bindet der Vertreter den Chef?;Band 11 – 5. Stellvertretung – Missbrauch und Insichgeschäft;
Strafrecht;StPO;Klageerzwingungsverfahren: Was tun, wenn der Staatsanwalt einstellt?;Ein Unfallopfer will nicht hinnehmen, dass das Verfahren gegen den Fahrer eingestellt wurde.;Vorschaltbeschwerde, Antrag beim OLG, Anwaltszwang und strenge Darlegungsanforderungen.;§§ 171, 172–177 StPO;;1+2;Schema;3;4;;12.5;Einstellung mangels Tatverdachts § 170 II;"15.1 Klageerzwingungsverfahren; Band 13 › 31. › Klageerzwingung";
Öffentliches Recht;Kommunalrecht;Kommunalverfassungsbeschwerde: Die Gemeinde klagt in Karlsruhe;Ein Bundesgesetz verpflichtet die Gemeinden direkt, neue Betreuungsplätze zu schaffen – ohne die Kosten zu übernehmen.;Zulässigkeit nach Art. 94 I Nr. 4b GG (laut Quelle), § 91 BVerfGG, Subsidiarität zum Landesverfassungsgericht, Durchgriffsverbot (Art. 84 I 7 GG).;"Art. 94 I Nr. 4b GG (laut Quelle; vormals Art. 93 I Nr. 4b); Art. 28 II, 84 I 7 GG; § 91 BVerfGG";BVerfG, Beschl. v. 07.07.2020 – 2 BvR 696/12 (Bildungspaket – Durchgriffsverbot);1;Schema;4;2;;12.5;Verfassungsbeschwerde: Das Prüfungsschema in sechs Minuten + Kommunale Selbstverwaltung: Was darf deine Gemeinde selbst entscheiden?;"Band 2 › 35.2 Kommunalverfassungsbeschwerde; Einzelprobleme 9.15 Kommunalverfassungsbeschwerde - aktuelle Verfassungsnorm";Mittel: BVerfG-Zuständigkeiten nach GG-Änderung (in Kraft 28.12.2024) laut Quelle in Art. 94 GG – Zitierweise vor Produktion am amtlichen GG-Text verifizieren
Öffentliches Recht;Verwaltungsrecht AT;Kopplungsverbot: Wenn die Behörde Gegenleistungen verlangt;Die Stadt erteilt die Baugenehmigung nur, wenn du ihr ein Grundstück für einen Spielplatz schenkst.;"Kopplungsverbot bei Nebenbestimmungen (§ 36 III) und Verträgen (§ 56 VwVfG); sachlicher Zusammenhang und Angemessenheit.";"§§ 36 III, 56, 59 II Nr. 4 VwVfG; § 11 BauGB";;1;Klausurfehler;4;3;;12.5;Nebenbestimmung isoliert anfechten: Der Klausurklassiker;"Band 12 › 19. › Zulässigkeit; 20. › Öffentlich-rechtlicher Vertrag";
Öffentliches Recht;Polizei- und Ordnungsrecht;Latenter Störer: Der Schweinestall und die neuen Nachbarn;Ein Landwirt betreibt seit Jahrzehnten legal einen Stall – dann entsteht nebenan ein Neubaugebiet und der Gestank wird zur 'Gefahr'.;Latente Gefahr, wertende Zurechnung nach Risikosphären, Verhältnis zum baurechtlichen Rücksichtnahmegebot.;Landes-PolG;;1;Streitstand;3;3;ja;12.5;Verhaltensstörer: Die Theorie der unmittelbaren Verursachung;"Einzelprobleme 9.3 Latenter Störer; Band 18 › Latenter Störer";
Zivilrecht;Schuldrecht AT;Leistungspflicht vs. Schutzpflicht: § 241 I und II BGB erklärt;Der Maler streicht die Wand perfekt – und zertritt dabei deine Designervase.;Wie unterscheiden sich Leistungs- und Rücksichtnahmepflichten und welche Anspruchsgrundlagen folgen aus ihrer Verletzung?;§§ 241 I, II, 280 I, 282, 324 BGB;;1;Abgrenzung;4;3;;12.5;Wer will was von wem woraus? Die Zivilrechtsklausur in 6 Minuten;7.1 Schuldverhaeltnis, Pflichten und Schutzbereich;
Zivilrecht;Werkvertragsrecht;Mangel schon während des Baus: Welche Rechte gelten vor der Abnahme?;Schon beim Einbau siehst du, dass die Fenster schief sitzen – abgenommen ist noch nichts.;Kann der Besteller Mängelrechte nach § 634 BGB schon vor der Abnahme geltend machen?;§§ 280, 281, 323, 634 BGB;BGHZ 213, 319;1;Streitstand;4;3;;12.5;Die Abnahme: Der Moment, der im Werkvertrag alles ändert;3.19 Werkrecht: Abnahme als Zäsur;
Strafrecht;StGB AT;Notwehr gegen Kinder, Betrunkene und den eigenen Partner;Ein stark betrunkener Mann greift an einer Haltestelle einen Wartenden an – in einer Variante ist der Angreifer der eigene Ehepartner.;Wie schränkt die Gebotenheit das Notwehrrecht gegenüber schuldlos Handelnden und in engen persönlichen Beziehungen ein?;§ 32 StGB;;1;Streitstand;3;4;;12.5;Notwehr § 32: Das Prüfungsschema;"5.1 Notwehr § 32 StGB; 28.8 Notwehr, § 32 StGB";
Strafrecht;StGB AT;Notwehr gegen den Erpresser?;Ein Mann wird mit kompromittierenden Fotos erpresst und bricht in die Wohnung des Erpressers ein, um die Bilder zu löschen.;Ist die fortdauernde Erpressung ein gegenwärtiger Angriff und ist die Gegenwehr geboten?;§§ 32, 34, 123, 253 StGB;;1;Streitstand;3;4;;12.5;Notwehr § 32: Das Prüfungsschema;28.8 Notwehr, § 32 StGB (erpresserische Drohungen in Sonderlagen);
Zivilrecht;Gesellschaftsrecht;OHG pleite: Haften die Gesellschafter persönlich? (§ 126 HGB);Die Getränkehandel-OHG kann nicht zahlen – die Brauerei verklagt die Gesellschafter.;Wie haften OHG-Gesellschafter nach §§ 126–128 HGB n.F. und welche Einwendungen können sie erheben?;§§ 105, 123–128 HGB;;1;Schema;4;2;;12.5;WG-GbR zahlt nicht: Haften die Gesellschafter privat? (§ 721 BGB);27.2 OHG und KG;MoPeG seit 1.1.2024: Haftung § 126 HGB, Einwendungen § 128 HGB (früher §§ 128, 129 HGB a.F.)
Zivilrecht;Schuldrecht AT;Party geplatzt: Ersatz vergeblicher Aufwendungen nach § 284 BGB;Die gemietete Stadthalle wird kurzfristig nicht überlassen – Flyer und Einladungen waren schon gedruckt.;Wann können vergebliche Aufwendungen statt Schadensersatz verlangt werden, auch bei ideellen Zwecken?;§§ 284, 280 I, III BGB;"BGHZ 99, 182 (Stadthalle); BGHZ 163, 381";1;Streitstand;4;3;;12.5;Schadensersatz statt der Leistung: Fristsetzung richtig gemacht;3.7 Ersatz vergeblicher Aufwendungen, § 284 BGB;
Öffentliches Recht;Europarecht;Recht auf Vergessen II: Karlsruhe prüft die EU-Grundrechtecharta;Eine Frau will, dass ein Suchmaschinen-Treffer über sie verschwindet – und rügt in Karlsruhe ihre EU-Grundrechte.;"Vollharmonisierter Bereich: BVerfG prüft am Maßstab der GRCh; bei Umsetzungsspielraum primär GG; Art. 51 GRCh.";"Art. 51, 53 GRCh; Art. 23 I GG";BVerfGE 152, 216 (Recht auf Vergessen II);1;Streitstand;4;3;;12.5;Solange I und II: Wer schützt deine Grundrechte gegen die EU? + Recht auf Vergessen: Muss dein Name aus dem Online-Archiv?;Band 12 › 35. › Grundrechtecharta;
Zivilrecht;Sachenrecht;Recht zum Besitz: Wann du die fremde Sache behalten darfst;Der Untermieter weigert sich, dem Eigentümer das Wohnmobil herauszugeben.;Wann hat der Besitzer ein eigenes oder abgeleitetes Recht zum Besitz (§ 986 BGB), auch aus einem Anwartschaftsrecht?;§ 986 BGB;;1;Streitstand;4;3;;12.5;„Gib mir meine Sache zurück!“ Der Herausgabeanspruch aus § 985 BGB;21.1 Herausgabeanspruch § 985 BGB;
Zivilrecht;IPR;Rentner an der Costa Blanca: Welches Erbrecht gilt?;Der deutsche Rentner lebt seit zehn Jahren in Spanien und stirbt dort ohne Testament.;Wie bestimmt die EuErbVO das Erbstatut (gewöhnlicher Aufenthalt, Rechtswahl) und was leistet das Europäische Nachlasszeugnis?;Art. 21, 22, 62 ff. EuErbVO;;1;Alltagsfall;2;5;;12.5;IPR in fünf Schritten: Welches Recht gilt bei Auslandsbezug?;Band 11 – 43. Internationales Privatrecht – Sachen-, Familien- und Erbrecht;
Öffentliches Recht;Polizei- und Ordnungsrecht;Sofortvollzug und unmittelbare Ausführung: Handeln ohne Bescheid;Aus einem verlassenen Auto tropft Benzin in den Gully – die Feuerwehr bricht es auf, bevor irgendwer informiert wird.;Sofortiger Vollzug (hypothetischer Grund-VA) vs. unmittelbare Ausführung, Rechtsnatur als Realakt, Rechtsschutz.;"§ 6 II VwVG; Landes-PolG/VwVG";;1;Abgrenzung;4;3;;12.5;Verwaltungsvollstreckung: Das gestreckte Verfahren;"Band 2 › 15.4; Band 12 › 28. › Sofortvollzug";Länder: Modelle unterschiedlich (unmittelbare Ausführung vs. Sofortvollzug) – Zuschnitt: beide Modelle nebeneinander
Öffentliches Recht;Europarecht;Ultra vires: Der Machtkampf zwischen Karlsruhe und Luxemburg;Die EZB kauft Staatsanleihen für Billionen – das BVerfG nennt ein EuGH-Urteil 'schlechterdings nicht mehr nachvollziehbar'.;Ultra-vires- und Identitätskontrolle, Honeywell-Maßstab, PSPP-Konflikt und Vertragsverletzungsverfahren gegen Deutschland.;"Art. 23 I, 79 III GG; Art. 5 EUV; Art. 123, 127 AEUV";"BVerfGE 126, 286 (Honeywell); BVerfGE 154, 17 (PSPP)";1;Streitstand;4;3;;12.5;Solange I und II: Wer schützt deine Grundrechte gegen die EU?;Band 2 › 22.1 (Identitäts- und Ultra-vires-Kontrolle);
Zivilrecht;Schuldrecht AT;Unfall mit dem mangelhaften Auto: Rücktritt trotzdem möglich?;Das mangelhafte Auto wird bei einem selbstverschuldeten Unfall zerstört – danach entdeckt der Käufer den Mangel.;Wie weit reicht die Privilegierung des § 346 III 1 Nr. 3 BGB und ist sie nach Kenntnis des Rücktrittsgrunds teleologisch zu reduzieren?;§ 346 II, III BGB;;1;Streitstand;4;3;;12.5;Nach dem Rücktritt: Muss man für gefahrene Kilometer zahlen?;Teleologische Reduktion von § 346 III Nr. 3 BGB;
Zivilrecht;Schuldrecht AT;Unwirksame Klausel: Warum sie nicht einfach „gerettet“ wird;Die Klausel verlangt, alle drei Jahre sämtliche Räume zu streichen – der Vermieter will sie „auf das Zulässige“ kürzen.;Warum gibt es keine geltungserhaltende Reduktion, und wann erlaubt der Blue-Pencil-Test die Teilaufrechterhaltung?;§§ 306, 307 BGB;;1;Streitstand;4;3;;12.5;AGB-Kontrolle in sieben Schritten: So prüfst du das Kleingedruckte;7.3 Allgemeine Geschaeftsbedingungen;
Strafrecht;StPO;Verschlechterungsverbot: Kann die Strafe im Rechtsmittel steigen?;Ein Angeklagter legt allein Berufung gegen seine Bewährungsstrafe ein – das Landgericht findet sie zu milde.;Wann gilt das Verbot der reformatio in peius und warum nicht beim Einspruch gegen den Strafbefehl?;§§ 331, 358 II, 411 IV StPO;;1+2;Klausurfehler;3;4;;12.5;Berufung im Strafprozess: Noch einmal von vorn? + Revision: Absolute und relative Revisionsgründe;"27. Einstellung, besondere Verfahren und Rechtsbehelfe; 41.1 Berufung";
Strafrecht;StGB BT;Wann beginnt das Menschsein im Strafrecht?;Bei einer Hausgeburt verletzt eine Hebamme das Kind während der Eröffnungswehen tödlich – Tötungsdelikt oder straflose Einwirkung auf die Leibesfrucht?;Ab welchem Zeitpunkt schützen §§ 211 ff., 222 StGB den Menschen und wo gilt nur § 218 StGB?;§§ 212, 218, 222 StGB;BGHSt 32, 194;1;Abgrenzung;3;4;;12.5;Mord oder Totschlag? Die Mordmerkmale im Überblick;14.1 Totschlag und Mord;
Öffentliches Recht;Verwaltungsrecht AT;Öffentlich-rechtlicher Vertrag: Der Deal mit dem Amt;Ein Investor verpflichtet sich per Vertrag, einen Kreisverkehr mitzufinanzieren, damit sein Supermarkt genehmigt wird.;Abgrenzung zu Privatvertrag und VA, Vergleichs- und Austauschvertrag, Schriftform (§ 57), Nichtigkeit (§ 59), Anpassung (§ 60).;"§§ 54–62 VwVfG; § 11 BauGB";;1;Schema;4;2;;12.5;Kopplungsverbot: Wenn die Behörde Gegenleistungen verlangt;"Band 2 › 14.; 26.9 Oeffentlich-rechtlicher Vertrag; Band 12 › 20.";
Öffentliches Recht;Verwaltungsrecht AT;Beliehene: Wenn der TÜV-Prüfer hoheitlich handelt;Der Prüfer verweigert deinem Auto die Plakette – ist das eine Behördenentscheidung?;"Behördenbegriff (§ 1 IV VwVfG), Beliehene vs. Verwaltungshelfer; Folgen für Rechtsschutz und Haftung.";"§ 1 IV VwVfG; § 29 StVZO; Art. 34 GG";BGHZ 49, 108 (Kfz-Sachverständiger als Amtsträger);1;Abgrenzung;3;4;;12.0;Was ist ein Verwaltungsakt? § 35 VwVfG in sechs Minuten;Band 12 › 17. › Tatbestandsmerkmale (Behörde § 1 Abs. 4);
Strafrecht;StGB BT;Braucht Deutschland einen neuen Mordparagrafen?;Der Mordparagraf beschreibt seit 1941 einen „Mörder“ statt eine Tat – warum steht er trotzdem noch im Gesetz?;Tätertypenlehre, zwingende lebenslange Strafe, Reformvorschläge: Was spricht für und gegen eine Neufassung der Tötungsdelikte?;§§ 211, 212, 213 StGB;;1;Streitstand;2;5;;12.0;Mord oder Totschlag? Die Mordmerkmale im Überblick;"14.1 Totschlag und Mord; 35.5";"Mordmerkmale-/Reformdiskussion; keine Gesetzesänderung bis Stand 13.9.2026 bekannt – vor Veröffentlichung prüfen."
Zivilrecht;BGB AT;Der Vertrag mit dem „Wenn“: Bedingung und treuwidrige Vereitelung;Der Vater verspricht das Auto, „wenn du das Examen bestehst“ – und sabotiert dann deine Lernzeit.;Wie wirken aufschiebende und auflösende Bedingungen und wann greifen die Fiktion des § 162 und der Schutz des § 161 BGB?;§§ 158–162 BGB;;1;Schema;3;4;;12.0;Angebot und Annahme: Wann ist ein Vertrag wirklich geschlossen?;4.3 Bedingung und Zeitbestimmung;
Öffentliches Recht;Kommunalrecht;Die Stadt als Konkurrenz: Darf die Kommune dir Kunden wegnehmen?;Die Stadtwerke eröffnen ein Fitnessstudio mit Kampfpreisen – das private Studio nebenan bangt um seine Existenz.;Schrankentrias wirtschaftlicher Betätigung (öffentlicher Zweck, Leistungsfähigkeit, Subsidiarität), Drittschutz, kein Konkurrenzschutz aus Art. 12 GG.;"Gemeindeordnungen (z. B. § 107 GO NRW, Art. 87 BayGO); Art. 12 I GG";;1;Streitstand;3;4;;12.0;Schutznormtheorie: Klagen gegen die Genehmigung eines anderen;Band 12 › 32. › Kommunalwirtschaft;Länder: Gemeindeordnungen unterschiedlich (z. B. Art. 21 BayGO, § 8 GO NRW, § 10 GemO BW) – Zuschnitt: Art. 28 II GG + Normtabelle als Overlay
Zivilrecht;Deliktsrecht;Drei werfen Steine, einer trifft: Wer muss zahlen?;Drei Jugendliche werfen Steine auf ein Gewächshaus, eine Scheibe geht zu Bruch – wer traf, weiß niemand.;Wie löst § 830 I 2 BGB die Beweisnot bei alternativer Kausalität und wie wird dann unter den Beteiligten ausgeglichen?;§§ 830, 840, 426 BGB;;1;Streitstand;3;4;;12.0;Gesamtschuld: Einer zahlt für alle – und dann?;Band 11 – 35. Deliktsrecht – Mehrere Schädiger;
Öffentliches Recht;Europarecht;EU-Institutionen: Wer macht in Brüssel eigentlich was?;Rat, Europäischer Rat, Europarat – drei fast gleiche Namen, drei völlig verschiedene Dinge.;Organe (Art. 13 EUV), ordentliches Gesetzgebungsverfahren, Abgrenzung zu Europarat und EGMR.;"Art. 13–19 EUV; Art. 289, 294 AEUV";;1;Abgrenzung;3;4;;12.0;;"Band 2 › 22.1; 34.1 Institutionen und Kompetenzordnung; Band 12 › 34. › Institutionen und Kompetenzen";
Zivilrecht;Erbrecht;Erben auf Zeit: Vor- und Nacherbschaft;Die Witwe soll alles erben – nach ihrem Tod aber der Enkel, nicht ihr neuer Partner.;Welche Verfügungsbeschränkungen treffen den Vorerben (§ 2113 BGB) und wie grenzt man Vor- und Nacherbschaft vom Berliner Testament ab?;§§ 2100, 2113, 2269 BGB;;1;Abgrenzung;3;4;;12.0;Berliner Testament: Die Falle nach dem ersten Todesfall;Band 11 – 42. Erbrecht – Testament und Erbvertrag;
Zivilrecht;Erbrecht;Erbvertrag geschlossen, dann alles verschenkt: § 2287 BGB;Der Vater hat per Erbvertrag die Tochter eingesetzt – und verschenkt zu Lebzeiten fast alles an seine neue Partnerin.;Welche Bindung erzeugt ein Erbvertrag und wann kann der Vertragserbe beeinträchtigende Schenkungen zurückverlangen?;§§ 2274 ff., 2286, 2287 BGB;;1;Streitstand;3;4;;12.0;Berliner Testament: Die Falle nach dem ersten Todesfall;7.9 Erbvertrag;
Zivilrecht;GoA;Fremdes Foto vermarktet: Wer den Gewinn behalten darf;Ein Händler druckt ohne Erlaubnis das Foto einer Schauspielerin auf T-Shirts und verdient daran.;Wann liegt eine angemaßte Eigengeschäftsführung (§ 687 II BGB) vor und wie unterscheidet sich die Gewinnherausgabe von der Eingriffskondiktion?;§§ 687 II, 681, 667, 812 I 1 Alt. 2 BGB;;1;Abgrenzung;3;4;;12.0;Geschäftsführung ohne Auftrag: Wann bekommt der Helfer seine Kosten?;18. Geschaeftsfuehrung ohne Auftrag;
Zivilrecht;Deliktsrecht;Gefährliche Serie entdeckt: Muss der Hersteller zurückrufen?;Ein Hersteller erfährt, dass die Bremsen einer ganzen Baureihe versagen können.;Folgt aus der Produktbeobachtungspflicht nur eine Warnpflicht oder auch eine Pflicht zu kostenlosem Rückruf und Nachrüstung?;§ 823 I BGB;BGHZ 179, 157 (Pflegebetten);1;Streitstand;3;4;;12.0;Explodierende Flasche: Die Produzentenhaftung nach § 823 I BGB;Band 11 – 36. StVG, Produzentenhaftung und Produkthaftungsgesetz – Produzentenhaftung § 823 Abs. 1;
Zivilrecht;Weitere Vertragstypen;Geschenktes Auto mit Bremsdefekt: Wie haftet der Schenker?;Der Bruder schenkt dir seinen alten Wagen – ein verborgener Bremsdefekt führt zu einem Unfall.;Richtet sich die Haftung für Mangelfolgeschäden bei Schenkungen nach § 524 BGB oder nach §§ 280 I, 241 II BGB mit Maßstab des § 521 BGB?;§§ 521, 524, 280 I, 241 II BGB;;1;Streitstand;3;4;;12.0;Versprochen ist versprochen? Schenkung und Notarform;3.18a Schenkung: § 524 BGB und Mangelfolgeschäden;
Zivilrecht;Sachenrecht;Gestohlenes Bargeld ausgegeben: Die Ausnahmen des § 935 II BGB;Der Dieb bezahlt im Supermarkt mit gestohlenen Scheinen – wem gehört jetzt das Geld?;Warum ist bei Geld, Inhaberpapieren und öffentlicher Versteigerung gutgläubiger Erwerb trotz Abhandenkommens möglich?;§ 935 II BGB;;1;Streitstand;3;4;;12.0;Gestohlen oder verliehen? Warum § 935 BGB den Unterschied macht;4.2 Gutgläubiger Erwerb und Abhandenkommen, § 935 BGB;
Zivilrecht;IPR;IPR in fünf Schritten: Welches Recht gilt bei Auslandsbezug?;Ein deutsches Paar kauft im Italienurlaub ein Auto von einem Franzosen.;Wie wird eine IPR-Frage geprüft (Qualifikation, Kollisionsnorm, Anknüpfung, berufenes Sachrecht, Korrekturen)?;"Art. 3 ff. EGBGB; Rom I-VO; Rom II-VO";;1;Schema;3;4;;12.0;Wer will was von wem woraus? Die Zivilrechtsklausur in 6 Minuten;40. Internationales Privatrecht - Examensschema;
Öffentliches Recht;Staatsorganisationsrecht;Immunität und Indemnität: Stehen Abgeordnete über dem Gesetz?;Ein Abgeordneter beleidigt im Plenum einen Minister und wird am selben Abend mit 80 km/h in der Stadt geblitzt – was gilt?;Indemnität (Art. 46 I GG) vs. Immunität (Art. 46 II–IV GG): Reichweite, Aufhebung durch den Bundestag, Schutzzweck.;"Art. 46 GG; Anlage 6 GO-BT";;1;Abgrenzung;3;4;;12.0;;Band 12 › 2. › Abgeordnetenstatus;
Öffentliches Recht;Staatsorganisationsrecht;Kein Staatsgeld für Verfassungsfeinde: Der Finanzierungsausschluss;Eine Partei ist zu unbedeutend für ein Verbot, soll aber keine Steuergelder mehr bekommen.;"Art. 21 III GG als eigenständiges Instrument ohne Potentialitätserfordernis; Verhältnis zum Parteiverbot.";"Art. 21 III, IV GG; § 46a BVerfGG";BVerfG, Urt. v. 23.01.2024 – 2 BvB 1/19 (Die Heimat, vormals NPD);1;Abgrenzung;3;4;;12.0;Parteiverbot: Warum die NPD 2017 nicht verboten wurde;Band 12 › 3. › Parteien;"Mittel: neue Rspr. 2024; Folgeverfahren beobachten"
Zivilrecht;Familienrecht;Nach der Trennung: Wem gehört der Kaffeevollautomat?;Nach der Trennung streiten beide Ehegatten um den gemeinsam angeschafften Kaffeevollautomaten.;Hat § 1357 BGB auch dingliche Wirkung oder richtet sich das Eigentum nach §§ 929 ff. BGB?;§§ 1357, 929, 1006, 1568b BGB;BGHZ 114, 74;1;Streitstand;3;4;;12.0;Schlüsselgewalt: Haftet dein Ehepartner für deine Einkäufe?;Dingliche Wirkung des § 1357 BGB;
Zivilrecht;GoA;Nachts den Kurzschluss beim Nachbarn repariert: Gibt es Lohn?;Ein Elektriker behebt nachts einen gefährlichen Kurzschluss im Haus des verreisten Nachbarn.;Ist die eigene Arbeitskraft eine ersatzfähige Aufwendung, wenn die Tätigkeit zum Beruf des Geschäftsführers gehört?;"§§ 683 S. 1, 670 BGB; § 1877 III BGB analog";;1;Streitstand;3;4;;12.0;Geschäftsführung ohne Auftrag: Wann bekommt der Helfer seine Kosten?;3.21 GoA: Arbeitsleistung als Aufwendung;"Früher Analogie zu § 1835 III BGB a.F.; seit 1.1.2023 entsprechende Regel in § 1877 III BGB – Verweis prüfen"
Zivilrecht;Erbrecht;Pflichtteilsstrafklausel: Wer den Pflichtteil fordert, verliert das Erbe;Der Sohn verlangt nach dem Tod des Vaters seinen Pflichtteil von der Mutter – was passiert mit seinem Schlusserbe?;Wie wirken Pflichtteilsstraf- und Wiederverheiratungsklauseln im Berliner Testament und wie werden sie ausgelegt?;§§ 2269, 2303 BGB;;1;Streitstand;3;4;;12.0;Berliner Testament: Die Falle nach dem ersten Todesfall;7.8 Gemeinschaftliches Testament und Berliner Testament;
Zivilrecht;Sachenrecht;Uhr ins Pfandhaus: So funktioniert das Pfandrecht;Du bringst deine Uhr ins Pfandhaus und bekommst 300 Euro auf die Hand.;Wie entsteht ein vertragliches Pfandrecht an beweglichen Sachen (§§ 1204 ff. BGB), was bedeutet Akzessorietät und wie wird verwertet?;§§ 1204–1258 BGB;;1;Schema;3;4;;12.0;Eigentum übertragen: Einigung und Übergabe nach § 929 S. 1 BGB;37.7 Pfandrecht;
Zivilrecht;Mietrecht;Vermieterpfandrecht: Darf der Vermieter deine Sachen festhalten?;Der Mieter will nachts heimlich ausziehen – der Vermieter stellt sich vor den Umzugswagen.;Woran entsteht das Vermieterpfandrecht (§ 562 BGB), wann erlischt es und wie weit reicht das Selbsthilferecht (§ 562b BGB)?;§§ 562–562d BGB;;1;Schema;3;4;;12.0;Mietvertrag: Wer muss was? Rechte und Pflichten im Überblick;Band 11 – 19. Mietrecht – Vermieterpfandrecht;
Zivilrecht;Schuldrecht AT;Vertrag zugunsten Dritter: Die Lebensversicherung für die Tochter;Der Vater schließt eine Lebensversicherung ab, ausgezahlt werden soll im Todesfall seine Tochter.;Wann erwirbt ein Dritter einen eigenen Leistungsanspruch nach § 328 BGB und wie hängen Deckungs-, Valuta- und Vollzugsverhältnis zusammen?;§§ 328–335 BGB;;1;Schema;3;4;;12.0;Leistungspflicht vs. Schutzpflicht: § 241 I und II BGB erklärt;Band 11 – 16. Vertrag zugunsten Dritter, Schutzwirkung und Drittschadensliquidation – Vertrag zugunsten Dritter;
Zivilrecht;Bereicherungsrecht;Wissentlich zu viel bezahlt: Warum § 814 BGB die Rückforderung sperrt;Du zahlst die Rechnung, obwohl du weißt, dass sie falsch ist – „damit Ruhe ist“.;Wann schließt Kenntnis der Nichtschuld die Rückforderung aus und wie hilft eine Zahlung unter Vorbehalt?;§§ 814, 815 BGB;;1;Schema;3;4;;12.0;Leistungskondiktion: Etwas erlangt, durch Leistung, ohne Rechtsgrund;25.1 Leistungskondiktion § 812 I 1 Alt. 1 BGB;
Zivilrecht;BGB AT;„War doch nur Spaß!“ – Scherzerklärung und geheimer Vorbehalt;Am Stammtisch bietet dein Kumpel seinen Oldtimer für 1 Euro an – du schlägst ein.;Wie unterscheiden sich geheimer Vorbehalt (§ 116), Scheingeschäft (§ 117) und Scherzerklärung (§ 118) und wer haftet nach § 122 BGB?;§§ 116–118, 122 BGB;;1;Abgrenzung;3;4;;12.0;Trierer Weinversteigerung: Wer winkt, der kauft?;2.9 Geheimer Vorbehalt, Scheingeschäft und Scherzerklärung;
Strafrecht;StGB BT;Absatzhilfe ohne Absatzerfolg: Die Wende des BGH;Ein Mann versucht vergeblich, für einen Dieb gestohlene Uhren an Juweliere zu verkaufen.;Ist Absetzen bzw. Absatzhilfe ohne Absatzerfolg vollendet oder nur versucht – und was gilt für Ersatzhehlerei?;§§ 259, 22 StGB;BGHSt 59, 40;1;Streitstand;4;2;;11.5;Hehlerei: Das verdächtig billige E-Bike;13.15 Hehlerei: Absatzhilfe und Ersatzhehlerei;
Zivilrecht;Sachenrecht;Bürge gegen Grundstückseigentümer: Wettlauf der Sicherungsgeber;Ein Bürge und eine Grundschuldgeberin sichern denselben Kredit – wer muss am Ende zahlen?;Wie ist der Ausgleich zwischen mehreren gleichrangigen Sicherungsgebern zu verteilen, damit nicht der Zufall der Inanspruchnahme entscheidet?;§§ 426, 774, 1143, 1192 BGB;BGHZ 108, 179;1;Streitstand;4;1;ja;11.5;Kredit abbezahlt – warum steht die Grundschuld noch im Grundbuch?;Wettlauf der Sicherungsgeber;
Zivilrecht;Sachenrecht;Fräsmaschinenfall: Gutgläubig ohne Übergabe? §§ 933, 934 BGB;Ein Nichteigentümer übereignet eine Maschine zur Sicherheit, behält sie aber in seiner Halle.;Warum verlangt § 933 BGB eine Übergabe, wann reicht nach § 934 BGB mittelbarer Besitz und was ist vom Nebenbesitz zu halten?;§§ 930–934 BGB;BGHZ 50, 45 (Fräsmaschine);1;Streitstand;4;1;ja;11.5;Eigentum ohne Übergabe: §§ 929 S. 2, 930 und 931 BGB;Band 11 – 28. Eigentumserwerb an beweglichen Sachen – Streitstände, Abgrenzungen und Konkurrenzfragen;
Strafrecht;StGB AT;Gerechtfertigt, ohne es zu wissen? Das subjektive Rechtfertigungselement;A schlägt aus Rache seinen Feind nieder – ohne zu bemerken, dass dieser gerade eine Waffe auf ihn richten wollte.;Vollendung, Versuch oder Straflosigkeit, wenn objektiv eine Rechtfertigungslage bestand, der Täter sie aber nicht kannte?;§§ 22, 23, 32 StGB;;1;Streitstand;4;2;;11.5;Notwehr § 32: Das Prüfungsschema;"Band 19 › Fehlendes subjektives Rechtfertigungselement; 12.9";
Zivilrecht;Weitere Vertragstypen;Maklerprovision: Wann muss man wirklich zahlen?;Die Maklerin zeigt dir eine Wohnung, die du schon aus einem Inserat kanntest.;Welche Voraussetzungen hat der Provisionsanspruch (§ 652 BGB) und welche Sonderregeln gelten beim Wohnungskauf (§§ 656a ff. BGB)?;§§ 652, 656a–656d BGB;;1;Schema;2;5;;11.5;Angebot und Annahme: Wann ist ein Vertrag wirklich geschlossen?;Band 11 – 23. Schenkung, Leihe, Auftrag, Verwahrung und Maklervertrag – Makler;"§§ 656a–656d BGB seit 23.12.2020; Bestellerprinzip bei Wohnraumvermietung nach WoVermittG"
Strafrecht;StGB AT;Omnimodo facturus, Aufstiftung, Umstiftung;Ein Mann will eine Tankstelle nachts leise ausräumen – sein Kumpel überredet ihn, stattdessen den Kassierer mit einer Pistole zu bedrohen.;Kann man einen fest Entschlossenen noch anstiften – und was gilt, wenn man ihn zu einer schwereren Tat umlenkt?;§§ 26, 27, 30 StGB;BGHSt 19, 339;1;Streitstand;4;2;;11.5;Anstiftung § 26: Wer den Tatentschluss weckt;"12.18 Omnimodo facturus; Band 19 › Omnimodo facturus";
Strafrecht;StGB AT;Später eingestiegen: Sukzessive Mittäterschaft und Beihilfe;Während eines laufenden Überfalls kommt ein Bekannter hinzu, hilft beim Tragen der Beute und verlangt seinen Anteil.;Kann ihm bereits Geschehenes zugerechnet werden, und bis wann ist Beihilfe möglich (Vollendung vs. Beendigung)?;§§ 25 II, 27, 257, 259 StGB;;1;Streitstand;4;2;;11.5;Mittäterschaft § 25 II: Gemeinsam geplant, gemeinsam verantwortlich + Beihilfe § 27: Wie viel Hilfe macht strafbar?;"Band 19 › Sukzessive Mittäterschaft; Band 19 › Sukzessive Beihilfe; 12.20";
Zivilrecht;Familienrecht;Unterhalt nach der Trennung: Wer muss wem wie viel zahlen?;Nach der Trennung verdient er gut, sie hat wegen der Kinder jahrelang in Teilzeit gearbeitet.;Wie unterscheiden sich Trennungs-, nachehelicher und Kindesunterhalt und was setzen Bedürftigkeit und Leistungsfähigkeit voraus?;§§ 1361, 1569 ff., 1601 ff. BGB;;1;Schema;2;5;;11.5;Scheidung: Wer bekommt beim Zugewinnausgleich was?;Band 11 – 41. Familienrecht – Unterhalt und Scheidung;
Öffentliches Recht;Baurecht;Veränderungssperre: Die Gemeinde zieht die Notbremse;Kurz bevor über deinen Bauantrag entschieden wird, beschließt die Gemeinde eine Veränderungssperre für dein Grundstück.;Plansicherung (§§ 14, 15, 17 BauGB): Sicherungsbedürfnis, Mindestmaß an Konkretisierung, Verhinderungsplanung, Entschädigung.;§§ 14–18 BauGB;;1;Alltagsfall;3;3;;11.5;Ist der Bebauungsplan wirksam? Das Prüfungsschema;Band 12 › 31. Bauleitplanung (Ergänzung Plansicherung);
Zivilrecht;Sachenrecht;Wegerecht und Wohnrecht: Dienstbarkeiten im Grundbuch;Seit Jahrzehnten fährt der Nachbar über dein Grundstück zu seiner Garage – steht das irgendwo?;Was unterscheidet Grunddienstbarkeit, beschränkte persönliche Dienstbarkeit und Wohnungsrecht, und wie werden sie geschützt?;§§ 1018, 1027, 1090, 1093 BGB;;1;Schema;2;5;;11.5;Hauskauf in drei Schritten: Kaufvertrag, Auflassung, Grundbuch;Band 11 – 34. Dienstbarkeiten, Nießbrauch, Reallast und dingliches Vorkaufsrecht;
Zivilrecht;Digitale Produkte;„Kostenlos“ gegen Daten: Gilt Verbraucherschutz auch ohne Geld?;Die Gratis-App verlangt statt einer Gebühr Zugriff auf deine Kontakte und deinen Standort.;Sind Verträge, bei denen personenbezogene Daten statt Geld hingegeben werden, Verbraucherverträge im Sinne von §§ 312 Ia, 327 III BGB?;§§ 312 Ia, 327 III BGB;;1;Streitstand;2;5;;11.5;Apps, Streaming, Cloud: Das Recht der digitalen Produkte;Band 11 – 18. Verträge über digitale Produkte §§ 327 ff. BGB – Anwendungsbereich und Bereitstellung;"Seit 1.1.2022; Zusammenspiel mit DSGVO"
Strafrecht;StGB BT;BAK-Rückrechnung: Wie viel Promille hatte er am Steuer?;Ein Unfallfahrer hat zwei Stunden nach dem Unfall 0,9 Promille – wie viel hatte er zur Tatzeit?;Wie rechnet man zurück (Resorptionsphase, Abbauwerte, Sicherheitszuschlag) – zugunsten und zulasten?;§§ 316, 20, 21 StGB;;1+2;Schema;3;3;;11.0;Trunkenheit im Verkehr: 0,3 – 0,5 – 1,1 – 1,6 Promille;"14.12 BAK-Berechnung in Klausuren; Band 13 › 21. › BAK und § 316";
Strafrecht;StGB BT;Begünstigung § 257: Beute verstecken für den Freund;Nach einem Einbruch versteckt eine Freundin die Beute in ihrem Keller, damit der Dieb sie behalten kann.;Wie grenzt man Begünstigung von Beihilfe, Hehlerei und Strafvereitelung ab?;§§ 257, 258, 259, 27 StGB;;1;Schema;3;3;;11.0;Beihilfe § 27: Wie viel Hilfe macht strafbar?;"36.3 Beguenstigung und Strafvereitelung; Band 13 › 17. › Begünstigung/Strafvereitelung";
Öffentliches Recht;Verwaltungsrecht AT;Bescheid vom Computer: Der vollautomatisierte Verwaltungsakt;Deine Steuererklärung wird ohne menschliche Prüfung von einer Software beschieden – und ist falsch.;§ 35a VwVfG, Voraussetzungen, Anhörung und Begründung bei automatisierten Verfahren, Art. 22 DSGVO.;"§§ 35a, 24 I 3, 28 II Nr. 4, 39 II Nr. 3 VwVfG; § 155 IV AO; Art. 22 DSGVO";;1;Alltagsfall;2;4;;11.0;Was ist ein Verwaltungsakt? § 35 VwVfG in sechs Minuten;Band 12 › 16. › Verfahren (elektronisches Verwaltungsverfahren);Hoch: Digitalisierung der Verwaltung (OZG 2.0, KI-Einsatz, EuGH-Rspr. zu Art. 22 DSGVO) – Stand prüfen
Strafrecht;StPO;Beweisantrag: Wie die Verteidigung das Gericht zwingt;Der Verteidiger beantragt, einen Zeugen zu hören, der den Angeklagten zur Tatzeit in einer anderen Stadt gesehen haben will.;Was ist ein Beweisantrag, wann darf das Gericht ihn ablehnen und was ist ein bloßer Beweisermittlungsantrag?;§ 244 II–VI StPO;;1+2;Schema;3;3;;11.0;Hauptverhandlung;Band 13 › 29. › Beweisantrag;§ 244 III 1 StPO Legaldefinition seit Dezember 2019.
Strafrecht;StGB BT;Brand für die Versicherung: Die „andere Straftat“ in § 306b II Nr. 2;Ein Gastwirt zündet sein Wohn- und Geschäftshaus an, um anschließend die Versicherung zu betrügen.;Kann der spätere Versicherungsbetrug die „andere Straftat“ sein, deren Ermöglichung die Qualifikation begründet?;§§ 306a, 306b II Nr. 2, 263 StGB;BGHSt 45, 211;1;Streitstand;3;3;;11.0;Brandstiftungssystem;14.10 § 306b II Nr. 2 und „andere Straftat“;
Öffentliches Recht;Staatsorganisationsrecht;Bundesauftragsverwaltung: Darf der Bund einem Land Weisungen geben?;Der Bundesumweltminister weist ein Land an, ein atomrechtliches Genehmigungsverfahren anders zu führen.;"Verwaltungstypen nach Art. 83 ff. GG; Weisungsrecht Art. 85 III GG; Wahrnehmungs- vs. Sachkompetenz; Bund-Länder-Streit.";Art. 83, 84, 85, 87 GG;BVerfGE 81, 310 (Kalkar II);1;Klassiker-Fall;3;1;ja;11.0;Bundesstaat: Warum Bayern andere Regeln hat als Berlin;"Band 2 › 18.4 Bundesverwaltung und Weisung; 30.6; Band 12 › 6. Verwaltungskompetenzen";
Öffentliches Recht;Kommunalrecht;Bürgermeister gegen Rat: Wer entscheidet was?;Der Rat beschließt, die städtische Musikschule zu schließen – der Bürgermeister hält den Beschluss für rechtswidrig.;Zuständigkeitsverteilung, Geschäfte der laufenden Verwaltung, Eilentscheidungsrecht, Beanstandungs- und Widerspruchsrecht des Bürgermeisters.;"Gemeindeordnungen (z. B. §§ 41, 54, 60 GO NRW; Art. 29, 37, 59 BayGO)";;1;Abgrenzung;4;2;;11.0;Kommunalverfassungsstreit: Wenn der Gemeinderat sich selbst verklagt;Band 12 › 32. › Organe und Kommunalverfassungsstreit (Fallanker 'Bürgermeisterchef');Länder: Gemeindeordnungen unterschiedlich (z. B. Art. 21 BayGO, § 8 GO NRW, § 10 GemO BW) – Zuschnitt: Art. 28 II GG + Normtabelle als Overlay
Öffentliches Recht;Verwaltungsprozessrecht;Der Eilbeschluss im 2. Examen: Tenor und Aufbau;Du bist Richterin am VG und musst bis morgen über den Eilantrag eines Nachbarn gegen einen Neubau entscheiden.;Rubrum, Tenor (Anordnung/Wiederherstellung, Kosten nach § 154 VwGO, Streitwert nach §§ 52, 53 GKG), Gründe im Urteilsstil.;"§§ 80, 80a, 122, 123, 154 VwGO; §§ 52, 53 GKG";;2;Schema;4;1;;11.0;Eilrechtsschutz nach § 80 V VwGO: Das Grundschema + Der Bagger rollt schon: Eilrechtsschutz des Nachbarn;"Band 2 › 25.9; Teil B › 38. (Examenshinweis); klassiker.txt › 78. Standardfälle (§ 80a-Eilbeschluss)";
Zivilrecht;Schuldrecht AT;Drittschadensliquidation: Wenn Anspruch und Schaden auseinanderfallen;Die Spedition verliert die verkaufte Ware – den Schaden hat aber der Käufer, nicht der Versender.;Wann darf der Anspruchsinhaber ausnahmsweise den Schaden eines Dritten liquidieren und wie unterscheidet sich das vom Vertrag mit Schutzwirkung?;§§ 249, 280, 285, 447 BGB;;1;Abgrenzung;4;2;;11.0;Vertrag mit Schutzwirkung für Dritte: Das Kind und das Gemüseblatt;3.13 Vertrag mit Schutzwirkung für Dritte und Drittschadensliquidation;
Öffentliches Recht;Staatsorganisationsrecht;Einspruchs- oder Zustimmungsgesetz: Wie viel Macht hat der Bundesrat?;Die Länderkammer blockiert ein Gesetz – der Bundestag will es trotzdem durchsetzen.;Zustimmungsbedürftigkeit nur bei ausdrücklicher Anordnung (z. B. Art. 84 I 6, 104a IV, 105 III GG), Einspruch und Zurückweisung, Änderungsgesetze.;Art. 77, 78, 84 I, 104a IV, 105 III GG;BVerfGE 37, 363 (Zustimmungsbedürftigkeit von Änderungsgesetzen);1;Abgrenzung;4;2;;11.0;Wie ein Bundesgesetz entsteht: Formelle Verfassungsmäßigkeit prüfen;"Band 12 › 4. › Bundesrat; Band 2 › 30.4";
Öffentliches Recht;Staatsorganisationsrecht;Erforderlichkeitsklausel und Abweichungsrecht: Bund gegen Länder;Der Bund regelt den Naturschutz, ein Land weicht ab, danach ändert der Bund erneut – welches Gesetz gilt?;Art. 72 II GG (Erforderlichkeit), Art. 72 III GG (Abweichung, lex posterior), ungeschriebene Kompetenzen.;Art. 72 II, III, 74 GG;BVerfGE 106, 62 (Altenpflegegesetz);1;Schema;4;1;;11.0;Gesetzgebungskompetenz: Bund oder Land? Art. 70 ff. GG;Band 12 › 5. › Kompetenz;
Strafrecht;StGB AT;Extensiver Notwehrexzess: Zugeschlagen, als der Angriff vorbei war;Ein Barkeeper verfolgt einen bereits flüchtenden Angreifer und schlägt ihn draußen voller Angst nieder.;Erfasst § 33 StGB auch das zeitliche Überschreiten der Notwehrlage?;§§ 32, 33 StGB;;1;Streitstand;3;3;;11.0;Notwehrexzess § 33: Aus Panik zu weit gegangen;"12.11 Extensiver Notwehrexzess; Band 19 › Extensiver Notwehrexzess";
Öffentliches Recht;Verwaltungsprozessrecht;FFK in der Verpflichtungssituation: Der verpasste Hallentermin;Deine Initiative wollte die Stadthalle für den 1. Mai – der Tag ist vorbei, die Ablehnung soll trotzdem überprüft werden.;"Fortsetzungsfeststellung bei erledigtem Verpflichtungsbegehren; Bezugspunkt der Feststellung; 'doppelte' Analogie.";§ 113 I 4 VwGO analog;;1;Streitstand;4;2;;11.0;Fortsetzungsfeststellungsklage: Klagen, wenn alles vorbei ist;Einzelprobleme 8.1 Fortsetzungsfeststellungsklage in Verpflichtungssituationen;
Öffentliches Recht;Grundrechte;Haben Unternehmen Grundrechte? Art. 19 III GG;Eine GmbH beruft sich auf ihre Berufsfreiheit, eine Stadtwerke-AG auf ihr Eigentum – geht das?;Wesensmäßige Anwendbarkeit, inländische juristische Personen (inkl. EU), juristische Personen des öffentlichen Rechts und Ausnahmen (Rundfunk, Unis, Kirchen).;Art. 19 III GG;"BVerfGE 129, 78 (Le Corbusier); BVerfGE 143, 246 (Atomausstieg/Vattenfall)";1;Streitstand;4;2;;11.0;Grundrechtsprüfung: Schutzbereich, Eingriff, Rechtfertigung;"Einzelprobleme 10.4 Art. 19 III GG - personale Substrat; Band 18 › Persönliches Substrat juristischer Personen";
Öffentliches Recht;Kommunalrecht;Kommunalaufsicht: Wie weit darf das Land der Stadt reinreden?;Der Landrat beanstandet einen Ratsbeschluss, eine Straße nach einer umstrittenen Person zu benennen.;Rechtsaufsicht vs. Fachaufsicht, Aufsichtsmittel, Opportunitätsprinzip, Rechtsschutz der Gemeinde per Anfechtungsklage.;"Art. 28 II GG; Gemeindeordnungen (Aufsichtsnormen)";;1;Abgrenzung;4;2;;11.0;Kommunale Selbstverwaltung: Was darf deine Gemeinde selbst entscheiden?;"Band 2 › 35.3 Kommunalaufsicht; Band 18 › C. Kommunalrecht";Länder: Gemeindeordnungen unterschiedlich (z. B. Art. 21 BayGO, § 8 GO NRW, § 10 GemO BW) – Zuschnitt: Art. 28 II GG + Normtabelle als Overlay
Zivilrecht;Sachenrecht;Kredit verkauft, Hypothek wandert mit: §§ 1153, 1154 BGB;Die Bank verkauft deinen Hauskredit samt Hypothek an einen Finanzinvestor – obwohl du schon einen Teil getilgt hast.;Wie folgt die Hypothek der Forderung und wann ist ein gutgläubiger Erwerb über §§ 1138, 892 BGB möglich?;§§ 1138, 1153–1155, 892 BGB;;1;Streitstand;4;2;;11.0;Hypothek: Die Sicherheit, die an der Forderung hängt;Trennung von Hypothek und Forderung;
Zivilrecht;Schuldrecht AT;Mangelhafte Maschine steht still: Wie wird der Ausfall ersetzt?;Die gekaufte Produktionsmaschine fällt wegen eines Mangels aus – der Betrieb verliert täglich Umsatz.;Ist der mangelbedingte Nutzungsausfall Schadensersatz neben der Leistung (§ 280 I), Verzögerungsschaden (§§ 280 II, 286) oder statt der Leistung?;§§ 437 Nr. 3, 280 I, II, 286, 252 BGB;BGHZ 181, 317;1;Streitstand;4;2;;11.0;Schadensersatz statt oder neben der Leistung? Die eine Kontrollfrage;3.1a Entgangener Gewinn und Nutzungsausfall im Kaufgewährleistungsrecht;
Zivilrecht;BGB AT;Missbrauch der Vertretungsmacht und Kollusion;Der Prokurist verkauft das Firmenlager an seinen Schwager – weit unter Wert.;"Wann schlägt ein interner Pflichtverstoß des Vertreters auf das Außengeschäft durch (Evidenz, § 242; Kollusion, § 138 BGB)?";§§ 138, 164, 242 BGB;;1;Streitstand;4;2;;11.0;Innenvollmacht, Außenvollmacht, Rechtsschein: §§ 167–173 BGB;2.18 Missbrauch der Vertretungsmacht und Kollusion;
Öffentliches Recht;Verfassungsprozessrecht;Parteien vor dem BVerfG: Organstreit oder Verfassungsbeschwerde?;Eine Partei wird von der Regierung öffentlich angegriffen, eine andere von einer Stadt aus der Stadthalle ausgesperrt.;Parteien als 'andere Beteiligte' im Organstreit bei Streit um den verfassungsrechtlichen Status vs. Verfassungsbeschwerde gegenüber sonstiger Hoheitsgewalt.;"Art. 21 GG; §§ 63, 90 BVerfGG";BVerfGE 4, 27 (Parteien im Organstreit);1;Abgrenzung;4;2;;11.0;Organstreit: Wenn Verfassungsorgane sich verklagen + Verfassungsbeschwerde: Das Prüfungsschema in sechs Minuten;"Band 2 › 19.1; Band 12 › 3. › Parteien";
Öffentliches Recht;Europarecht;Rechtsstaatlichkeit: Kann die EU einem Mitgliedstaat Geld sperren?;Ein Mitgliedstaat baut seine Justiz nach Regierungswünschen um – die EU hält Milliarden an Fördergeldern zurück.;Werte nach Art. 2 EUV, Verfahren nach Art. 7 EUV, Konditionalitätsverordnung, Vertragsverletzung wegen Justizunabhängigkeit (Art. 19 I UAbs. 2 EUV).;"Art. 2, 7, 19 EUV; VO (EU, Euratom) 2020/2092";EuGH, Urt. v. 16.02.2022 – C-156/21 (Ungarn/Parlament und Rat);1;Alltagsfall;2;4;;11.0;EU-Institutionen: Wer macht in Brüssel eigentlich was?;Band 12 › 34. Europarecht – Institutionen, Rechtsquellen (Ergänzung);Hoch: laufende Verfahren und Mittelfreigaben – tagesaktuell prüfen
Öffentliches Recht;Verfassungsprozessrecht;Subsidiarität: Warum du nicht direkt nach Karlsruhe darfst;Gegen ein neues Bußgeld willst du sofort Verfassungsbeschwerde erheben – ohne je bei einem Fachgericht gewesen zu sein.;"Rechtswegerschöpfung (§ 90 II BVerfGG) und Grundsatz der Subsidiarität; Ausnahmen (allgemeine Bedeutung, schwerer Nachteil, Unzumutbarkeit).";§ 90 II BVerfGG;;1;Klausurfehler;4;2;;11.0;Verfassungsbeschwerde: Das Prüfungsschema in sechs Minuten;"Band 2 › 19.4; 33.";
Strafrecht;StGB BT;Urkundenunterdrückung § 274: Den Schuldschein zerreißen;Eine Frau zerreißt heimlich den Schuldschein, den sie ihrem Bruder ausgestellt hat.;Was bedeutet „gehören“ (Beweisführungsrecht) und welche Nachteilszufügungsabsicht ist erforderlich?;§ 274 I Nr. 1 StGB;;1;Schema;3;3;;11.0;Was ist eine Urkunde? Die gefälschte Entschuldigung;"36.6 Urkundenunterdrueckung, § 274 StGB; Band 13 › 19. › §§ 268, 271, 274";
Öffentliches Recht;Verwaltungsrecht AT;Versetzt oder umgesetzt? Außenwirkung im Beamtenverhältnis;Ein Polizeikommissar wird vom Streifendienst in die Aktenverwaltung desselben Präsidiums gesteckt.;"Grund- vs. Betriebsverhältnis; Versetzung (VA) vs. Umsetzung (kein VA); Rechtsschutz über die Leistungsklage.";"§ 35 VwVfG; §§ 27, 28 BBG; § 15 BeamtStG";BVerwGE 60, 144 (Umsetzung);1;Abgrenzung;4;2;;11.0;Was ist ein Verwaltungsakt? § 35 VwVfG in sechs Minuten;Band 18 › Außenwirkung im Beamtenverhältnis;
Öffentliches Recht;Verwaltungsprozessrecht;Verspäteter Widerspruch – und die Behörde entscheidet trotzdem;Du legst zwei Wochen zu spät Widerspruch ein, die Behörde prüft aber inhaltlich und weist zurück.;Sachherrschaft der Widerspruchsbehörde, 'Heilung' der Fristversäumnis, Grenzen beim VA mit Drittwirkung.;§§ 60, 70 VwGO;;1;Streitstand;4;2;;11.0;Widerspruch: Brauche ich den noch – und wie geht er?;"Einzelprobleme 8.4 Sachentscheidung trotz verspäteten Widerspruchs; Band 18 › Sachentscheidung trotz Widerspruchsverfristung";
Öffentliches Recht;Staatshaftungsrecht;Verweisungsprivileg und Vorrang des Primärrechtsschutzes;Du hättest gegen den falschen Bescheid Widerspruch einlegen können, verlangst aber lieber gleich Schadensersatz.;Subsidiarität (§ 839 I 2 BGB) und ihre Einschränkungen, schuldhaft unterlassener Rechtsbehelf (§ 839 III BGB), Spruchrichterprivileg (§ 839 II).;§ 839 I 2, II, III BGB;BGHZ 68, 217 (keine Subsidiarität im allgemeinen Straßenverkehr);1;Klausurfehler;4;2;;11.0;Amtshaftung: Das Prüfungsschema von § 839 BGB und Art. 34 GG;"Einzelprobleme 9.11 Amtshaftung und anderweitige Ersatzmöglichkeit; Band 12 › 33. › Amtshaftung";
Zivilrecht;BGB AT;Vollmacht schon benutzt – kann man sie noch anfechten?;Du bevollmächtigst versehentlich zum Kauf „bis 50.000“ statt „bis 5.000“ Euro – der Vertreter schlägt sofort zu.;Ist eine bereits ausgeübte Innenvollmacht anfechtbar, gegenüber wem, und wer haftet dem Geschäftsgegner?;§§ 119, 122, 142, 143, 167, 179 BGB;;1;Streitstand;4;2;;11.0;Innenvollmacht, Außenvollmacht, Rechtsschein: §§ 167–173 BGB;Anfechtung einer bereits ausgeübten Innenvollmacht;
Strafrecht;StPO;Welches Gericht ist zuständig? Amtsgericht, Landgericht, OLG;Ein Ladendieb, ein Räuber und eine Totschlägerin – vor welchen Gerichten landen sie?;Wie bestimmen GVG und Straferwartung die sachliche Zuständigkeit und den Instanzenzug?;"§§ 24, 25, 28, 74, 120 GVG; §§ 7 ff. StPO";;1+2;Schema;3;3;;11.0;Verfahrensablauf;"38.2 Gerichtsaufbau und Instanzenzug; Band 13 › 26. › Gerichte und Zuständigkeit";
Zivilrecht;Grundlagen & Methodik;Willenserklärung, Rechtsgeschäft, Realakt: Die Bausteine des BGB;Ist eine Mahnung eine Willenserklärung – und warum hängt davon so viel ab?;Wie grenzt man Willenserklärung, geschäftsähnliche Handlung und Realakt ab und welche Elemente (Handlungswille, Erklärungsbewusstsein, Geschäftswille) hat eine Willenserklärung?;§§ 116 ff., 286 I BGB;;1;Abgrenzung;4;2;;11.0;;2.1 Rechtsgeschaeft, Willenserklaerung und Rechtshandlung;
Zivilrecht;Sachenrecht;„Alle Waren in Halle 3“: Bestimmtheit und Übersicherung;Der Unternehmer übereignet seiner Bank „das gesamte Warenlager in Halle 3“.;Wann ist eine Sicherungsübereignung von Sachgesamtheiten bestimmt genug und wie wird Übersicherung korrigiert?;§§ 138, 929, 930 BGB;BGHZ 137, 212 (GSZ);1;Streitstand;4;2;;11.0;Sicherungsübereignung: Du fährst das Auto, aber es gehört der Bank;4.5 Sicherungsübereignung und Bestimmtheit;
Öffentliches Recht;Staatsorganisationsrecht;Demokratieprinzip: Warum jede Behörde auf deine Stimme zurückgeht;Ein nie gewählter Sachbearbeiter im Bauamt entscheidet über dein Haus – wie passt das zur Demokratie?;Wie vermitteln personelle und sachlich-inhaltliche Legitimationskette sowie parlamentarische Verantwortung demokratische Legitimation?;"Art. 20 I, II GG; Art. 38 GG; Art. 79 III GG";BVerfGE 93, 37 (Mitbestimmungsgesetz Schleswig-Holstein);1;Schema;3;3;;10.5;;"Band 2 › 18.1 Staatsstrukturprinzipien; Band 12 › 1. Staatsstrukturprinzipien › Demokratie";
2. Examen;ZV;Drittschuldner zahlt trotzdem: Die Einziehungsklage des Gläubigers;Trotz zugestelltem Pfändungsbeschluss überweist der Mieter der Schuldnerin die Miete weiter direkt an sie.;Warum befreit die Zahlung an den Schuldner nach Zustellung nicht, und wie klagt der Gläubiger die überwiesene Forderung ein?;"§§ 829 I, 835, 836, 840, 841 ZPO; §§ 135, 136 BGB";—;2;Sonderlage;3;3;;10.5;Konto- und Lohnpfändung: So funktioniert der PfÜB;"Band 4 – 25. Vollstreckung wegen Geldforderungen; 45.4 Forderungspfändung";stabil
Zivilrecht;Gesellschaftsrecht;Geschäftsführer kauft Luxusauto gegen den Beschluss: Wirksam?;Der GmbH-Geschäftsführer kauft entgegen einem Gesellschafterbeschluss einen Firmenwagen für 150.000 Euro.;Warum ist die Vertretungsmacht des Geschäftsführers nach außen unbeschränkbar (§ 37 II GmbHG) und wie haftet er intern (§ 43 GmbHG)?;§§ 35, 37, 43 GmbHG;;1;Schema;3;3;;10.5;GmbH-Gründung: Vorgründungsgesellschaft, Vor-GmbH, GmbH;Band 11 – 39. GmbH und Aktiengesellschaft – GmbH-Organe und Vertretung;
Zivilrecht;Gesellschaftsrecht;GmbH leergeräumt: Wann haften Gesellschafter doch persönlich?;Die Gesellschafter schaffen alles Wertvolle aus der GmbH, bevor sie Insolvenz anmeldet.;Wann haften GmbH-Gesellschafter trotz Haftungsbeschränkung persönlich (Existenzvernichtungshaftung nach § 826 BGB, Vermögensvermischung) und wie ergänzen §§ 30, 31 GmbHG den Gläubigerschutz?;"§ 13 II GmbHG; § 826 BGB";BGHZ 173, 246 (Trihotel);1;Streitstand;3;3;;10.5;GmbH-Gründung: Vorgründungsgesellschaft, Vor-GmbH, GmbH;27.3 GmbH und AG;
Zivilrecht;Familienrecht;Kindergrundstück verkaufen: Wann muss das Familiengericht zustimmen?;Die Eltern wollen das geerbte Grundstück ihres achtjährigen Kindes verkaufen.;Wann brauchen Eltern als gesetzliche Vertreter eine familiengerichtliche Genehmigung (§ 1643 i.V.m. §§ 1850 ff. BGB) und wann sind sie von der Vertretung ausgeschlossen?;§§ 1629, 1643, 1824, 1850–1854 BGB;;1;Schema;3;3;;10.5;Insichgeschäft: Darf der Vertreter mit sich selbst Verträge schließen?;Band 11 – 41. Familienrecht – Kindschaft;Vormundschafts- und Betreuungsrechtsreform: §§ 1850 ff. BGB seit 1.1.2023 statt §§ 1821, 1822 a.F.
2. Examen;VwGO-Praxis;Normenkontrolle § 47 VwGO: Wenn der Bebauungsplan fällt;Eine Anwohnerin will den neuen Bebauungsplan kippen, der hinter ihrem Garten ein Gewerbegebiet vorsieht.;Wie prüft das OVG Zulässigkeit und Begründetheit, wie wirken §§ 214, 215 BauGB, und wie lautet der Tenor?;"§ 47 I, II, V, VI VwGO; §§ 214, 215 BauGB";—;2;Schema;3;3;;10.5;;Band 5 – 3.6 Normenkontrolle;stabil
Zivilrecht;BGB AT;Offener und versteckter Dissens: Wenn beide aneinander vorbeireden;Ihr einigt euch auf „100 Dollar“ – er meint US-Dollar, sie kanadische.;Wann scheitert ein Vertrag an einem Einigungsmangel nach §§ 154, 155 BGB und wann gilt er trotzdem?;§§ 154, 155 BGB;;1;Abgrenzung;3;3;;10.5;Auslegung nach Empfängerhorizont: Was du sagst vs. was du meinst;2.6 Dissens, §§ 154, 155 BGB;
2. Examen;ZV;Qualifizierte Klausel: Vollstrecken nach Erbfall und Abtretung;Der Titelgläubiger ist verstorben, und seine Tochter will aus dem Urteil gegen den Schuldner vollstrecken.;Wann braucht man eine titelübertragende Klausel nach §§ 727 ff. ZPO, und wie werden die Nachfolgetatsachen nachgewiesen?;§§ 724–727, 731 ZPO;—;2;Sonderlage;3;3;;10.5;Titel, Klausel, Zustellung: Das Grundschema der Zwangsvollstreckung;Band 4 – 45.2 Vollstreckungsklausel und Rechtsnachfolge;stabil
Strafrecht;StGB BT;Rechtsbeugung § 339: Wann macht sich ein Richter strafbar?;Ein Amtsrichter verurteilt Temposünder bewusst ohne Beweisaufnahme, um seine Akten schneller abzubauen.;Was ist ein elementarer Rechtsverstoß und warum sperrt § 339 andere Delikte?;§ 339 StGB;;1;Schema;2;4;;10.5;;Band 13 › 24. › § 339;
Öffentliches Recht;Staatsorganisationsrecht;Untersuchungsausschuss: Wie viel darf das Parlament ausforschen?;Die Opposition will im Untersuchungsausschuss die privaten Chatverläufe eines Ministers zu einem gescheiterten Großprojekt sehen.;Einsetzung als Minderheitenrecht (Art. 44 GG), Beweiserhebung, Grenzen: Kernbereich exekutiver Eigenverantwortung, Grundrechte, Staatswohl.;"Art. 44 GG; PUAG";BVerfGE 124, 78 (BND-Untersuchungsausschuss);1;Schema;3;3;;10.5;;Band 12 › 2. › Untersuchungsausschuss;
2. Examen;ZV;Vorzugsklage § 805 ZPO: Zuerst bezahlt werden statt stoppen;Der Vermieter hat ein Pfandrecht an den Möbeln seines Mieters, als ein anderer Gläubiger sie pfänden lässt.;Wann ist statt § 771 die Klage auf vorzugsweise Befriedigung einschlägig, und warum hilft sie dem besitzlosen Pfandgläubiger?;"§ 805 ZPO; § 562 BGB";—;2;Sonderlage;3;3;;10.5;Drittwiderspruchsklage: Wenn fremde Sachen gepfändet werden;"Band 4 – 46.4 Vorzugsklage, § 805 ZPO; 26.4";stabil
Strafrecht;StGB BT;§ 184b: Warum die Verschärfung von 2021 zurückgenommen wurde;Eine Mutter leitet ein im Klassenchat kursierendes Missbrauchsvideo an andere Eltern weiter, um sie zu warnen – und wird wegen eines Verbrechens angeklagt.;Was bedeutete die Hochstufung zum Verbrechen für Einstellungen und Strafbefehl – und was hat die Rückstufung 2024 geändert?;"§§ 12, 184b StGB; §§ 153, 153a, 407 StPO";;1;Streitstand;2;4;;10.5;Verbrechen oder Vergehen? Die Unterscheidung mit großen Folgen;"Ergänzung – nicht in der Quelle (Anknüpfung 28.1 Deliktstypen; 38.5 Einstellung)";§ 184b StGB 2021 zum Verbrechen hochgestuft, Mindeststrafen 2024 wieder abgesenkt (Vergehen) – aktuellen Wortlaut prüfen. Sachlich, ohne Bildinhalte.
Öffentliches Recht;Staatshaftungsrecht;Öffentlich-rechtlicher Erstattungsanspruch: Geld zurück vom Staat;Die Stadt bucht versehentlich zweimal die Grundsteuer von deinem Konto ab.;Voraussetzungen, Vorrang spezieller Normen (§ 49a VwVfG, § 37 II AO), Entreicherungseinwand und Vertrauensschutz.;"§ 49a VwVfG; § 37 II AO; §§ 812 ff. BGB (Strukturparallele)";;1;Schema;3;3;;10.5;Wenn der Staat Mist baut: Das System der Staatshaftung;"Band 2 › 17.4; 29.6 Oeffentlich-rechtlicher Erstattungsanspruch";
2. Examen;ZPO;Anwaltsgebühren verstehen: Verfahrens-, Termins-, Einigungsgebühr;Nach einem Vergleich über 12.000 Euro will die Mandantin wissen, was ihr Anwalt eigentlich berechnen darf.;Wie setzen sich die Gebühren nach RVG zusammen, und wie funktioniert die Anrechnung der Geschäftsgebühr auf die Verfahrensgebühr?;"§§ 2, 13, 15a RVG; Nr. 1000, 1003, 2300, 3100, 3104 VV RVG";—;2;Schema;2;4;;10.0;;"Band 4 – 44. Anwaltsgebuehren, Prozesskostenhilfe und Kostenfestsetzung; 22. Rechtsanwaltsgebuehren und Prozesskostenhilfe";"Mittel: RVG-Tabelle zum 1.6.2025 angehoben (KostBRÄG 2025); in der Klausur nur die zugelassene Tabelle verwenden"
Öffentliches Recht;Kommunalrecht;Ausschussbesetzung: Wie viel Platz steht kleinen Fraktionen zu?;Die Ratsmehrheit bildet einen neuen Ausschuss mit nur fünf Sitzen – die Zwei-Personen-Fraktion geht leer aus.;Grundsatz der Spiegelbildlichkeit, Fraktionsstatus, Grundmandat, Zählverfahren, Rechtsschutz im Kommunalverfassungsstreit.;"Gemeindeordnungen (Ausschussbildung); Art. 28 I 2 GG";;1;Alltagsfall;3;2;;10.0;Kommunalverfassungsstreit: Wenn der Gemeinderat sich selbst verklagt;Band 12 › 32. › Organe und Kommunalverfassungsstreit (Fallanker 'Gleichstellungsbeauftragte');Länder: Gemeindeordnungen unterschiedlich (z. B. Art. 21 BayGO, § 8 GO NRW, § 10 GemO BW) – Zuschnitt: Art. 28 II GG + Normtabelle als Overlay
Zivilrecht;Familienrecht;Ehe für alle: Was § 1353 BGB heute regelt;Zwei Frauen heiraten – sind sie rechtlich genauso gestellt wie jedes andere Ehepaar?;Wie ist die Öffnung der Ehe in § 1353 I BGB verfassungsrechtlich einzuordnen und welche Argumente sind heute noch tragfähig?;"§ 1353 I BGB; Art. 6 I GG";;1;Streitstand;2;4;;10.0;;7.3a Gleichgeschlechtliche Ehe und Art. 6 I GG;"Seit 1.10.2017; Reformen im Abstammungsrecht (Mit-Mutterschaft) in Diskussion"
Zivilrecht;Gesellschaftsrecht;Eine Aktie gekauft: Darfst du jetzt dem Vorstand Anweisungen geben?;Du kaufst eine Aktie und willst auf der Hauptversammlung die Firmenstrategie bestimmen.;Wie sind die Kompetenzen von Vorstand, Aufsichtsrat und Hauptversammlung verteilt und wie haftet der Vorstand (§ 93 AktG)?;§§ 76, 93, 111, 119 AktG;;1;Schema;2;4;;10.0;GmbH-Gründung: Vorgründungsgesellschaft, Vor-GmbH, GmbH;39.6 GmbH und AG;
Zivilrecht;IPR;Kinderehe aus dem Ausland: Ordre public, Renvoi und Qualifikation;Ein Paar reist mit einer im Ausland geschlossenen Ehe ein – die Frau war bei der Heirat 15.;Wann wird ausländisches Recht über den ordre public (Art. 6 EGBGB) oder Sonderregeln (Art. 13 III EGBGB) korrigiert und wann gilt ein Renvoi?;Art. 4, 6, 13 III EGBGB;BVerfG, Beschl. v. 1.2.2023 – 1 BvL 7/18;1;Schema;2;4;;10.0;IPR in fünf Schritten: Welches Recht gilt bei Auslandsbezug?;Band 11 – 43. Internationales Privatrecht – Methodik;"Art. 13 III Nr. 1 EGBGB nach BVerfG 2023 nachbesserungsbedürftig; Neuregelung prüfen"
2. Examen;ZV;Zwangshypothek, Versteigerung, Verwaltung: Vollstreckung ins Haus;Der Schuldner hat kein Konto und kein Gehalt, aber ein vermietetes Mehrfamilienhaus.;Welche Form der Immobiliarvollstreckung ist zweckmäßig, und wie bestimmen Rang und geringstes Gebot das Ergebnis?;"§§ 864–867 ZPO; §§ 10, 44, 146 ff. ZVG";—;2;Zweckmäßigkeit;2;4;;10.0;Titel, Klausel, Zustellung: Das Grundschema der Zwangsvollstreckung;Band 4 – 45.6 Unbewegliches Vermoegen;stabil
2. Examen;ZPO;Aufrechnung im Prozess: Rechtskraft und Streitwert nach § 45 III GKG;Ein Kläger fordert 10.000 Euro, der Beklagte rechnet hilfsweise mit 15.000 Euro auf – und das Kostenrisiko verdoppelt sich.;Wie weit reicht die Rechtskraft nach § 322 II ZPO, wann erhöht die Hilfsaufrechnung den Streitwert, und wie wirkt das auf die Kostenquote?;"§ 322 II ZPO; § 45 III GKG; § 92 ZPO";—;2;Klausurfehler;4;1;;9.5;Hilfsaufrechnung: Die Prüfungsreihenfolge, die jeder falsch macht;"Band 4 – 8. Prozessaufrechnung; Band 14 – 3. (Aufrechnung)";stabil
2. Examen;ZPO;Das Rubrum: Warum der erste Absatz schon Punkte kostet;Klägerin ist eine minderjährige Erbin, vertreten durch ihre Mutter, Beklagte eine GmbH & Co. KG in der Insolvenz.;Wie bezeichnet man Parteien, gesetzliche Vertreter und Prozessbevollmächtigte korrekt, und wann hilft die Berichtigung nach § 319 ZPO?;§§ 313 I Nr. 1, 2, 319 ZPO;—;2;Formulierung;4;1;;9.5;;"Band 4 – 41.1 Rubrum; 14.1 Rubrum; Band 20 – Rubrum";stabil
Zivilrecht;Grundlagen & Methodik;Die häufigsten Fehler in der Zivilrechtsklausur;Du kennst alle Streitstände – und fällst trotzdem durch, weil der Aufbau nicht stimmt.;Welche typischen Aufbau- und Einordnungsfehler (Verpflichtung/Verfügung vermischt, Berechtigung vor Einigung, Vermögensschaden unter § 823 I, Verjährung als Erlöschen) kosten in Zivilrechtsklausuren Punkte?;;;1+2;Klausurfehler;4;1;;9.5;Wer will was von wem woraus? Die Zivilrechtsklausur in 6 Minuten;32. Zivilrechtliche Gesamtpruefungsreihenfolge / 41. Zivilrechtliche Schnellkontrolle vor Abgabe;
Zivilrecht;Familienrecht;Doppelname seit 2025: Das neue Namensrecht;Das Brautpaar möchte künftig beide „Müller-Yılmaz“ heißen – geht das jetzt?;Welche Ehe- und Kindesnamen erlauben §§ 1355, 1617 ff. BGB in der seit 1.5.2025 geltenden Fassung?;§§ 1355, 1617 ff. BGB;;1;Schema;1;5;;9.5;Ehe für alle: Was § 1353 BGB heute regelt;29. Familienrecht;"Namensrechtsreform seit 1.5.2025; Übergangsrecht für Altfälle beachten"
2. Examen;VwGO-Praxis;Ermessen im Urteil: § 114 VwGO und das Nachschieben von Gründen;Erst im Prozess schreibt die Behörde, warum sie die Ausnahmegenehmigung eigentlich abgelehnt hat.;Welche Ermessensfehler prüft das Gericht, wann dürfen Erwägungen nach § 114 S. 2 VwGO ergänzt werden, und warum darf das Gericht kein eigenes Ermessen ausüben?;"§ 114 VwGO; §§ 40, 45 II VwVfG";—;2;Klausurfehler;4;1;;9.5;Verpflichtungs- oder Bescheidungsurteil? Spruchreife erklärt;"Band 5 – 8.3 Begründetheit; Band 14 – 7. (Gründe)";stabil
2. Examen;StPO-Praxis;Gutachten sagt Tateinheit, Anklage Tatmehrheit: Der Klassiker;Im Gutachten stehen Einbruchsdiebstahl und Hausfriedensbruch in Tateinheit, in deiner Anklage plötzlich als zwei Taten.;Wie ordnet man die angewendeten Strafvorschriften, und wie hält man Gutachten, Anklagesatz und Normenkette konsistent?;"§§ 52, 53 StGB; § 200 I 1 StPO";—;2;Klausurfehler;4;1;;9.5;Abstrakter Anklagesatz: Gesetzliche Merkmale richtig formulieren;Band 6 – 19. Konkurrenzen und Normenkette in der Anklage;stabil
Zivilrecht;Sachenrecht;Gutgläubiger Erwerb einer Vormerkung: Erst- und Zweiterwerb;Der im Grundbuch Eingetragene bewilligt dir eine Vormerkung – das Grundstück gehört ihm aber gar nicht.;Kann eine Vormerkung gutgläubig erworben werden, beim Ersterwerb analog § 893 BGB und beim Zweiterwerb über § 401 BGB?;§§ 883, 892, 893, 401 BGB;BGHZ 25, 16;1;Streitstand;4;1;;9.5;Vormerkung: Wie der Käufer sein Haus vor dem Doppelverkauf schützt;Band 11 – 32. Grundstücksrecht – Vormerkung;
Öffentliches Recht;Verwaltungsprozessrecht;Maßgeblicher Zeitpunkt: Welche Rechtslage zählt im Prozess?;Während deiner Klage gegen ein Verbot ändert der Landtag das Gesetz – zu deinen Gunsten.;"Materielles Recht bestimmt den Zeitpunkt; Anfechtung (letzte Behördenentscheidung) vs. Verpflichtung (mündliche Verhandlung); Dauer-VA.";§ 113 I, V VwGO;;1+2;Klausurfehler;4;1;;9.5;Anfechtungsklage: Das komplette Prüfungsschema;Band 12 › 23. › Anfechtungsklage (maßgeblicher Zeitpunkt);
Öffentliches Recht;Polizei- und Ordnungsrecht;Muss der Grundbescheid rechtmäßig sein? Der Konnexitätsstreit;Die Beseitigungsverfügung gegen deinen Zaun war rechtswidrig, ist aber bestandskräftig – jetzt kommt das Zwangsgeld.;"Wirksamkeit und Vollziehbarkeit genügen (h.M.) vs. Rechtmäßigkeitserfordernis; Nichtigkeit; Folgen für Rechtsschutz und Kosten.";"Landes-VwVG; §§ 43, 44 VwVfG";BVerfGE 87, 399 (Versammlungsauflösung und Bußgeld);1;Streitstand;4;1;;9.5;Verwaltungsvollstreckung: Das gestreckte Verfahren;"Einzelprobleme 9.6 Rechtmäßigkeit des Grundverwaltungsakts als Vollstreckungsvoraussetzung; Band 18 › (gleichnamiger Abschnitt)";Länder: VwVG/LVwVG/BayVwZVG mit unterschiedlichen Modellen – Zuschnitt: Stufenschema bundeseinheitlich
2. Examen;StPO-Praxis;Nicht beanstandet, Rüge verloren: § 238 II StPO;Der Vorsitzende hat eine Frage der Verteidigung als unzulässig zurückgewiesen, und niemand hat einen Gerichtsbeschluss verlangt.;Wann setzt eine Verfahrensrüge die Anrufung des Gerichts nach § 238 II StPO voraus, und welche weiteren Rügepräklusionen gibt es?;§§ 238 II, 241, 257 StPO;—;2;Klausurfehler;4;1;;9.5;Fehlende Belehrung: Verwertungsverbot nur mit Widerspruch;"Band 6 – 45. Präklusion von Verfahrensrügen; 18.8 Widerspruch und Präklusion";stabil
2. Examen;ZV;Pfändungspfandrecht: Die Theorien-Frage im Assessorexamen;Der Gerichtsvollzieher pfändet beim Schuldner eine Maschine, die in Wahrheit einem Leasinggeber gehört, und versteigert sie.;Was unterscheidet Verstrickung und Pfändungspfandrecht, und welche Folgen haben die Theorien für die Herausgabe des Erlöses?;"§§ 803, 804, 808, 817 ZPO; § 812 BGB";"h.M.: gemischt privat-öffentlichrechtliche Theorie; Rspr. nicht einheitlich";2;Sonderlage;3;1;ja;9.5;Sachpfändung;"Band 20 – Pfändungspfandrecht – Entstehung; Band 4 – 25. Vollstreckung wegen Geldforderungen";stabil
Öffentliches Recht;Baurecht;Planerhaltung: Warum Planungsfehler oft folgenlos bleiben;Die Bekanntmachung des Plans war fehlerhaft – aber niemand hat sich innerhalb eines Jahres beschwert.;§§ 214, 215 BauGB: Beachtlichkeit, Offensichtlichkeit, Kausalität, Rügefrist, ergänzendes Verfahren.;§§ 214, 215 BauGB;;1;Klausurfehler;4;1;;9.5;Abwägungsfehler: Wann ein Bebauungsplan scheitert;"Band 2 › 16.2; Band 12 › 31. › Planverfahren; Abwägung";
Zivilrecht;Sachenrecht;Scheingeheißperson: Übergabe nur zum Schein angewiesen;Der Lieferant glaubt, er liefere auf Weisung des Verkäufers – der wusste von nichts.;Genügt für den gutgläubigen Erwerb, dass der Besitzer sich aus Erwerbersicht scheinbar der Weisung des Veräußerers unterwirft?;§§ 929 S. 1, 932, 935 BGB;BGHZ 36, 56;1;Streitstand;3;1;ja;9.5;Direkt vom Hersteller geliefert: Der Geheißerwerb;Scheingeheißperson;
Öffentliches Recht;Verwaltungsprozessrecht;Sofortvollzug begründen: § 80 III VwGO und der richtige Tenor;Die Behörde begründet die sofortige Vollziehung nur mit 'dem öffentlichen Interesse' – reicht das?;"Besondere schriftliche Begründung (§ 80 III), keine Anhörungspflicht (Streit), Aufhebung der Vollziehungsanordnung bei formellem Fehler; anordnen vs. wiederherstellen.";§ 80 II 1 Nr. 4, III, V VwGO;;1+2;Klausurfehler;4;1;;9.5;Eilrechtsschutz nach § 80 V VwGO: Das Grundschema;"Band 2 › 8.1 § 80 V VwGO; Teil B › 38. (Examenshinweis zum Tenor)";
Strafrecht;StGB BT;Verleitung zur Falschaussage § 160: Der gutgläubige Zeuge;"Eine Frau überzeugt ihre Nachbarin mit einer erfundenen Geschichte, der Unfallgegner sei bei Rot gefahren; die Nachbarin sagt gutgläubig aus.";Warum scheidet mittelbare Täterschaft bei eigenhändigen Aussagedelikten aus und was erfasst § 160 StGB?;§§ 153, 160, 25 I Alt. 2 StGB;;1;Abgrenzung;3;2;;9.5;Falschaussage: Wann ist eine Aussage „falsch“? + Mittelbare Täterschaft: Mit fremden Händen;36.1 Falschaussage und Meineid;
Strafrecht;StGB AT;Versuch beim Unterlassen: Wann beginnt er?;Eine Pflegerin sieht, dass ein Bewohner gestürzt ist und nicht aufstehen kann, und beschließt, erst am Morgen Hilfe zu holen.;Beginnt der Unterlassungsversuch mit der ersten oder der letzten Rettungsmöglichkeit?;§§ 13, 22 StGB;;1;Streitstand;3;2;;9.5;Unechtes Unterlassen § 13: Strafbar durch Nichtstun + Versuch: Das Prüfungsschema mit Vorprüfung;Band 19 › Unmittelbares Ansetzen beim Unterlassungsdelikt;
Strafrecht;StGB AT;Überholende Kausalität: Wenn ein anderer schneller ist;A vergiftet O mit einem langsam wirkenden Mittel, doch bevor es wirkt, stirbt O bei einem Unfall, den B verursacht – und der Todkranke „wäre sowieso gestorben“.;Wann bricht eine spätere Ursache die Kausalität ab und warum bleiben hypothetische Reserveursachen unbeachtlich?;§§ 212, 22, 23 StGB;;1;Abgrenzung;3;2;;9.5;Kausalität einfach erklärt: die conditio-sine-qua-non-Formel;"12.2 Abgebrochene und überholende Kausalität; Band 13 › 2. › Kausalität";
Zivilrecht;Handelsrecht;Einstieg in die Einzelkanzlei: Haftung für alte Schulden?;Ein Anwalt nimmt eine Partnerin in seine bisherige Einzelkanzlei auf – ein alter Gläubiger verklagt beide.;Gilt § 28 HGB auch beim Eintritt in das Unternehmen eines Nichtkaufmanns oder Freiberuflers (Analogie)?;§ 28 HGB;BGHZ 157, 361;1;Streitstand;3;2;;9.0;Café übernommen, alter Name behalten: Haftung für alte Schulden?;6.6 § 28 HGB bei Nichtkaufleuten;
2. Examen;VwGO-Praxis;Erledigung im VwGO-Prozess: § 161 II oder Fortsetzungsfeststellung?;Nach Klageerhebung nimmt die Behörde den angegriffenen Bescheid selbst zurück.;Wie entscheidet das Gericht nach übereinstimmender Erledigung, wann ist die Fortsetzungsfeststellungsklage zweckmäßiger, und was gilt bei einseitiger Erklärung?;§§ 92 III, 113 I 4, 161 II VwGO;—;2;Zweckmäßigkeit;3;2;;9.0;Fortsetzungsfeststellungsklage: Tenor und Feststellungsinteresse;"Band 5 – 14. Erledigung in der Hauptsache; 4.3 Erledigung";stabil
Zivilrecht;Sachenrecht;Haus auf fremdem Grund gebaut: Sachändernde Verwendungen;Jemand baut auf einem Grundstück, das er für seins hält, ein Wohnhaus.;Sind grundlegende Umgestaltungen noch Verwendungen (enger vs. weiter Verwendungsbegriff) und bleibt daneben Raum für §§ 951, 812 BGB?;§§ 994–996, 951, 812 BGB;BGHZ 41, 157;1;Streitstand;3;2;;9.0;Neuer Lack, neuer Motor: Muss der Eigentümer das bezahlen?;4.10 Sachändernde Verwendungen;
Zivilrecht;Kaufrecht;Lieferantenregress: Der Händler holt sich das Geld zurück;Der Fahrradladen muss einem Kunden ein E-Bike ersetzen – und will die Kosten vom Großhändler.;Wie funktioniert der Rückgriff in der Lieferkette nach §§ 445a, 445b, 478 BGB (Aufwendungsersatz, entbehrliche Fristsetzung, Verjährung)?;§§ 445a, 445b, 478 BGB;;1;Schema;3;2;;9.0;Verbrauchsgüterkauf: Warum der Kauf beim Händler anders ist;3.17 Verkäuferregress;
Zivilrecht;Schuldrecht AT;Schaden vor der Rücktrittserklärung: Wer haftet?;Die zurückzugebende Kamera geht kaputt – eine Woche bevor du den Rücktritt erklärst.;Gilt § 346 IV BGB auch für Schäden vor der Rücktrittserklärung oder ist auf §§ 280 ff. BGB aus dem Kaufvertrag zurückzugreifen?;§§ 280, 346 IV, 437 Nr. 2 BGB;;1;Streitstand;3;2;;9.0;Nach dem Rücktritt: Muss man für gefahrene Kilometer zahlen?;3.16a Schadenseintritt vor der Rücktrittserklärung;
Zivilrecht;Handelsrecht;Scheinkaufmann: Wer wie ein Kaufmann auftritt, wird so behandelt;Ein Kleingewerbetreibender nennt sich „e.K.“ und sagt am Telefon eine Bürgschaft zu.;Unter welchen Voraussetzungen muss sich jemand aus Rechtsschein als Kaufmann behandeln lassen und wie weit reicht das?;"§§ 1 ff., 350 HGB; § 242 BGB";;1;Streitstand;3;2;;9.0;Wer ist Kaufmann? Die §§ 1 bis 6 HGB erklärt;Scheinkaufmann – Rechtsfolgen;
Strafrecht;StGB BT;Vereitelung der Zwangsvollstreckung § 288;Ein Schuldner überträgt kurz vor der angekündigten Pfändung sein Auto auf seine Schwester.;Drohende Zwangsvollstreckung, Beiseiteschaffen, Vereitelungsabsicht – wann ist Vermögensverschiebung strafbar?;§ 288 StGB;;1;Schema;2;3;;9.0;;37.4 Vereitelung der Zwangsvollstreckung, § 288 StGB;
Öffentliches Recht;Verwaltungsprozessrecht;Wen verklagen? Rechtsträger- oder Behördenprinzip;Du verklagst 'das Ordnungsamt' – eigentlich müsstest du die Stadt verklagen. Oder doch nicht?;"§ 78 I Nr. 1 (Rechtsträger) vs. Nr. 2 (Behörde nach Landesrecht); Einordnung als Passivlegitimation oder Prozessvoraussetzung.";§§ 61, 78 VwGO;;1;Klausurfehler;3;2;;9.0;Anfechtungsklage: Das komplette Prüfungsschema;Band 2 › 3. Anfechtungsklage (§ 78 VwGO);Länder: Behördenprinzip nur in einzelnen Ländern (z. B. Brandenburg, Mecklenburg-Vorpommern, Saarland) – aktuelle AGVwGO prüfen
Öffentliches Recht;Verwaltungsrecht AT;Wiederaufgreifen: Neuer Beweis nach bestandskräftigem Bescheid;Deine Waffenbesitzkarte wurde bestandskräftig widerrufen – jetzt taucht ein entlastendes Gutachten auf.;Wiederaufgreifen im engeren Sinn (§ 51 VwVfG), Drei-Monats-Frist, Wiederaufgreifen im weiteren Sinn über §§ 48, 49.;§§ 48, 49, 51 VwVfG;;1;Schema;3;2;;9.0;Fördergeld zurück? Die Rücknahme nach § 48 VwVfG;Band 12 › 21. › § 51;
Zivilrecht;Mietrecht;Zehn Jahre Ladenmiete ohne Form: Plötzlich kündbar?;Der Zehnjahresvertrag für das Café ist nicht formgerecht geschlossen – der Vermieter kündigt nach zwei Jahren.;Welche Form verlangt § 550 BGB für langfristige Mietverträge und was gilt heute für Gewerberaum (§ 578 BGB)?;§§ 550, 578 BGB;;1+2;Streitstand;2;3;;8.5;Notar, Unterschrift oder Textform? Die Formvorschriften des BGB;15. Mietrecht;Gewerberaum/Grundstücke: Textform nach § 578 I 2, II 1 BGB statt pauschaler Schriftform – Rechtsstand 2025/2026
2. Examen;ZV;Klauselerinnerung oder Klauselgegenklage? §§ 732, 768 ZPO;Die Klausel wurde einem angeblichen Zessionar erteilt, obwohl die Abtretung nach Ansicht des Schuldners nie wirksam war.;Wie grenzen sich § 732, § 768 und § 767 ZPO ab, je nachdem ob formelle oder materielle Klauselfehler gerügt werden?;§§ 732, 767, 768, 797 ZPO;—;2;Sonderlage;3;1;;7.5;Qualifizierte Klausel: Vollstrecken nach Erbfall und Abtretung;"Band 4 – 45.2 Vollstreckungsklausel und Rechtsnachfolge; Band 14 – 6. (Klauselrechtsbehelfe)";stabil
2. Examen;StPO-Praxis;§ 339 StPO: Die Grenze der Revision der Staatsanwaltschaft;Die Staatsanwaltschaft will das milde Urteil kippen, weil dem Angeklagten kein Pflichtverteidiger bestellt worden war.;Welche Normen schützen ausschließlich den Angeklagten, und wie wirken §§ 296 II, 301 StPO bei staatsanwaltschaftlicher Revision?;§§ 296 II, 301, 339 StPO;—;2;Sonderlage;3;1;;7.5;Absolute Revisionsgründe: Der § 338-Katalog und die Nr. 8;"Band 6 – 46. § 339 StPO bei staatsanwaltschaftlicher Revision; 18.10";Quellenhinweis: Band 14, Nr. 13 („Staatsanwaltschaftliche Revision“) beschreibt § 339 unzutreffend (Verwechslung mit § 302 I 2 StPO) – vor dem Skript korrigieren
2. Examen;ZV;Zubehör und Hypothek: Wann der Gerichtsvollzieher nicht pfänden darf;In einer Bäckerei auf einem belasteten Grundstück pfändet der Gerichtsvollzieher den großen Backofen.;Wann gehören Zubehörstücke zum Haftungsverband der Hypothek, und warum ist ihre Mobiliarpfändung unzulässig?;"§ 865 ZPO; §§ 97, 98, 1120 ff. BGB";—;2;Sonderlage;2;2;;7.0;Sachpfändung;Band 20 – Zubehör im Haftungsverband der Hypothek;stabil
2. Examen;ZPO;Commercial Courts: Englisch vor deutschen Gerichten ab 500.000 €;Ein Maschinenbauer und sein US-Kunde wollen ihren Millionenstreit auf Englisch vor einem deutschen Oberlandesgericht führen.;Wann ist ein Commercial Court nach § 119b GVG zuständig, was erlauben §§ 184a, 184b GVG, und wie schützt § 273a ZPO Geschäftsgeheimnisse?;"§§ 119b, 184a, 184b GVG; § 273a ZPO; §§ 16–20 GeschGehG";keine (Justizstandort-Stärkungsgesetz, in Kraft seit 1.4.2025);2;Sonderlage;1;3;;6.5;Strafrichter, Schöffengericht oder Landgericht? Die Straferwartung;Band 4 – 30.1a Commercial Courts, englische Verfahrensführung und Geheimhaltung;"Hoch: seit 1.4.2025; Einrichtung hängt von Landesverordnungen ab – aktuellen Stand je Land prüfen"
2. Examen;ZPO;Leitentscheidung beim BGH: Das neue Verfahren nach § 552b ZPO;Tausende Parallelkläger warten auf den BGH, doch die ausgewählte Revision wird kurz vor der Verhandlung zurückgenommen.;Wie bestimmt der BGH ein Leitentscheidungsverfahren, was geschieht nach § 565 ZPO bei Rücknahme, und welche Wirkung hat die Leitentscheidung?;§§ 552b, 565 ZPO;keine (Gesetz zur Einführung eines Leitentscheidungsverfahrens, in Kraft seit 31.10.2024);2;Sonderlage;1;3;;6.5;Streitgegenstand und Rechtskraft: Was ist eigentlich entschieden?;Band 4 – 47a. Leitentscheidungsverfahren, §§ 552b, 565 ZPO;"Hoch: seit 31.10.2024; erste Praxis und Evaluierung beobachten; nicht mit Musterfeststellungs- oder Abhilfeklage verwechseln"
Strafrecht;StPO;Berufung per Fax? Die Pflicht zur elektronischen Einreichung;Ein Verteidiger legt 2026 Berufung per Fax ein, weil sein beA-Postfach „hakt“.;Welche Schriftsätze müssen nach § 32d StPO elektronisch eingehen und wann ist Ersatzeinreichung zulässig?;§ 32d StPO;;2;Klausurfehler;2;1;;6.0;Berufung im Strafprozess: Noch einmal von vorn? + Revision: Absolute und relative Revisionsgründe;38.6a Elektronische Übermittlung, § 32d StPO;§ 32d StPO erweitert seit 1.1.2026.
